Date,XLB,XLC,XLE,XLF,XLI,XLK,XLP,XLRE,XLU,XLV,XLY
2016-03-28,18.29741859436035,,20.501544952392578,15.08060359954834,46.41333770751953,19.536128997802734,40.480342864990234,22.46925163269043,17.848342895507812,57.09804153442383,35.119564056396484
2016-03-29,18.399667739868164,,20.598201751708984,15.10755729675293,46.71635818481445,19.84144401550293,40.78049087524414,22.956008911132812,18.112060546875,57.76078414916992,35.4757194519043
2016-03-30,18.48145866394043,,20.63819694519043,15.19515323638916,46.800540924072266,19.958189010620117,41.04983901977539,22.90589714050293,18.068105697631836,57.76927947998047,35.70114517211914
2016-03-31,18.326045989990234,,20.62820053100586,15.16146469116211,46.69110107421875,19.917781829833984,40.83435821533203,23.02043342590332,18.174325942993164,57.59085464477539,35.660552978515625
2016-04-01,18.501907348632812,,20.3515625,15.296236991882324,46.90996551513672,20.070438385009766,41.26533508300781,23.068391799926758,18.243911743164062,58.245113372802734,35.80934143066406
2016-04-04,18.26061248779297,,20.201574325561523,15.2221097946167,46.379669189453125,19.994110107421875,41.28071212768555,23.034748077392578,18.166996002197266,58.94184875488281,35.529815673828125
2016-04-05,18.146099090576172,,20.064918518066406,15.00648021697998,46.09348678588867,19.80103874206543,41.00366973876953,22.828588485717773,17.82636833190918,58.177120208740234,35.22776794433594
2016-04-06,18.354673385620117,,20.49820899963379,15.087342262268066,46.32073974609375,19.994110107421875,41.3268928527832,22.891582489013672,17.804391860961914,59.74052429199219,35.56137466430664
2016-04-07,18.088838577270508,,20.37822151184082,14.804328918457031,45.8746223449707,19.706750869750977,40.88054275512695,22.705476760864258,17.797067642211914,59.08627700805664,35.1601448059082
2016-04-08,18.207443237304688,,20.78818702697754,14.858231544494629,46.051387786865234,19.706750869750977,41.10371398925781,22.920211791992188,17.892295837402344,58.92483139038086,35.10604476928711
2016-04-11,18.28923988342285,,20.70152473449707,14.918878555297852,46.068214416503906,19.65286636352539,40.81127166748047,22.90589714050293,17.81537628173828,58.474525451660156,34.975303649902344
2016-04-12,18.542804718017578,,21.31814193725586,15.10755729675293,46.337581634521484,19.787567138671875,41.06523513793945,23.006113052368164,17.93990707397461,58.95033264160156,35.24128341674805
2016-04-13,18.72684097290039,,21.41813087463379,15.451221466064453,47.027793884277344,19.989620208740234,40.749698638916016,22.918073654174805,17.830028533935547,59.502620697021484,35.737186431884766
2016-04-14,18.73910903930664,,21.468130111694336,15.484911918640137,47.11197280883789,19.985132217407227,40.565006256103516,22.827157974243164,17.80805206298828,59.53658676147461,35.737186431884766
2016-04-15,18.82499122619629,,21.17815589904785,15.430999755859375,47.17930603027344,19.908802032470703,40.818973541259766,22.98464012145996,17.906951904296875,59.49409866333008,35.83637619018555
2016-04-18,18.91087532043457,,21.528121948242188,15.545562744140625,47.22138595581055,19.994110107421875,41.04983901977539,23.070539474487305,17.976533889770508,60.04639434814453,36.17451095581055
2016-04-19,19.315757751464844,,21.958084106445312,15.740974426269531,47.55809783935547,19.88185691833496,41.026763916015625,22.991792678833008,18.005842208862305,60.258827209472656,35.97614669799805
2016-04-20,19.25850486755371,,22.15473175048828,15.862261772155762,47.482330322265625,19.922264099121094,40.565006256103516,22.76273536682129,17.555328369140625,60.58170700073242,36.02122497558594
2016-04-21,19.172624588012695,,22.024744033813477,15.720759391784668,47.36448287963867,19.850425720214844,39.841590881347656,22.235902786254883,17.18906021118164,60.93856430053711,35.894989013671875
2016-04-22,19.307579040527344,,22.344722747802734,15.869001388549805,47.482330322265625,19.504697799682617,39.98781967163086,22.519365310668945,17.34288787841797,61.06602096557617,35.8228645324707
2016-04-25,19.242149353027344,,22.09473991394043,15.83530330657959,47.25505828857422,19.509187698364258,40.264862060546875,22.677553176879883,17.3758487701416,60.828102111816406,35.86344528198242
2016-04-26,19.39754867553711,,22.448041915893555,15.936385154724121,47.67591857910156,19.414894104003906,40.103248596191406,22.74125862121582,17.401493072509766,60.59868240356445,35.9490852355957
2016-04-27,19.56114387512207,,22.874666213989258,15.963336944580078,48.01264190673828,19.325092315673828,40.29564666748047,22.655366897583008,17.654216766357422,60.53071212768555,35.91303253173828
2016-04-28,19.377105712890625,,22.53470230102539,15.79487133026123,47.5496711730957,19.082637786865234,40.33412551879883,22.678272247314453,17.628583908081055,60.241825103759766,35.525325775146484
2016-04-29,19.262592315673828,,22.498035430908203,15.707281112670898,47.27189636230469,18.916501998901367,40.24946975708008,22.46209144592285,17.734798431396484,59.29869079589844,35.70564651489258
2016-05-02,19.33211898803711,,22.474699020385742,15.848779678344727,47.51600646972656,19.055694580078125,40.71123123168945,22.69831657409668,17.877643585205078,59.63856506347656,36.20607376098633
2016-05-03,19.01311683654785,,21.944751739501953,15.646628379821777,47.12881088256836,18.880584716796875,40.63425827026367,22.812847137451172,17.86298942565918,59.45164108276367,35.87245178222656
2016-05-04,18.820903778076172,,21.628116607666016,15.525338172912598,46.54800796508789,18.822214126586914,40.75739669799805,23.142118453979492,18.07176971435547,58.88233947753906,35.710147857666016
2016-05-05,18.72684097290039,,21.804763793945312,15.518599510192871,46.52275466918945,18.831188201904297,40.76511001586914,23.16359519958496,18.00218391418457,59.128753662109375,35.48023986816406
2016-05-06,18.878158569335938,,21.7547664642334,15.585980415344238,46.834205627441406,18.970380783081055,40.97288513183594,23.285274505615234,17.88497543334961,58.7803840637207,35.74170684814453
2016-05-09,18.649133682250977,,21.43812370300293,15.545562744140625,46.62376022338867,18.970380783081055,41.19606018066406,23.520069122314453,17.987525939941406,59.45164108276367,35.840904235839844
2016-05-10,18.9599552154541,,21.81475830078125,15.767916679382324,47.42340850830078,19.21733856201172,41.603946685791016,23.607393264770508,18.005842208862305,59.95294189453125,36.300743103027344
2016-05-11,18.894521713256836,,21.88142204284668,15.599459648132324,47.027793884277344,19.078144073486328,41.27304458618164,23.17790412902832,18.07176971435547,59.230690002441406,35.57040023803711
2016-05-12,18.976316452026367,,21.941423416137695,15.606203079223633,46.926788330078125,19.02426528930664,41.496212005615234,23.25664710998535,18.1779842376709,58.88233947753906,35.63801956176758
2016-05-13,18.792274475097656,,21.66144561767578,15.417524337768555,46.337581634521484,18.952417373657227,40.97288513183594,22.920934677124023,18.090076446533203,58.74641418457031,35.2142448425293
2016-05-16,19.11536979675293,,22.028078079223633,15.498387336730957,46.90996551513672,19.21733856201172,41.23455810546875,23.233739852905273,18.112060546875,59.54507827758789,35.43515396118164
2016-05-17,19.0172061920166,,22.13140296936035,15.410787582397461,46.68269348144531,19.02426528930664,40.426475524902344,22.8486385345459,17.804391860961914,58.92483139038086,35.033905029296875
2016-05-18,18.72684097290039,,21.918088912963867,15.680325508117676,46.52275466918945,19.060178756713867,39.957027435302734,22.285289764404297,17.471086502075195,59.1712532043457,34.83102798461914
2016-05-19,18.792274475097656,,21.92142105102539,15.532074928283691,46.085052490234375,18.956911087036133,40.34951400756836,22.240196228027344,17.646892547607422,58.669952392578125,34.799476623535156
2016-05-20,18.927234649658203,,22.051416397094727,15.63989543914795,46.32073974609375,19.185901641845703,40.1417236328125,22.39194679260254,17.687183380126953,59.213748931884766,35.02939987182617
2016-05-23,19.148075103759766,,21.9947452545166,15.626412391662598,46.236572265625,19.14998435974121,40.180206298828125,22.46209144592285,17.52968978881836,58.97581100463867,34.907684326171875
2016-05-24,19.274864196777344,,22.104736328125,15.862261772155762,46.71635818481445,19.509187698364258,40.51882553100586,22.61241912841797,17.70549774169922,59.82548522949219,35.326961517333984
2016-05-25,19.51206398010254,,22.454710006713867,16.030719757080078,47.03622055053711,19.64388656616211,40.58039855957031,22.76559829711914,17.654216766357422,60.1993522644043,35.52080535888672
2016-05-26,19.303489685058594,,22.361391067504883,15.936385154724121,46.90153503417969,19.706750869750977,40.74201202392578,22.74842643737793,17.855667114257812,60.20783615112305,35.59294509887695
2016-05-27,19.295312881469727,,22.374713897705078,16.044191360473633,47.07830047607422,19.80103874206543,40.788185119628906,22.8378963470459,17.88497543334961,60.479732513427734,35.75973892211914
2016-05-31,19.19715690612793,,22.288055419921875,16.003768920898438,47.069889068603516,19.84144401550293,40.52653121948242,22.8486385345459,18.00218391418457,60.62417221069336,35.72369384765625
2016-06-01,19.221694946289062,,22.294721603393555,16.037464141845703,47.11197280883789,19.792057037353516,40.94209289550781,22.76273536682129,18.049789428710938,60.8450927734375,35.70114517211914
2016-06-02,19.328031539916992,,22.264726638793945,16.071149826049805,47.17088317871094,19.77410125732422,40.95750427246094,22.83431625366211,18.057117462158203,61.62680435180664,35.899505615234375
2016-06-03,19.491619110107422,,22.178068161010742,15.842045783996582,47.12881088256836,19.72919464111328,41.21914291381836,22.93738555908203,18.342809677124023,61.42290115356445,35.66507339477539
2016-06-06,19.692014694213867,,22.66802215576172,15.936385154724121,47.5749397277832,19.765117645263672,41.26533508300781,22.948850631713867,18.317163467407227,61.754268646240234,35.755245208740234
2016-06-07,19.700191497802734,,23.181310653686523,15.902689933776855,47.80219268798828,19.845935821533203,41.21914291381836,22.96746063232422,18.302518844604492,61.371910095214844,35.80031967163086
2016-06-08,19.81470489501953,,23.127981185913086,15.91617202758789,48.105220794677734,19.886348724365234,41.46541976928711,23.077695846557617,18.412395477294922,61.58430862426758,35.840904235839844
2016-06-09,19.67156982421875,,22.951330184936523,15.801610946655273,48.096797943115234,19.890838623046875,41.627037048339844,23.12636375427246,18.569894790649414,61.48234939575195,35.75973892211914
2016-06-10,19.524337768554688,,22.454710006713867,15.606203079223633,47.53285217285156,19.738174438476562,41.657814025878906,23.013267517089844,18.522275924682617,60.98955535888672,35.385555267333984
2016-06-13,19.307579040527344,,22.388050079345703,15.498387336730957,47.019378662109375,19.518169403076172,41.3115119934082,23.006113052368164,18.500303268432617,60.505226135253906,35.19170379638672
2016-06-14,19.164443969726562,,22.374713897705078,15.269279479980469,47.027793884277344,19.563072204589844,41.47311019897461,22.898746490478516,18.599201202392578,60.59868240356445,35.101539611816406
2016-06-15,19.25032615661621,,22.32139015197754,15.28948974609375,47.04463195800781,19.513671875,41.34998321533203,23.134958267211914,18.481992721557617,60.18235397338867,35.200721740722656
2016-06-16,19.315757751464844,,22.214725494384766,15.329926490783691,47.12881088256836,19.55408477783203,41.565460205078125,23.2537784576416,18.599201202392578,60.394779205322266,35.31342315673828
2016-06-17,19.4000186920166,,22.441526412963867,15.317055702209473,47.16859817504883,19.423690795898438,41.397464752197266,23.21769905090332,18.66640281677246,59.76775360107422,35.257774353027344
2016-06-20,19.5109920501709,,22.636119842529297,15.40511703491211,47.60024642944336,19.50490951538086,41.52907180786133,23.23935317993164,18.596240997314453,60.14310836791992,35.57447814941406
2016-06-21,19.45756721496582,,22.904518127441406,15.493188858032227,47.566383361816406,19.640270233154297,41.63746643066406,23.426992416381836,18.62208366394043,59.93838119506836,35.493019104003906
2016-06-22,19.478118896484375,,22.777021408081055,15.479642868041992,47.43095397949219,19.572586059570312,41.66069793701172,23.405345916748047,18.533462524414062,60.10898971557617,35.44327163696289
2016-06-23,19.778152465820312,,23.152780532836914,15.80481243133545,47.98110580444336,19.838796615600586,41.91619110107422,23.506385803222656,18.585159301757812,60.89380645751953,35.79164123535156
2016-06-24,18.915023803710938,,22.404619216918945,14.95800495147705,46.02598190307617,19.076278686523438,41.111000061035156,23.21048355102539,18.614704132080078,59.12791442871094,34.46150207519531
2016-06-27,18.277944564819336,,21.68665313720703,14.531218528747559,44.942623138427734,18.692766189575195,41.02584457397461,23.174396514892578,18.843652725219727,58.334564208984375,33.828094482421875
2016-06-28,18.43412971496582,,22.290552139282227,14.903810501098633,45.70435333251953,19.062742233276367,41.28133010864258,23.60020637512207,18.913806915283203,59.46914291381836,34.502220153808594
2016-06-29,18.746501922607422,,22.713279724121094,15.242530822753906,46.51688003540039,19.356014251708984,41.761348724365234,24.047672271728516,18.96550750732422,60.603790283203125,35.058712005615234
2016-06-30,19.046550750732422,,22.894454956054688,15.486413955688477,47.40557098388672,19.568071365356445,42.69815444946289,24.242536544799805,19.375396728515625,61.175350189208984,35.31659698486328
2016-07-01,19.054763793945312,,23.015226364135742,15.40511703491211,47.557926177978516,19.61319351196289,42.496849060058594,24.22810173034668,19.37908172607422,61.55924987792969,35.68305587768555
2016-07-05,18.709514617919922,,22.552242279052734,15.174789428710938,47.126277923583984,19.46881103515625,42.736873626708984,24.404922485351562,19.52310562133789,61.49953842163086,35.39350891113281
2016-07-06,18.78349494934082,,22.649538040161133,15.215433120727539,47.36324691772461,19.60417938232422,42.77556610107422,24.37245750427246,19.563722610473633,62.19054412841797,35.696632385253906
2016-07-07,18.83281707763672,,22.418045043945312,15.235760688781738,47.49020767211914,19.60417938232422,42.69040298461914,24.069320678710938,19.201839447021484,62.09669876098633,35.850467681884766
2016-07-08,19.301374435424805,,22.71663475036621,15.527064323425293,48.43816375732422,19.910972595214844,43.11623764038086,24.486480712890625,19.4012451171875,62.86449432373047,36.47481155395508
2016-07-11,19.39590835571289,,22.7602481842041,15.615128517150879,48.74284362792969,20.028291702270508,43.12397003173828,24.675567626953125,19.386470794677734,62.69386291503906,36.68745040893555
2016-07-12,19.74938201904297,,23.32389259338379,15.811590194702148,49.19142532348633,20.19071388244629,42.89170837402344,24.726093292236328,19.120595932006836,63.0009651184082,36.83222579956055
2016-07-13,19.802812576293945,,23.122581481933594,15.811590194702148,49.309913635253906,20.195222854614258,43.1317138671875,24.841564178466797,19.272001266479492,62.97539520263672,36.6512565612793
2016-07-14,19.979557037353516,,23.240013122558594,15.960627555847168,49.68232727050781,20.326072692871094,43.12397003173828,24.703723907470703,19.14645004272461,63.24837112426758,36.800575256347656
2016-07-15,20.049427032470703,,23.226591110229492,15.93353271484375,49.673866271972656,20.30802345275879,43.12397003173828,24.66762924194336,19.201839447021484,63.197166442871094,36.6376838684082
2016-07-18,20.180952072143555,,23.24336814880371,15.987728118896484,49.631553649902344,20.443378448486328,43.07750701904297,24.675567626953125,19.257232666015625,63.22279357910156,36.7779426574707
2016-07-19,20.06175994873047,,23.112524032592773,15.994498252868652,49.65693283081055,20.39826202392578,43.046546936035156,24.746301651000977,19.223995208740234,63.086299896240234,36.710079193115234
2016-07-20,20.06998062133789,,23.0789794921875,16.02159309387207,49.750038146972656,20.664461135864258,42.89170837402344,24.711652755737305,19.11321449279785,63.65786361694336,36.863895416259766
2016-07-21,19.946670532226562,,22.850831985473633,15.94030475616455,49.24222183227539,20.556177139282227,42.76784133911133,24.783828735351562,19.227685928344727,63.84552001953125,36.76436233520508
2016-07-22,20.000104904174805,,22.921289443969727,16.04191780090332,49.335323333740234,20.677997589111328,42.96913146972656,24.971471786499023,19.482481002807617,63.97349166870117,36.918190002441406
2016-07-25,19.967227935791016,,22.465011596679688,16.008052825927734,49.07294464111328,20.65092658996582,42.92267608642578,24.935392379760742,19.44924545288086,63.905250549316406,36.97700119018555
2016-07-26,20.119295120239258,,22.595855712890625,16.02159309387207,49.47920227050781,20.6960391998291,42.58975601196289,24.79465103149414,19.279380798339844,63.79433822631836,36.931758880615234
2016-07-27,20.143962860107422,,22.374431610107422,16.01482391357422,49.28453063964844,20.86749839782715,41.954891204833984,24.610612869262695,19.057825088500977,64.08440399169922,36.81865310668945
2016-07-28,20.115190505981445,,22.377784729003906,16.04869270324707,49.26759719848633,20.88103675842285,42.140716552734375,24.762184143066406,19.13167953491211,64.02468872070312,36.886512756347656
2016-07-29,20.012435913085938,,22.605915069580078,16.02159309387207,49.123722076416016,20.95773696899414,42.34975051879883,25.02777099609375,19.24615478515625,64.15266418457031,36.9272575378418
2016-08-01,19.901460647583008,,21.86111831665039,15.980951309204102,49.064476013183594,20.99834442138672,42.39621353149414,25.108598709106445,19.257232666015625,64.56211853027344,36.986061096191406
2016-08-02,19.848024368286133,,22.059059143066406,15.845460891723633,48.607425689697266,20.840421676635742,42.334266662597656,24.726093292236328,19.13167953491211,64.3147201538086,36.43408966064453
2016-08-03,19.89734649658203,,22.485137939453125,16.008052825927734,48.84440612792969,20.912616729736328,42.10200119018555,24.538440704345703,19.0172119140625,64.13557434082031,36.538143157958984
2016-08-04,19.979557037353516,,22.45158576965332,15.967403411865234,48.8613395690918,21.025413513183594,42.19490432739258,24.495140075683594,19.006128311157227,64.041748046875,36.520057678222656
2016-08-05,20.04531478881836,,22.6562442779541,16.272249221801758,49.35224151611328,21.22844696044922,42.26459884643555,24.495140075683594,18.732872009277344,64.19530487060547,36.90462112426758
2016-08-08,20.086416244506836,,22.958192825317383,16.29257583618164,49.41994857788086,21.22393798828125,42.2181396484375,24.487924575805664,18.725482940673828,63.649330139160156,36.7824592590332
2016-08-09,20.02476692199707,,22.837413787841797,16.30611801147461,49.40302276611328,21.269058227539062,42.34975051879883,24.653915405273438,18.72179412841797,63.80288314819336,36.67388153076172
2016-08-10,20.028881072998047,,22.589149475097656,16.177410125732422,49.37762451171875,21.20137596130371,42.504600524902344,24.60340118408203,18.725482940673828,63.5895881652832,36.75079345703125
2016-08-11,20.115190505981445,,22.921289443969727,16.21128273010254,49.699256896972656,21.2780818939209,42.504600524902344,24.37245750427246,18.769798278808594,63.956443786621094,37.11726379394531
2016-08-12,19.901460647583008,,23.048770904541016,16.16385841369629,49.5638427734375,21.25551986694336,42.65169906616211,24.45184326171875,18.795644760131836,63.79433822631836,37.09916305541992
2016-08-15,20.102859497070312,,23.233304977416992,16.272249221801758,49.8939208984375,21.359289169311523,42.543304443359375,24.4229679107666,18.50762176513672,63.905250549316406,37.17155456542969
2016-08-16,19.996000289916992,,23.27020835876465,16.23160743713379,49.673866271972656,21.20137596130371,42.357479095458984,24.127065658569336,18.28974723815918,63.333675384521484,36.95891571044922
2016-08-17,19.979557037353516,,23.34066390991211,16.285797119140625,49.817745208740234,21.192350387573242,42.473628997802734,24.22810173034668,18.563003540039062,63.46162414550781,36.87294006347656
2016-08-18,20.106969833374023,,23.8204288482666,16.272249221801758,49.970096588134766,21.20137596130371,42.620731353759766,24.177587509155273,18.791955947875977,63.48721694946289,36.85032272338867
2016-08-19,20.135740280151367,,23.622495651245117,16.265480041503906,49.953163146972656,21.21491241455078,42.52007293701172,23.989940643310547,18.563003540039062,63.43603515625,36.87294006347656
2016-08-22,20.106969833374023,,23.350727081298828,16.265480041503906,49.910850524902344,21.21491241455078,42.58202362060547,24.10541343688965,18.61100959777832,63.56401824951172,36.83675003051758
2016-08-23,20.27959442138672,,23.515119552612305,16.285797119140625,49.953163146972656,21.291614532470703,42.496849060058594,24.09097671508789,18.529775619506836,63.62370681762695,37.022247314453125
2016-08-24,20.04531478881836,,23.421180725097656,16.279033660888672,49.800819396972656,21.1743106842041,42.42717361450195,24.02602195739746,18.52239227294922,62.625587463378906,36.84580612182617
2016-08-25,20.143962860107422,,23.35744285583496,16.312898635864258,49.7923583984375,21.219425201416016,42.26459884643555,24.127065658569336,18.533462524414062,62.09669876098633,36.72364807128906
2016-08-26,20.028881072998047,,23.276912689208984,16.333221435546875,49.64846420288086,21.22844696044922,42.04780960083008,23.88889503479004,18.149431228637695,62.33555603027344,36.61958694458008
2016-08-29,20.209720611572266,,23.434600830078125,16.475486755371094,50.00395584106445,21.309659957885742,42.295562744140625,24.127065658569336,18.297138214111328,62.4720573425293,36.74626541137695
2016-08-30,20.160398483276367,,23.354084014892578,16.624526977539062,49.868526458740234,21.237470626831055,42.04780960083008,24.054893493652344,18.10512351989746,62.2587890625,36.54267120361328
2016-08-31,19.959001541137695,,22.985031127929688,16.638076782226562,49.5892333984375,21.20137596130371,42.10200119018555,24.09097671508789,18.17896842956543,62.07109069824219,36.447654724121094
2016-09-01,20.041200637817383,,22.91793441772461,16.570331573486328,49.631553649902344,21.269058227539062,42.117488861083984,24.083763122558594,18.08665657043457,61.90901184082031,36.520057678222656
2016-09-02,20.242605209350586,,23.176265716552734,16.64484214782715,49.87700653076172,21.363801956176758,42.442649841308594,24.242536544799805,18.326675415039062,61.97726821899414,36.592437744140625
2016-09-06,20.197391510009766,,23.525182723999023,16.61775016784668,49.733116149902344,21.472089767456055,42.535560607910156,24.444622039794922,18.526079177856445,62.199073791503906,36.66030502319336
2016-09-07,20.16861915588379,,23.659385681152344,16.61097526550293,49.7923583984375,21.52623748779297,42.163944244384766,24.566513061523438,18.529775619506836,62.199073791503906,36.67839813232422
2016-09-08,20.08230972290039,,24.10224151611328,16.59742546081543,49.750038146972656,21.350263595581055,41.93168258666992,24.254535675048828,18.592548370361328,62.25025939941406,36.3616943359375
2016-09-09,19.498661041259766,,23.384275436401367,16.285797119140625,48.34504699707031,20.826885223388672,40.79356384277344,23.33310317993164,17.89463233947754,61.00471878051758,35.48398971557617
2016-09-12,19.683624267578125,,23.615772247314453,16.468717575073242,48.962913513183594,21.1743106842041,41.56005859375,23.427431106567383,18.212202072143555,61.90901184082031,35.981658935546875
2016-09-13,19.317813873291016,,22.941423416137695,16.177410125732422,48.24348831176758,21.02090835571289,41.04906463623047,23.01387596130371,17.961105346679688,61.081520080566406,35.47041702270508
2016-09-14,19.272602081298828,,22.66967010498047,16.136768341064453,48.20117950439453,21.12016487121582,40.925193786621094,23.05740737915039,18.031267166137695,61.081520080566406,35.474945068359375
2016-09-15,19.39590835571289,,22.95149040222168,16.23160743713379,48.582027435302734,21.46758460998535,41.258087158203125,23.23152732849121,18.167896270751953,61.712791442871094,35.73283386230469
2016-09-16,19.318241119384766,,22.76618194580078,16.077768325805664,48.17524719238281,21.388751983642578,41.124114990234375,23.151723861694336,18.345163345336914,61.75476837158203,35.655616760253906
2016-09-19,19.347158432006836,,22.752685546875,16.180286407470703,48.38800811767578,21.347978591918945,41.038421630859375,23.391151428222656,18.527645111083984,61.532081604003906,35.62836456298828
2016-09-20,19.2893123626709,,22.58728790283203,16.18866729736328,48.430564880371094,21.334383010864258,41.147491455078125,23.34761619567871,18.494129180908203,61.720516204833984,35.655616760253906
2016-09-21,19.58264923095703,,23.110462188720703,16.28921890258789,49.0602912902832,21.57449722290039,41.37339782714844,23.616064071655273,18.870271682739258,62.33712387084961,36.00078201293945
2016-09-22,19.64461326599121,,23.137466430664062,16.322734832763672,49.40921401977539,21.705890655517578,41.73954391479492,24.08041000366211,18.985715866088867,62.80812072753906,36.26417922973633
2016-09-23,19.545461654663086,,22.830312728881836,16.23894691467285,49.119876861572266,21.515602111816406,41.55256271362305,24.174726486206055,18.97081756591797,62.61116027832031,36.18244552612305
2016-09-26,19.454572677612305,,22.729053497314453,15.979188919067383,48.9071159362793,21.388751983642578,41.20201110839844,24.225509643554688,18.92240333557129,61.883243560791016,35.78279113769531
2016-09-27,19.512414932250977,,22.577167510986328,16.10487937927246,49.24751663208008,21.62433624267578,41.37339782714844,24.015104293823242,18.676610946655273,62.319984436035156,36.14611053466797
2016-09-28,19.735511779785156,,23.55262565612793,16.180286407470703,49.63047409057617,21.665109634399414,41.443504333496094,24.181976318359375,18.650545120239258,62.225791931152344,36.24602127075195
2016-09-29,19.58264923095703,,23.512121200561523,15.954045295715332,49.2390251159668,21.53372573852539,41.038421630859375,23.884506225585938,18.371227264404297,61.129581451416016,36.05982208251953
2016-09-30,19.72724723815918,,23.8327693939209,16.171905517578125,49.68153381347656,21.64699363708496,41.451297760009766,23.775678634643555,18.244609832763672,61.75476837158203,36.35047149658203
2016-10-03,19.70245361328125,,23.81589126586914,16.096500396728516,49.72407913208008,21.58356285095215,41.18642044067383,23.31859588623047,17.987646102905273,61.70338821411133,36.3277587890625
2016-10-04,19.433916091918945,,23.57286834716797,16.163530349731445,49.307090759277344,21.50653648376465,40.835872650146484,22.963085174560547,17.611509323120117,61.5834846496582,36.20060729980469
2016-10-05,19.566120147705078,,23.934024810791016,16.42328643798828,49.62195587158203,21.58356285095215,40.79692840576172,22.53502082824707,17.574264526367188,61.823272705078125,36.35047149658203
2016-10-06,19.72724723815918,,23.97115135192871,16.448427200317383,49.62195587158203,21.633399963378906,40.87483596801758,22.578554153442383,17.570539474487305,61.5920524597168,36.37772750854492
2016-10-07,19.35955238342285,,23.8327693939209,16.440044403076172,48.983707427978516,21.57449722290039,40.765769958496094,22.520505905151367,17.548192977905273,61.54922866821289,36.21422576904297
2016-10-10,19.47523307800293,,24.207416534423828,16.523839950561523,49.03476333618164,21.72401237487793,40.765769958496094,22.607572555541992,17.69343376159668,61.831825256347656,36.273277282714844
2016-10-11,19.21082305908203,,23.930652618408203,16.373010635375977,48.52417755126953,21.479360580444336,40.55544662475586,22.433448791503906,17.492334365844727,60.28177261352539,35.83274459838867
2016-10-12,19.17363739013672,,23.829395294189453,16.35624885559082,48.6177864074707,21.515602111816406,40.78132629394531,22.752681732177734,17.66364288330078,59.99915313720703,36.00078201293945
2016-10-13,19.074491500854492,,23.6977596282959,16.19704246520996,48.60077667236328,21.37968635559082,40.78913879394531,22.82523536682129,17.88336944580078,60.02484130859375,35.86907196044922
2016-10-14,19.136457443237305,,23.559370040893555,16.272459030151367,48.702880859375,21.461240768432617,40.79692840576172,22.796218872070312,17.782821655273438,59.62233352661133,35.82820129394531
2016-10-17,19.15298080444336,,23.444612503051758,16.19704246520996,48.57522964477539,21.415935516357422,40.60216522216797,22.817977905273438,17.87964630126953,59.42536163330078,35.53298568725586
2016-10-18,19.32650375366211,,23.53911781311035,16.331117630004883,48.677345275878906,21.53372573852539,40.726806640625,22.934062957763672,18.03233528137207,60.13616943359375,35.7691535949707
2016-10-19,19.46696662902832,,23.873266220092773,16.473560333251953,48.83053207397461,21.57449722290039,40.49311065673828,23.021121978759766,17.991371154785156,59.913490295410156,35.92811965942383
2016-10-20,19.450443267822266,,23.846267700195312,16.473560333251953,48.56671905517578,21.474830627441406,40.4697380065918,22.941322326660156,17.980195999145508,60.196102142333984,35.859981536865234
2016-10-21,19.442184448242188,,23.691011428833008,16.465185165405273,48.49863052368164,21.53372573852539,40.6878662109375,22.92681121826172,17.87592124938965,59.69939422607422,36.14611053466797
2016-10-24,19.487621307373047,,23.620121002197266,16.515459060668945,48.592247009277344,21.742136001586914,40.95273208618164,22.955827713012695,17.942955017089844,59.588077545166016,36.40498352050781
2016-10-25,19.309982299804688,,23.512121200561523,16.498699188232422,48.464595794677734,21.665109634399414,41.100738525390625,22.92681121826172,18.05467987060547,59.416812896728516,35.97806930541992
2016-10-26,19.28105926513672,,23.566120147705078,16.5992431640625,48.634796142578125,21.542787551879883,41.046199798583984,22.629337310791016,18.099367141723633,59.05712127685547,35.82365798950195
2016-10-27,19.256271362304688,,23.478355407714844,16.64114761352539,48.30291748046875,21.515602111816406,40.859249114990234,22.09244728088379,17.991371154785156,59.331146240234375,35.5239143371582
2016-10-28,19.30584716796875,,23.414228439331055,16.56573486328125,48.592247009277344,21.492950439453125,41.030635833740234,22.150487899780273,18.04722785949707,58.04656982421875,35.442176818847656
2016-10-31,19.314105987548828,,23.161090850830078,16.54059410095215,48.685855865478516,21.483890533447266,41.131893157958984,22.455209732055664,18.40847396850586,57.686885833740234,35.46941375732422
2016-11-01,19.202560424804688,,23.164466857910156,16.473560333251953,48.26886749267578,21.298139572143555,40.95273208618164,22.012638092041016,18.07330322265625,57.37858581542969,35.219627380371094
2016-11-02,19.099275588989258,,22.90794563293457,16.3646297454834,48.09014892578125,21.16222381591797,40.8514518737793,21.67164421081543,17.84612464904785,57.07883071899414,35.006187438964844
2016-11-03,19.10341453552246,,22.999074935913086,16.38138771057129,48.0135612487793,20.95834732055664,40.571014404296875,21.577314376831055,17.913156509399414,56.539306640625,34.91535186767578
2016-11-04,19.169513702392578,,22.874183654785156,16.331117630004883,48.056114196777344,20.922100067138672,40.204872131347656,21.72242546081543,17.857301712036133,56.93324661254883,34.84721755981445
2016-11-07,19.46283721923828,,23.366979598999023,16.741701126098633,49.2390251159668,21.375164031982422,40.882606506347656,22.12146759033203,18.17012596130371,58.389129638671875,35.65108108520508
2016-11-08,19.524808883666992,,23.39735221862793,16.750078201293945,49.536869049072266,21.479360580444336,41.05400085449219,22.259315490722656,18.3116455078125,58.55184555053711,35.796409606933594
2016-11-09,19.937944412231445,,23.778757095336914,17.46231460571289,50.77932357788086,21.452171325683594,40.49311065673828,21.758695602416992,17.6375732421875,60.61575698852539,35.86907196044922
2016-11-10,20.169294357299805,,23.880022048950195,18.107511520385742,51.860107421875,21.107860565185547,39.41028594970703,21.432212829589844,17.21302032470703,61.28376007080078,36.00078201293945
2016-11-11,19.892501831054688,,23.444612503051758,18.15778923034668,51.953712463378906,21.171283721923828,39.371334075927734,21.4539794921875,17.142263412475586,60.367393493652344,36.205142974853516
2016-11-14,19.937944412231445,,23.57624626159668,18.60188865661621,52.17497634887695,20.849609375,39.301231384277344,21.874788284301758,17.1310977935791,60.17899703979492,36.20969009399414
2016-11-15,20.020570755004883,,24.241180419921875,18.585124969482422,52.37069320678711,21.144094467163086,39.54270553588867,21.72968292236328,17.406681060791016,60.35026550292969,36.35047149658203
2016-11-16,19.983388900756836,,24.07240867614746,18.316999435424805,52.072853088378906,21.338911056518555,39.550514221191406,21.71516990661621,17.287500381469727,60.09334945678711,36.55031204223633
2016-11-17,19.991647720336914,,23.910398483276367,18.568368911743164,52.183475494384766,21.474830627441406,39.48039245605469,21.512022018432617,17.291229248046875,60.3331413269043,36.99083709716797
2016-11-18,19.96272850036621,,24.008275985717773,18.568368911743164,52.16646194458008,21.456708908081055,39.34017562866211,21.555553436279297,17.239089965820312,59.69084548950195,36.87728500366211
2016-11-21,20.198213577270508,,24.578699111938477,18.63539695739746,52.447288513183594,21.674177169799805,39.60503387451172,21.497507095336914,17.421573638916016,59.904937744140625,37.11800003051758
2016-11-22,20.322160720825195,,24.565202713012695,18.643781661987305,52.685569763183594,21.742136001586914,39.807586669921875,21.867528915405273,17.488609313964844,59.03997802734375,37.55851364135742
2016-11-23,20.413057327270508,,24.666460037231445,18.75271224975586,53.077030181884766,21.656051635742188,39.58945083618164,21.71516990661621,17.313575744628906,59.271209716796875,37.5948486328125
2016-11-25,20.475021362304688,,24.544946670532227,18.777849197387695,53.36638259887695,21.746662139892578,39.901065826416016,21.809492111206055,17.563093185424805,59.50244903564453,37.68568801879883
2016-11-28,20.392396926879883,,24.20405387878418,18.55998420715332,53.000450134277344,21.764785766601562,39.986759185791016,21.88929557800293,17.901992797851562,59.05712127685547,37.38593673706055
2016-11-29,20.413057327270508,,23.90702247619629,18.61026382446289,53.042999267578125,21.77836799621582,40.04129409790039,22.041658401489258,17.976470947265625,59.442481994628906,37.485862731933594
2016-11-30,20.63201332092285,,25.12211799621582,18.861642837524414,53.111080169677734,21.520132064819336,39.40250015258789,21.77320671081543,17.410404205322266,58.87727355957031,37.172489166259766
2016-12-01,20.640270233154297,,25.182870864868164,19.188430786132812,53.459999084472656,21.076139450073242,39.145416259765625,21.439468383789062,17.272607803344727,58.44906234741211,37.19066619873047
2016-12-02,20.648534774780273,,25.257139205932617,18.97895050048828,53.451473236083984,21.153165817260742,39.394710540771484,21.64261817932129,17.42902374267578,58.586097717285156,36.98628234863281
2016-12-05,20.80965805053711,,25.479894638061523,19.205190658569336,53.40892791748047,21.357036590576172,39.44145202636719,21.816740036010742,17.451366424560547,58.48332977294922,37.3904914855957
2016-12-06,20.834442138671875,,25.432647705078125,19.372770309448242,53.511051177978516,21.420461654663086,39.55829620361328,21.911062240600586,17.417856216430664,58.64604568481445,37.47676467895508
2016-12-07,21.131906509399414,,25.635162353515625,19.674428939819336,54.506710052490234,21.828218460083008,40.126976013183594,22.368144989013672,17.645023345947266,58.14076232910156,38.20342254638672
2016-12-08,21.272375106811523,,25.77354621887207,19.858774185180664,54.200340270996094,21.882579803466797,39.963382720947266,22.484235763549805,17.674814224243164,58.252105712890625,38.20342254638672
2016-12-09,21.27650260925293,,25.854549407958984,19.900667190551758,54.4471435546875,22.041149139404297,40.53985595703125,22.4697208404541,17.861024856567383,58.96290969848633,38.28971481323242
2016-12-12,21.181486129760742,,25.976055145263672,19.70794105529785,54.25141525268555,21.97319221496582,40.703453063964844,22.701894760131836,18.04722785949707,59.24551773071289,37.971805572509766
2016-12-13,21.1484317779541,,26.26970672607422,19.75821876525879,54.17483139038086,22.24955177307129,40.890411376953125,22.759937286376953,18.233436584472656,59.72510528564453,38.312416076660156
2016-12-14,20.896421432495117,,25.74317169189453,19.66604995727539,53.63017654418945,22.17253875732422,40.44636535644531,22.36089324951172,17.857301712036133,59.416812896728516,38.05354690551758
2016-12-15,21.03275489807129,,25.800552368164062,19.833635330200195,53.68975830078125,22.272207260131836,40.61775588989258,22.17951202392578,17.983917236328125,59.80216979980469,37.96272277832031
2016-12-16,20.96787452697754,,25.960704803466797,19.66275978088379,53.581871032714844,22.11111831665039,40.85007095336914,22.49056625366211,18.203142166137695,59.84947967529297,37.776329040527344
2016-12-19,20.92629051208496,,25.841941833496094,19.671180725097656,53.881553649902344,22.27039337158203,40.92855453491211,22.690053939819336,18.270824432373047,59.600040435791016,37.876834869384766
2016-12-20,20.94292640686035,,25.784263610839844,19.91527557373047,54.18978500366211,22.352298736572266,40.85007095336914,22.704832077026367,18.293386459350586,59.557037353515625,38.1783447265625
2016-12-21,20.951248168945312,,25.824983596801758,19.864776611328125,53.98429489135742,22.306793212890625,40.84221649169922,22.41668128967285,18.21817970275879,59.221561431884766,38.16007614135742
2016-12-22,20.863914489746094,,25.930156707763672,19.814273834228516,53.881553649902344,22.261280059814453,40.77943801879883,22.387121200561523,18.2821044921875,59.298980712890625,37.74892044067383
2016-12-23,20.905500411987305,,25.906408309936523,19.84794044494629,53.932918548583984,22.284040451049805,40.85791015625,22.40929412841797,18.278343200683594,59.74626922607422,37.666683197021484
2016-12-27,21.01778221130371,,25.964094161987305,19.873193740844727,54.044227600097656,22.37504768371582,40.85007095336914,22.468399047851562,18.293386459350586,59.866703033447266,37.81288528442383
2016-12-28,20.805692672729492,,25.682477951049805,19.671180725097656,53.47911834716797,22.174823760986328,40.598915100097656,22.2984619140625,18.12041664123535,59.41080856323242,37.55247497558594
2016-12-29,20.805692672729492,,25.63157081604004,19.5280818939209,53.462013244628906,22.179378509521484,40.78727722167969,22.505332946777344,18.364830017089844,59.514034271240234,37.50222396850586
2016-12-30,20.6684627532959,,25.556917190551758,19.57016944885254,53.27363967895508,22.00645637512207,40.58321762084961,22.71961212158203,18.2632999420166,59.298980712890625,37.187007904052734
2017-01-03,20.7890625,,25.8453426361084,19.78902244567871,53.590431213378906,22.20212745666504,40.73234176635742,22.793495178222656,18.21817970275879,60.07311248779297,37.40628433227539
2017-01-04,21.092636108398438,,25.791051864624023,19.948949813842773,53.90724182128906,22.279491424560547,40.73234176635742,23.081649780273438,18.285863876342773,60.546226501464844,37.90425491333008
2017-01-05,21.030254364013672,,25.72657585144043,19.746936798095703,53.753116607666016,22.315895080566406,40.865760803222656,23.199861526489258,18.304664611816406,60.85587692260742,37.876834869384766
2017-01-06,21.05105209350586,,25.75033187866211,19.814273834228516,54.06135177612305,22.47971534729004,40.90499496459961,23.199861526489258,18.361072540283203,61.02787780761719,38.06414031982422
2017-01-09,21.046897888183594,,25.377084732055664,19.67959213256836,53.64181137084961,22.475162506103516,40.57537841796875,23.052095413208008,18.12041664123535,61.28594207763672,38.032169342041016
2017-01-10,21.059371948242188,,25.146352767944336,19.72168731689453,53.86442184448242,22.47971534729004,40.371315002441406,22.76393699645996,18.064010620117188,61.500980377197266,38.16921615600586
2017-01-11,21.22987937927246,,25.417800903320312,19.84794044494629,54.14698028564453,22.584375381469727,40.44981002807617,22.638338088989258,18.25202751159668,60.88167190551758,38.25143051147461
2017-01-12,21.188291549682617,,25.312623977661133,19.67959213256836,53.924346923828125,22.529766082763672,40.41056823730469,22.726999282836914,18.26706314086914,60.94188690185547,38.214900970458984
2017-01-13,21.155012130737305,,25.23797035217285,19.78902244567871,54.12984085083008,22.5980167388916,40.43409729003906,22.675281524658203,18.240741729736328,61.002098083496094,38.356510162353516
2017-01-17,21.059371948242188,,25.39405059814453,19.317651748657227,53.71030807495117,22.511560440063477,41.007022857666016,22.859987258911133,18.440032958984375,60.69242858886719,38.420475006103516
2017-01-18,21.19244384765625,,25.33637237548828,19.47757339477539,53.91579818725586,22.57072639465332,41.14828872680664,22.911712646484375,18.41747283935547,60.61502456665039,38.35194778442383
2017-01-19,21.059371948242188,,25.19725799560547,19.39341163635254,54.309654235839844,22.538869857788086,40.99918746948242,22.690053939819336,18.25578498840332,60.227962493896484,38.233177185058594
2017-01-20,21.246509552001953,,25.292264938354492,19.485994338989258,54.31821060180664,22.6617374420166,41.26601791381836,22.8304386138916,18.289623260498047,60.07311248779297,38.342811584472656
2017-01-23,21.28809356689453,,25.024202346801758,19.359737396240234,54.01853942871094,22.70269203186035,41.25032043457031,22.97081756591797,18.195619583129883,59.823673248291016,38.37022399902344
2017-01-24,21.837032318115234,,25.299041748046875,19.603839874267578,54.557960510253906,22.8437557220459,41.52501678466797,22.978200912475586,18.19186019897461,59.41080856323242,38.68545150756836
2017-01-25,21.982595443725586,,25.43138313293457,19.932111740112305,55.131614685058594,23.062185287475586,41.51716995239258,22.837827682495117,18.19186019897461,59.96992492675781,38.92300033569336
2017-01-26,22.040809631347656,,25.451736450195312,19.98261833190918,55.26004409790039,22.998477935791016,41.336647033691406,22.823049545288086,18.199377059936523,59.50543212890625,38.982391357421875
2017-01-27,21.961795806884766,,25.18707847595215,19.906864166259766,55.217227935791016,23.089488983154297,41.10905838012695,22.630949020385742,18.195619583129883,59.99571990966797,38.85905456542969
2017-01-30,21.737226486206055,,24.72560691833496,19.746936798095703,54.74631881713867,22.90291404724121,41.077667236328125,22.505332946777344,18.210660934448242,59.703269958496094,38.81336212158203
2017-01-31,21.608314514160156,,24.73578643798828,19.620670318603516,54.266845703125,22.789152145385742,41.27387237548828,22.690053939819336,18.49267578125,60.65804672241211,38.75396728515625
2017-02-01,21.716432571411133,,24.55256462097168,19.645931243896484,54.17266082763672,22.96207046508789,40.95207977294922,22.43885040283203,18.17306137084961,61.182716369628906,38.68086242675781
2017-02-02,21.620786666870117,,24.691680908203125,19.57016944885254,54.06991195678711,22.916568756103516,41.32880783081055,22.704832077026367,18.364830017089844,61.165523529052734,38.64890670776367
2017-02-03,21.658214569091797,,24.905452728271484,19.96577262878418,54.47233200073242,23.066730499267578,41.59564208984375,22.852602005004883,18.387388229370117,61.43216323852539,38.598636627197266
2017-02-06,21.599990844726562,,24.6950740814209,19.873193740844727,54.54938888549805,23.08038902282715,41.3680534362793,22.71221923828125,18.34979248046875,61.500980377197266,38.484439849853516
2017-02-07,21.429489135742188,,24.3455810546875,19.822683334350586,54.64358139038086,23.1713924407959,41.70552444458008,22.66788673400879,18.394908905029297,61.56119918823242,38.447898864746094
2017-02-08,21.479394912719727,,24.403268814086914,19.688013076782227,54.5665168762207,23.21234893798828,41.87818145751953,22.859987258911133,18.575393676757812,61.466552734375,38.68545150756836
2017-02-09,21.4710750579834,,24.678102493286133,19.957365036010742,54.986061096191406,23.285160064697266,42.050838470458984,22.956037521362305,18.41747283935547,61.690216064453125,38.92757034301758
2017-02-10,21.666532516479492,,24.86472511291504,20.016281127929688,55.422733306884766,23.353416442871094,42.08224105834961,23.11119842529297,18.534034729003906,61.81061935424805,39.165130615234375
2017-02-13,21.845352172851562,,24.912233352661133,20.243560791015625,55.97927474975586,23.45807647705078,42.08224105834961,23.22202491760254,18.624279022216797,62.18909454345703,39.210819244384766
2017-02-14,21.8411922454834,,24.993669509887695,20.479236602783203,56.00495529174805,23.535442352294922,42.09009552001953,23.103811264038086,18.488914489746094,62.67939758300781,39.43466567993164
2017-02-15,21.812084197998047,,24.895263671875,20.6391658782959,56.304630279541016,23.612796783447266,42.47465133666992,23.037317276000977,18.443790435791016,63.358909606933594,39.6402473449707
2017-02-16,21.812084197998047,,24.555950164794922,20.58866310119629,56.321754455566406,23.667404174804688,42.52959060668945,23.13336753845215,18.6280460357666,63.27288055419922,39.43924331665039
2017-02-17,21.74970245361328,,24.420230865478516,20.597078323364258,56.41593933105469,23.749317169189453,42.741485595703125,23.199861526489258,18.639320373535156,63.358909606933594,39.56714630126953
2017-02-21,21.82040786743164,,24.586496353149414,20.69808578491211,56.6984977722168,23.872180938720703,43.12604522705078,23.51756477355957,18.834854125976562,63.64277648925781,39.795562744140625
2017-02-22,21.878620147705078,,24.2132511138916,20.714920043945312,56.544376373291016,23.89948272705078,43.13389587402344,23.428905487060547,18.913820266723633,63.54814147949219,39.795562744140625
2017-02-23,21.758018493652344,,24.315046310424805,20.714920043945312,56.17619705200195,23.894927978515625,43.23593521118164,23.584060668945312,19.10934829711914,64.01265716552734,39.526039123535156
2017-02-24,21.803770065307617,,24.08771324157715,20.554994583129883,56.41593933105469,23.94953727722168,43.385040283203125,23.7022762298584,19.39888572692871,64.3222885131836,39.70878219604492
2017-02-27,21.74970245361328,,24.294687271118164,20.664417266845703,56.62142562866211,23.935888290405273,43.18885040283203,23.820497512817383,19.289838790893555,64.63196563720703,39.75446319580078
2017-02-28,21.728912353515625,,24.22003936767578,20.655994415283203,56.39023971557617,23.82212257385254,43.243770599365234,23.74660873413086,19.46657371520996,64.50291442871094,39.45750427246094
2017-03-01,22.15309715270996,,24.70525550842285,21.245208740234375,57.34065628051758,24.15886688232422,43.44783020019531,23.687503814697266,19.293594360351562,65.14803314208984,39.9006462097168
2017-03-02,21.91605567932129,,24.471126556396484,20.916933059692383,56.72417449951172,23.999603271484375,43.439971923828125,23.613615036010742,19.432729721069336,64.94161224365234,39.80470657348633
2017-03-03,21.8994197845459,,24.427021026611328,21.0179443359375,56.78411102294922,24.054203033447266,43.27516174316406,23.539731979370117,19.372562408447266,65.19964599609375,39.74531555175781
2017-03-06,21.758018493652344,,24.481304168701172,20.858013153076172,56.647117614746094,24.01780128479004,43.08681106567383,23.44367790222168,19.334959030151367,64.9501953125,39.617401123046875
2017-03-07,21.637422561645508,,24.264144897460938,20.79909324645996,56.484439849853516,24.01780128479004,43.03187561035156,23.362407684326172,19.32368278503418,64.49431610107422,39.48949432373047
2017-03-08,21.637422561645508,,23.633028030395508,20.807510375976562,56.287513732910156,24.045101165771484,42.93769836425781,23.01514434814453,19.04542350769043,64.75236511230469,39.653961181640625
2017-03-09,21.570880889892578,,23.78911590576172,20.883268356323242,56.03063201904297,24.040546417236328,43.00833511352539,22.71961212158203,19.004064559936523,65.10502624511719,39.617401123046875
2017-03-10,21.67069435119629,,23.75518226623535,20.866430282592773,56.373138427734375,24.167966842651367,43.204532623291016,22.697444915771484,19.1619930267334,65.35447692871094,39.67678451538086
2017-03-13,21.733076095581055,,23.75856590270996,20.916933059692383,56.33887481689453,24.19072151184082,43.23593521118164,22.726999282836914,19.218393325805664,65.3028564453125,39.7818603515625
2017-03-14,21.545928955078125,,23.490516662597656,20.858013153076172,55.80805206298828,24.13611602783203,43.110355377197266,22.697444915771484,19.199596405029297,65.06202697753906,39.77273178100586
2017-03-15,21.891101837158203,,24.013059616088867,20.824342727661133,56.44163513183594,24.299928665161133,43.4321403503418,23.13336753845215,19.5079288482666,65.87916564941406,39.982887268066406
2017-03-16,21.741382598876953,,23.843399047851562,20.858013153076172,56.18476486206055,24.313589096069336,43.49490737915039,23.081649780273438,19.293594360351562,65.24263000488281,39.97830581665039
2017-03-17,21.8348331451416,,23.82599449157715,20.653589248657227,56.491825103759766,24.366121292114258,43.376583099365234,23.12476921081543,19.409915924072266,64.88353729248047,40.0291748046875
2017-03-20,21.95581817626953,,23.791854858398438,20.48465347290039,56.38861083984375,24.388952255249023,43.4633674621582,23.147077560424805,19.281095504760742,64.78860473632812,39.93294143676758
2017-03-21,21.58869743347168,,23.624601364135742,19.910226821899414,55.52850341796875,24.032651901245117,43.42390823364258,23.109905242919922,19.553882598876953,64.27923583984375,39.42892074584961
2017-03-22,21.65127944946289,,23.59046173095703,19.867990493774414,55.726322174072266,24.18339729309082,43.337135314941406,23.16194725036621,19.64860725402832,64.2965316772461,39.47474670410156
2017-03-23,21.743051528930664,,23.494890213012695,19.910226821899414,55.64891052246094,24.11944007873535,43.24244689941406,23.332965850830078,19.587987899780273,64.09793853759766,39.566368103027344
2017-03-24,21.55116081237793,,23.40272331237793,19.884889602661133,55.50270080566406,24.137712478637695,43.155662536621094,23.3106632232666,19.659976959228516,64.13249969482422,39.662601470947266
2017-03-27,21.597043991088867,,23.29349136352539,19.808862686157227,55.304866790771484,24.137712478637695,43.11623764038086,23.12476921081543,19.584196090698242,64.30513763427734,39.64885711669922
2017-03-28,21.847349166870117,,23.624601364135742,20.07917594909668,55.8897590637207,24.31130027770996,43.195125579833984,23.258617401123047,19.56904411315918,64.34830474853516,39.9512825012207
2017-03-29,21.86403465270996,,23.948881149291992,19.952468872070312,55.881141662597656,24.352415084838867,43.274017333984375,23.340402603149414,19.516000747680664,64.36557006835938,40.18954086303711
2017-03-30,21.86820411682129,,23.942047119140625,20.214332580566406,56.19080352783203,24.398090362548828,43.18722915649414,23.3924503326416,19.36444664001465,64.37419891357422,40.294944763183594
2017-03-31,21.86403465270996,,23.860132217407227,20.045391082763672,55.958553314208984,24.352415084838867,43.06098937988281,23.496553421020508,19.44021987915039,64.19291687011719,40.29951095581055
2017-04-03,21.78059959411621,,23.81917381286621,20.003149032592773,55.838134765625,24.329574584960938,42.989990234375,23.52629280090332,19.436433792114258,64.24469757080078,40.13914108276367
2017-04-04,21.85986328125,,23.993249893188477,19.97780990600586,55.9843635559082,24.34784698486328,43.11623764038086,23.459379196166992,19.49706268310547,64.2101821899414,40.07499313354492
2017-04-05,21.843177795410156,,23.918163299560547,19.825761795043945,55.803733825683594,24.247350692749023,43.037322998046875,23.496553421020508,19.606931686401367,64.01160430908203,39.97877502441406
2017-04-06,21.95998764038086,,24.109310150146484,19.952468872070312,55.958553314208984,24.251916885375977,43.037322998046875,23.630395889282227,19.55767822265625,64.12384796142578,40.10249328613281
2017-04-07,21.939123153686523,,24.017152786254883,19.867990493774414,56.01875686645508,24.23821258544922,43.155662536621094,23.660133361816406,19.47432518005371,64.23606872558594,39.98335647583008
2017-04-10,21.94329833984375,,24.198062896728516,19.817312240600586,56.156368255615234,24.19252586364746,43.28190231323242,23.8237247467041,19.508420944213867,64.11522674560547,40.129974365234375
2017-04-11,21.884897232055664,,24.20147705078125,19.758180618286133,56.23379135131836,24.101167678833008,43.297691345214844,23.93524932861328,19.500844955444336,64.02887725830078,40.097900390625
2017-04-12,21.613731384277344,,24.09907341003418,19.59767723083496,55.45970153808594,24.01894187927246,43.4633674621582,23.8980770111084,19.644817352294922,64.02887725830078,39.93754196166992
2017-04-13,21.405141830444336,,23.65873146057129,19.344257354736328,55.064048767089844,23.923009872436523,43.2661247253418,23.846023559570312,19.580415725708008,63.8648796081543,39.658023834228516
2017-04-17,21.559499740600586,,23.70993423461914,19.682153701782227,55.666114807128906,24.142284393310547,43.57380676269531,24.121145248413086,19.667552947998047,64.09793853759766,40.065818786621094
2017-04-18,21.534475326538086,,23.48805809020996,19.49631118774414,55.48549270629883,24.137712478637695,43.77104187011719,24.18062973022461,19.7130184173584,63.39870071411133,40.07040786743164
2017-04-19,21.563669204711914,,23.14329719543457,19.437175750732422,55.53710174560547,24.11944007873535,43.605369567871094,24.128583908081055,19.576623916625977,63.5886344909668,40.1070671081543
2017-04-20,21.801462173461914,,23.255949020385742,19.76662826538086,56.207969665527344,24.33871078491211,43.518585205078125,24.121145248413086,19.500844955444336,63.9857063293457,40.52862548828125
2017-04-21,21.776430130004883,,23.13988494873047,19.563892364501953,56.25959777832031,24.288454055786133,43.39234924316406,24.039356231689453,19.599355697631836,63.60587692260742,40.43697738647461
2017-04-24,22.026737213134766,,23.27642822265625,20.003149032592773,57.05947494506836,24.576244354248047,43.786827087402344,23.801408767700195,19.701650619506836,64.23606872558594,40.698158264160156
2017-04-25,22.381332397460938,,23.474409103393555,20.1805477142334,57.334739685058594,24.704160690307617,43.96039962768555,23.85346031188965,19.675128936767578,64.5123062133789,41.0189094543457
2017-04-26,22.377166748046875,,23.395896911621094,20.163646697998047,57.343318939208984,24.676746368408203,43.605369567871094,23.652698516845703,19.614511489868164,64.86626434326172,41.21134948730469
2017-04-27,22.32710075378418,,23.13988494873047,20.070728302001953,57.32613754272461,24.777252197265625,43.55014419555664,23.667570114135742,19.682708740234375,65.00439453125,41.43130111694336
2017-04-28,22.139373779296875,,23.15694808959961,19.876441955566406,57.05947494506836,24.841197967529297,43.534366607666016,23.53373146057129,19.587987899780273,65.17705535888672,41.266326904296875
2017-05-01,22.151884078979492,,23.09209632873535,20.003149032592773,56.88746643066406,25.028486251831055,43.36868667602539,23.682437896728516,19.47053337097168,65.32379150390625,41.321319580078125
2017-05-02,22.18942642211914,,22.976036071777344,19.97780990600586,57.162696838378906,25.08330726623535,43.076778411865234,23.689876556396484,19.49326515197754,65.50507354736328,41.367149353027344
2017-05-03,21.97249984741211,,23.040891647338867,20.138301849365234,57.205711364746094,25.037626266479492,43.11623764038086,23.399887084960938,19.425071716308594,65.18566131591797,41.12429428100586
2017-05-04,21.997535705566406,,22.617626190185547,20.172100067138672,57.26591491699219,25.01935386657715,43.44758224487305,23.422199249267578,19.49326515197754,65.61729431152344,41.060142517089844
2017-05-05,22.310413360595703,,22.976036071777344,20.138301849365234,57.5583610534668,25.110715866088867,43.56592559814453,23.608089447021484,19.599355697631836,65.58277893066406,41.31673049926758
2017-05-08,22.131025314331055,,23.13988494873047,20.12140655517578,57.403541564941406,25.220346450805664,43.55014419555664,23.481685638427734,19.591773986816406,65.17705535888672,41.394630432128906
2017-05-09,21.964155197143555,,22.948728561401367,20.045391082763672,57.48094940185547,25.25232696533203,43.39234924316406,23.3924503326416,19.447803497314453,65.25471496582031,41.632904052734375
2017-05-10,22.035076141357422,,23.252531051635742,20.112964630126953,57.360530853271484,25.348255157470703,43.42390823364258,23.518856048583984,19.478111267089844,65.06481170654297,41.49085998535156
2017-05-11,22.0017032623291,,23.204744338989258,19.986249923706055,57.343318939208984,25.316272735595703,43.487022399902344,23.40732765197754,19.50463104248047,65.099365234375,41.24342346191406
2017-05-12,21.947473526000977,,23.126232147216797,19.901784896850586,57.02509689331055,25.38023567199707,43.36079406738281,23.318098068237305,19.599355697631836,64.98713684082031,41.183868408203125
2017-05-15,22.139373779296875,,23.307146072387695,20.053831100463867,57.29172897338867,25.52183723449707,43.5028076171875,23.422199249267578,19.682708740234375,65.41012573242188,41.193031311035156
2017-05-16,22.143543243408203,,23.191089630126953,20.112964630126953,57.23150634765625,25.640607833862305,43.4633674621582,23.3032283782959,19.53873634338379,65.1597900390625,41.05097198486328
2017-05-17,21.676311492919922,,22.962383270263672,19.47941780090332,56.08757019042969,24.94169044494629,43.400245666503906,23.45193862915039,19.587987899780273,64.30513763427734,40.38656234741211
2017-05-18,21.688825607299805,,22.95555877685547,19.555442810058594,56.16498565673828,25.087873458862305,43.43179702758789,23.496553421020508,19.65618324279785,64.59001159667969,40.620269775390625
2017-05-19,21.876548767089844,,23.238874435424805,19.72439193725586,56.904685974121094,25.234052658081055,43.66848373413086,23.630395889282227,19.731964111328125,64.77129364013672,40.89518356323242
2017-05-22,21.90157699584961,,23.18767547607422,19.775070190429688,57.343318939208984,25.435047149658203,43.9130744934082,23.689876556396484,19.902456283569336,64.94395446777344,41.10136795043945
2017-05-23,21.91826820373535,,23.242284774780273,19.927125930786133,57.46372985839844,25.480724334716797,43.96039962768555,23.719619750976562,19.95549774169922,65.1597900390625,40.94559860229492
2017-05-24,22.064279556274414,,23.11940574645996,19.91867446899414,57.53255081176758,25.58579444885254,44.133968353271484,23.85346031188965,20.06916618347168,65.32379150390625,41.09221649169922
2017-05-25,22.039249420166016,,22.699542999267578,19.952468872070312,57.911006927490234,25.76851463317871,44.41009521484375,23.942689895629883,20.232080459594727,65.63455963134766,41.45419692993164
2017-05-26,22.080968856811523,,22.73710060119629,19.944021224975586,57.979801177978516,25.754806518554688,44.57577896118164,23.79397201538086,20.232080459594727,65.51372528076172,41.577919006347656
2017-05-30,22.07679557800293,,22.43330192565918,19.808862686157227,57.96261215209961,25.86444664001465,44.55999755859375,23.727052688598633,20.296483993530273,65.41876983642578,41.6099853515625
2017-05-31,22.143543243408203,,22.33772087097168,19.63991355895996,58.07443618774414,25.823326110839844,44.68623733520508,23.689876556396484,20.39878273010254,65.67774963378906,41.71995544433594
2017-06-01,22.410533905029297,,22.47766876220703,19.884889602661133,58.43564987182617,25.887285232543945,45.049156188964844,23.76423454284668,20.542762756347656,66.40290832519531,42.1140251159668
2017-06-02,22.46476173400879,,22.218246459960938,19.808862686157227,58.667877197265625,26.12482261657715,45.18328094482422,23.972427368164062,20.56548500061035,66.83452606201172,42.265228271484375
2017-06-05,22.393850326538086,,22.25921058654785,19.842655181884766,58.46147537231445,26.14767074584961,45.23061752319336,23.912944793701172,20.501083374023438,66.64460754394531,42.15067672729492
2017-06-06,22.406362533569336,,22.52204704284668,19.758180618286133,58.06582260131836,26.097421646118164,45.12016677856445,23.801408767700195,20.45561408996582,66.48058319091797,41.7886962890625
2017-06-07,22.435556411743164,,22.204599380493164,19.910226821899414,57.99699401855469,26.179643630981445,45.104373931884766,23.927820205688477,20.52381134033203,66.661865234375,41.86201095581055
2017-06-08,22.502309799194336,,22.13974380493164,20.138301849365234,58.186222076416016,26.239030838012695,44.7651252746582,23.816280364990234,20.35331916809082,66.47195434570312,41.5916748046875
2017-06-09,22.790159225463867,,22.672243118286133,20.5184383392334,58.409847259521484,25.590364456176758,44.70989990234375,23.927820205688477,20.334373474121094,66.92082977294922,41.408390045166016
2017-06-12,22.70254898071289,,22.832677841186523,20.56067657470703,58.624900817871094,25.439613342285156,44.702003479003906,24.083965301513672,20.296483993530273,66.83452606201172,41.38547134399414
2017-06-13,22.986228942871094,,23.003345489501953,20.670488357543945,58.8657112121582,25.62234115600586,44.77302169799805,24.143449783325195,20.345745086669922,66.97264099121094,41.642066955566406
2017-06-14,22.7442684173584,,22.58690643310547,20.70427131652832,58.80552291870117,25.498998641967773,45.057029724121094,24.217803955078125,20.45561408996582,67.29206085205078,41.61916732788086
2017-06-15,22.54403305053711,,22.416231155395508,20.619802474975586,59.15816879272461,25.384796142578125,44.95447540283203,24.33677101135254,20.573070526123047,67.2230224609375,41.445037841796875
2017-06-16,22.641263961791992,,22.787076950073242,20.596912384033203,59.35173034667969,25.340307235717773,44.48222732543945,24.32328224182129,20.66741371154785,67.33392333984375,41.43355941772461
2017-06-19,22.821491241455078,,22.642728805541992,20.808895111083984,59.71467590332031,25.716398239135742,44.69689178466797,24.33827781677246,20.59865951538086,68.03595733642578,41.75067901611328
2017-06-20,22.695756912231445,,22.35402488708496,20.630828857421875,59.07518005371094,25.510011672973633,44.521976470947266,24.293289184570312,20.610118865966797,68.26129150390625,41.22671890258789
2017-06-21,22.45684814453125,,21.993141174316406,20.46122932434082,58.67765426635742,25.652191162109375,44.39476776123047,24.240808486938477,20.487895965576172,69.12800598144531,41.29106521606445
2017-06-22,22.48200225830078,,21.979393005371094,20.33403778076172,58.55667495727539,25.66136360168457,44.10060119628906,24.255796432495117,20.392404556274414,69.84735870361328,41.194541931152344
2017-06-23,22.570011138916016,,22.12718391418457,20.25772476196289,58.7727165222168,25.821884155273438,44.11650848388672,24.36077117919922,20.323657989501953,69.74335479736328,41.14400100708008
2017-06-26,22.63707160949707,,22.079059600830078,20.367961883544922,58.790000915527344,25.68429946899414,44.29142761230469,24.473236083984375,20.461153030395508,69.67403411865234,41.29106521606445
2017-06-27,22.498760223388672,,22.044694900512695,20.469711303710938,58.349300384521484,25.26234245300293,43.909793853759766,24.375762939453125,20.23198699951172,69.04133605957031,40.96475601196289
2017-06-28,22.704137802124023,,22.16498374938965,20.791933059692383,58.876426696777344,25.57880401611328,44.06881332397461,24.4057559967041,20.037187576293945,69.40536499023438,41.378395080566406
2017-06-29,22.431703567504883,,22.213111877441406,20.93609046936035,58.37520217895508,25.120159149169922,43.59974670410156,24.1583251953125,19.876773834228516,68.77265930175781,40.97854995727539
2017-06-30,22.55324935913086,,22.312780380249023,20.91913414001465,58.85916519165039,25.09722900390625,43.67924118041992,24.143333435058594,19.846216201782227,68.67732238769531,41.194541931152344
2017-07-03,22.750234603881836,,22.742403030395508,21.224401473999023,59.22209167480469,24.92293930053711,43.63948059082031,24.368268966674805,19.754545211791992,68.79864501953125,41.15319061279297
2017-07-05,22.674793243408203,,22.28184700012207,21.25831413269043,59.39493179321289,25.17060661315918,43.607688903808594,24.075849533081055,19.659059524536133,69.20601654052734,41.05207061767578
2017-07-06,22.57420539855957,,22.034385681152344,21.097204208374023,58.876426696777344,24.9412841796875,43.361228942871094,23.640972137451172,19.65141487121582,68.31332397460938,40.63383483886719
2017-07-07,22.691558837890625,,22.000015258789062,21.24135398864746,59.334442138671875,25.230236053466797,43.33738327026367,23.77593231201172,19.666696548461914,68.65998077392578,40.996925354003906
2017-07-10,22.834062576293945,,22.072195053100586,21.215913772583008,59.50728225708008,25.4136905670166,43.0352668762207,23.588483810424805,19.65141487121582,68.52999114990234,41.0842399597168
2017-07-11,22.800535202026367,,22.192489624023438,21.02936553955078,59.455406188964844,25.468730926513672,42.916011810302734,23.55099868774414,19.63995933532715,68.45197296142578,41.00151443481445
2017-07-12,23.06458282470703,,22.254350662231445,21.097204208374023,59.7838249206543,25.7989559173584,43.15450668334961,23.858407974243164,19.808021545410156,68.91999053955078,41.31404113769531
2017-07-13,23.0394344329834,,22.343711853027344,21.224401473999023,59.740604400634766,25.849409103393555,43.162471771240234,23.903396606445312,19.739273071289062,68.98065185546875,41.31865692138672
2017-07-14,23.156795501708984,,22.47775650024414,21.131120681762695,59.9998779296875,26.078731536865234,43.504329681396484,24.143333435058594,19.8309383392334,69.44869232177734,41.45193099975586
2017-07-17,23.202898025512695,,22.45025634765625,21.063283920288086,59.96529769897461,26.083314895629883,43.55202865600586,24.195817947387695,19.922597885131836,69.19734191894531,41.55304718017578
2017-07-18,23.10649871826172,,22.343711853027344,21.02936553955078,59.8270378112793,26.20256996154785,43.55202865600586,24.16582489013672,19.979900360107422,69.24933624267578,41.74148941040039
2017-07-19,23.328628540039062,,22.670223236083984,21.037845611572266,59.88752746582031,26.335575103759766,43.711055755615234,24.34577751159668,20.063928604125977,69.81271362304688,41.943702697753906
2017-07-20,23.156795501708984,,22.601486206054688,21.02936553955078,59.55048370361328,26.39061737060547,43.71898651123047,24.27829360961914,20.209070205688477,70.27203369140625,41.856388092041016
2017-07-21,23.160985946655273,,22.37807846069336,21.02936553955078,59.43815994262695,26.35850715637207,43.790557861328125,24.32328224182129,20.35421371459961,70.19403076171875,41.88396072387695
2017-07-24,23.140029907226562,,22.33683967590332,21.12264060974121,59.30852508544922,26.422719955444336,43.64744186401367,24.308284759521484,20.16323471069336,70.16806030273438,41.74148941040039
2017-07-25,23.38730812072754,,22.61866569519043,21.38550567626953,59.23073959350586,26.372268676757812,43.94955825805664,24.308284759521484,20.048648834228516,69.66535186767578,42.03562927246094
2017-07-26,23.244808197021484,,22.642728805541992,21.24135398864746,59.30852508544922,26.473173141479492,43.94159698486328,24.51072883605957,20.2396240234375,69.43132781982422,42.01724624633789
2017-07-27,23.160985946655273,,22.873008728027344,21.12264060974121,58.97148513793945,26.372268676757812,44.37092971801758,24.488229751586914,20.289281845092773,68.95468139648438,42.32518768310547
2017-07-28,23.077163696289062,,22.84550666809082,21.12264060974121,59.10976791381836,26.344751358032227,43.997249603271484,24.473236083984375,20.258724212646484,69.30133819580078,42.00346374511719
2017-07-31,22.901124954223633,,22.89706039428711,21.2752742767334,59.03197479248047,26.21632957458496,43.98134231567383,24.435749053955078,20.32747459411621,69.2406997680664,41.98967742919922
2017-08-01,22.917888641357422,,22.893625259399414,21.427902221679688,58.85916519165039,26.34933853149414,43.93366622924805,24.54071617126465,20.44205665588379,69.08464813232422,42.0632209777832
2017-08-02,22.938844680786133,,22.807693481445312,21.461828231811523,59.118412017822266,26.422719955444336,43.901851654052734,24.420753479003906,20.5299072265625,68.92866516113281,41.948307037353516
2017-08-03,22.767005920410156,,22.488065719604492,21.38550567626953,59.412227630615234,26.363088607788086,43.86211013793945,24.36077117919922,20.633033752441406,69.04133605957031,41.833404541015625
2017-08-04,22.8759765625,,22.560237884521484,21.529659271240234,59.5245475769043,26.422719955444336,43.74284744262695,24.435749053955078,20.541364669799805,68.88533782958984,41.838008880615234
2017-08-07,22.888553619384766,,22.38839340209961,21.495742797851562,59.5245475769043,26.583242416381836,44.06881332397461,24.420753479003906,20.606300354003906,69.03266906738281,41.93450927734375
2017-08-08,22.708328247070312,,22.33683967590332,21.436384201049805,59.343074798583984,26.546554565429688,43.901851654052734,24.308284759521484,20.690322875976562,68.71199035644531,41.95751190185547
2017-08-09,22.729284286499023,,22.357463836669922,21.436384201049805,59.360389709472656,26.532794952392578,43.973411560058594,24.33827781677246,20.58338165283203,68.78999328613281,41.71391296386719
2017-08-10,22.469419479370117,,22.120309829711914,21.054807662963867,58.60854721069336,26.00993537902832,43.790557861328125,24.120834350585938,20.6483154296875,67.93196105957031,41.08884811401367
2017-08-11,22.41493797302246,,21.975955963134766,20.97001075744629,58.643089294433594,26.188806533813477,43.82233810424805,23.963380813598633,20.526090621948242,68.12261962890625,41.30025863647461
2017-08-14,22.62450408935547,,21.910654067993164,21.25831413269043,59.25668716430664,26.606176376342773,44.03700256347656,24.36077117919922,20.644493103027344,68.58196258544922,41.59440994262695
2017-08-15,22.62869644165039,,21.828166961669922,21.2752742767334,59.12704086303711,26.6474552154541,44.259620666503906,24.315780639648438,20.759077072143555,68.58196258544922,41.21293640136719
2017-08-16,22.850828170776367,,21.61850929260254,21.232877731323242,59.291236877441406,26.725421905517578,44.410682678222656,24.390756607055664,20.843107223510742,68.77265930175781,41.42435073852539
2017-08-17,22.502960205078125,,21.312620162963867,20.868255615234375,58.262855529785156,26.20256996154785,44.00520706176758,24.218305587768555,20.694149017333984,67.91462707519531,40.76252746582031
2017-08-18,22.511341094970703,,21.419164657592773,20.876728057861328,58.029537200927734,26.175045013427734,43.88594436645508,24.038360595703125,20.816373825073242,67.60261535644531,40.560298919677734
2017-08-21,22.532289505004883,,21.309185028076172,20.8173770904541,58.12459945678711,26.16587257385254,44.04496383666992,24.285789489746094,20.892763137817383,67.90597534179688,40.63383483886719
2017-08-22,22.825685501098633,,21.45009994506836,21.046323776245117,58.790000915527344,26.555727005004883,44.052913665771484,24.27079200744629,20.938600540161133,68.72932434082031,41.07046127319336
2017-08-23,22.78376579284668,,21.542898178100586,20.978487014770508,58.23695373535156,26.49150848388672,43.92570114135742,24.518224716186523,21.007347106933594,68.20932006835938,40.721168518066406
2017-08-24,22.741857528686523,,21.5566463470459,20.978487014770508,58.05546951293945,26.468576431274414,43.32147979736328,24.473236083984375,20.992069244384766,68.40864562988281,40.63383483886719
2017-08-25,22.813106536865234,,21.65287971496582,21.037845611572266,58.33198928833008,26.46400260925293,43.46458435058594,24.59320640563965,21.060819625854492,68.42597961425781,40.73493194580078
2017-08-28,22.846641540527344,,21.5566463470459,20.90216827392578,58.29743576049805,26.51445198059082,43.33738327026367,24.465740203857422,21.09901237487793,68.78999328613281,40.757930755615234
2017-08-29,22.7376651763916,,21.529150009155273,20.834335327148438,58.72087097167969,26.629112243652344,43.488433837890625,24.450742721557617,21.053184509277344,68.91999053955078,40.721168518066406
2017-08-30,22.90532112121582,,21.539461135864258,20.91913414001465,58.962860107421875,26.821739196777344,43.4804801940918,24.563217163085938,20.992069244384766,69.27532196044922,41.01529312133789
2017-08-31,23.08135223388672,,21.64257049560547,20.94457244873047,59.1616096496582,26.982269287109375,43.49637985229492,24.68317985534668,20.995895385742188,70.45408630371094,41.20834732055664
2017-09-01,23.232229232788086,,21.852224349975586,21.00392723083496,59.21345901489258,26.959339141845703,43.70309829711914,24.68317985534668,20.93095588684082,70.40206909179688,41.39678955078125
2017-09-05,22.968185424804688,,21.972518920898438,20.55450439453125,58.6171760559082,26.720842361450195,43.76669692993164,24.660682678222656,20.984434127807617,70.09868621826172,41.22671890258789
2017-09-06,23.0268611907959,,22.32996368408203,20.605379104614258,58.67765426635742,26.7437686920166,43.94955825805664,24.698179244995117,20.88894271850586,70.43672943115234,41.48410415649414
2017-09-07,23.06458282470703,,22.37120819091797,20.249248504638672,58.79866409301758,26.835506439208984,44.01315689086914,24.885623931884766,21.04553985595703,71.21672821044922,41.125606536865234
2017-09-08,23.056196212768555,,22.134057998657227,20.4357967376709,58.997413635253906,26.615346908569336,43.79850387573242,24.893131256103516,21.14484977722168,71.53742218017578,40.98313522338867
2017-09-11,23.35797119140625,,22.343711853027344,20.791933059692383,59.50728225708008,26.991436004638672,44.06881332397461,25.073076248168945,21.32436752319336,72.09212493896484,41.19915008544922
2017-09-12,23.554960250854492,,22.48119354248047,21.037845611572266,59.79246520996094,27.055652618408203,44.16421127319336,24.803152084350586,20.969152450561523,72.24813079833984,41.382991790771484
2017-09-13,23.54658317565918,,22.763019561767578,21.07176399230957,59.70602798461914,27.01896095275879,44.18806076049805,24.698179244995117,20.866024017333984,71.97944641113281,41.68173599243164
2017-09-14,23.626211166381836,,22.873008728027344,21.02936553955078,59.9912109375,26.927230834960938,44.10060119628906,24.870630264282227,21.041728973388672,72.07479095458984,41.45653533935547
2017-09-15,23.62705421447754,,22.926979064941406,21.091527938842773,60.23950958251953,27.03723907470703,44.17741012573242,24.95822525024414,21.07135772705078,71.8442611694336,41.34029769897461
2017-09-18,23.757688522338867,,23.02448081970215,21.33846092224121,60.57807540893555,27.06025505065918,44.24142074584961,24.814746856689453,20.855836868286133,71.82684326171875,41.19731140136719
2017-09-19,23.879884719848633,,23.118501663208008,21.5002384185791,60.63884353637695,27.179931640625,44.105411529541016,24.56554412841797,20.813501358032227,71.26141357421875,41.160400390625
2017-09-20,23.964168548583984,,23.27519989013672,21.627962112426758,61.08158874511719,27.069459915161133,43.681396484375,24.497573852539062,20.6595516204834,71.33103942871094,41.298789978027344
2017-09-21,23.913604736328125,,23.282167434692383,21.679054260253906,61.26390838623047,26.922170639038086,43.265377044677734,24.459821701049805,20.655696868896484,70.96568298339844,41.22959518432617
2017-09-22,23.82932472229004,,23.400558471679688,21.653512954711914,61.420166015625,26.93598175048828,43.13737869262695,24.248369216918945,20.48636245727539,70.96568298339844,41.298789978027344
2017-09-25,23.871463775634766,,23.73833656311035,21.627962112426758,61.420166015625,26.618377685546875,43.449398040771484,24.338993072509766,20.674945831298828,70.75688171386719,41.211151123046875
2017-09-26,23.76611328125,,23.727886199951172,21.61945343017578,61.420166015625,26.71504020690918,43.55338668823242,24.361648559570312,20.63646125793457,70.64381408691406,41.21576690673828
2017-09-27,23.76611328125,,23.828874588012695,21.883413314819336,61.4896240234375,26.986608505249023,43.21738052368164,24.157752990722656,20.359350204467773,70.61772918701172,41.441768646240234
2017-09-28,23.93466567993164,,23.84977149963379,21.9174747467041,61.45489501953125,27.018831253051758,43.21738052368164,24.33144187927246,20.432483673095703,70.67859649658203,41.39103698730469
2017-09-29,23.93466567993164,,23.84629249572754,22.0196533203125,61.637184143066406,27.20294189453125,43.18538284301758,24.346548080444336,20.417083740234375,71.09615325927734,41.547855377197266
2017-10-02,24.195926666259766,,23.839324951171875,22.206989288330078,62.06257629394531,27.244369506835938,43.10538101196289,24.25592803955078,20.45172691345215,71.81816101074219,41.626258850097656
2017-10-03,24.297060012817383,,23.8149471282959,22.283618927001953,62.33171844482422,27.308809280395508,43.15338134765625,24.248369216918945,20.39399528503418,71.80076599121094,41.80153274536133
2017-10-04,24.30548858642578,,23.797531127929688,22.18143653869629,62.31431198120117,27.290403366088867,43.28938674926758,24.459821701049805,20.59797477722168,72.14871978759766,42.01829528808594
2017-10-05,24.452974319458008,,23.905487060546875,22.411340713500977,62.461917877197266,27.552762985229492,43.48137664794922,24.535343170166016,20.57872772216797,72.20092010498047,42.2535400390625
2017-10-06,24.398197174072266,,23.703514099121094,22.436885833740234,62.45323944091797,27.59418296813965,43.04937744140625,24.46737289428711,20.563337326049805,72.105224609375,42.30426788330078
2017-10-09,24.39397621154785,,23.75226402282715,22.351734161376953,62.27962112426758,27.663225173950195,42.92937088012695,24.520233154296875,20.590274810791016,71.65290069580078,42.17052459716797
2017-10-10,24.410837173461914,,23.773162841796875,22.45391273498535,62.37510299682617,27.690855026245117,43.305389404296875,24.557998657226562,20.7904052734375,71.81816101074219,42.128997802734375
2017-10-11,24.423477172851562,,23.828874588012695,22.411340713500977,62.340354919433594,27.782899856567383,43.39337921142578,24.693925857543945,20.878923416137695,71.95735168457031,42.152069091796875
2017-10-12,24.46982765197754,,23.741823196411133,22.24104881286621,62.67027282714844,27.7138671875,43.57740020751953,24.86761474609375,20.98668670654297,71.87908172607422,41.87071228027344
2017-10-13,24.587814331054688,,23.727886199951172,22.249557495117188,62.557403564453125,27.847341537475586,43.65739822387695,24.93557357788086,20.84044075012207,71.69638061523438,42.07366180419922
2017-10-16,24.57096290588379,,23.780120849609375,22.394309997558594,62.62687301635742,27.948604583740234,43.67338943481445,24.814746856689453,20.794254302978516,71.38325500488281,42.128997802734375
2017-10-17,24.507753372192383,,23.79405975341797,22.283618927001953,62.461917877197266,27.948604583740234,43.513397216796875,24.814746856689453,20.91741180419922,72.34011840820312,42.152069091796875
2017-10-18,24.448759078979492,,23.62690544128418,22.40282440185547,62.487972259521484,28.01764488220215,43.4573974609375,24.769432067871094,20.878923416137695,72.44449615478516,42.03676223754883
2017-10-19,24.541460037231445,,23.553781509399414,22.419858932495117,62.66158676147461,27.93480110168457,43.22537612915039,24.754331588745117,21.098299026489258,72.88813018798828,42.03676223754883
2017-10-20,24.752155303955078,,23.599044799804688,22.683820724487305,63.33872985839844,28.123519897460938,43.12138748168945,24.716575622558594,21.11369514465332,72.96642303466797,42.138221740722656
2017-10-23,24.7058048248291,,23.477169036865234,22.666797637939453,62.939388275146484,27.990032196044922,43.08938217163086,24.625957489013672,21.125242233276367,72.78372955322266,41.85226821899414
2017-10-24,24.844860076904297,,23.522443771362305,22.82857894897461,63.29533004760742,28.068283081054688,42.9373664855957,24.46737289428711,21.144485473632812,72.29659271240234,41.9537353515625
2017-10-25,24.714229583740234,,23.358776092529297,22.692333221435547,62.67027282714844,27.916391372680664,42.817378997802734,24.406957626342773,21.05211639404297,72.19222259521484,41.79230499267578
2017-10-26,25.04291534423828,,23.40752410888672,22.820056915283203,62.75708770751953,28.03145980834961,42.84937286376953,24.27103042602539,21.05596160888672,71.47022247314453,41.93989944458008
2017-10-27,24.91227912902832,,23.44931411743164,22.80303192138672,62.783138275146484,28.786334991455078,42.481353759765625,24.308786392211914,21.18682098388672,71.45281982421875,42.617916107177734
2017-10-30,24.794296264648438,,23.571197509765625,22.70936393737793,62.34903335571289,28.850767135620117,42.12135314941406,24.459821701049805,21.190664291381836,70.68730926513672,42.4241943359375
2017-10-31,24.861722946166992,,23.647798538208008,22.649761199951172,62.0973014831543,28.975040435791016,42.473358154296875,24.542892456054688,21.213756561279297,70.55682373046875,42.42880630493164
2017-11-01,24.983915328979492,,23.91592788696289,22.683820724487305,62.06257629394531,28.979652404785156,42.609371185302734,24.520233154296875,21.09444808959961,70.73078155517578,42.44264602661133
2017-11-02,24.802719116210938,,23.84629249572754,22.896696090698242,62.418514251708984,28.993457794189453,42.5053596496582,24.731679916381836,21.17142677307129,70.40892791748047,42.12439727783203
2017-11-03,24.790082931518555,,23.91592788696289,22.80303192138672,62.35773849487305,29.223604202270508,42.51335525512695,24.731679916381836,21.248394012451172,70.99177551269531,42.29503631591797
2017-11-06,24.68474006652832,,24.462646484375,22.77747917175293,62.392486572265625,29.288047790527344,42.05733871459961,25.109254837036133,21.167572021484375,70.77432250976562,42.60407638549805
2017-11-07,24.71001434326172,,24.431303024291992,22.462434768676758,62.487972259521484,29.301849365234375,42.529354095458984,25.343364715576172,21.421585083007812,70.92216491699219,42.35038757324219
2017-11-08,24.73529624938965,,24.312902450561523,22.351734161376953,62.3837890625,29.46295738220215,42.99337387084961,25.53215980529785,21.436979293823242,71.08745574951172,42.39651107788086
2017-11-09,24.524606704711914,,24.386035919189453,22.275102615356445,61.60247039794922,29.228208541870117,42.985374450683594,25.53215980529785,21.46392250061035,71.09615325927734,42.46109390258789
2017-11-10,24.486682891845703,,24.257192611694336,22.206989288330078,61.68928527832031,29.228208541870117,43.42538070678711,25.53215980529785,21.36385154724121,70.6351089477539,42.60407638549805
2017-11-13,24.613100051879883,,24.117904663085938,22.24104881286621,61.48093032836914,29.218997955322266,43.67338943481445,25.60767364501953,21.61786460876465,70.7047119140625,42.747066497802734
2017-11-14,24.3897647857666,,23.727886199951172,22.232526779174805,61.31597900390625,29.159162521362305,43.82539367675781,25.58501434326172,21.88727569580078,70.41764068603516,42.78396224975586
2017-11-15,24.242280960083008,,23.459758758544922,22.292129516601562,60.96874237060547,28.942827224731445,43.36138916015625,25.396224975585938,21.698688507080078,70.21755981445312,42.599483489990234
2017-11-16,24.537248611450195,,23.365737915039062,22.30064582824707,61.54170227050781,29.34787940979004,43.961402893066406,25.494396209716797,21.629413604736328,70.94828796386719,42.95462417602539
2017-11-17,24.57096290588379,,23.480649948120117,22.275102615356445,61.20313262939453,29.159162521362305,43.80939483642578,25.343364715576172,21.47931480407715,70.66992950439453,43.14372634887695
2017-11-20,24.604673385620117,,23.4249324798584,22.377283096313477,61.48093032836914,29.269628524780273,43.76139831542969,25.282955169677734,21.413883209228516,70.3741455078125,43.226741790771484
2017-11-21,24.73529624938965,,23.477169036865234,22.445405960083008,61.923675537109375,29.578020095825195,43.9054069519043,25.41887855529785,21.47162437438965,70.99177551269531,43.494258880615234
2017-11-22,24.667879104614258,,23.571197509765625,22.3347110748291,61.993125915527344,29.522785186767578,43.849403381347656,25.335811614990234,21.47162437438965,70.96568298339844,43.535770416259766
2017-11-24,24.794296264648438,,23.637348175048828,22.32619285583496,61.993125915527344,29.688491821289062,43.81739044189453,25.42643165588379,21.506256103515625,71.13095092773438,43.64645004272461
2017-11-27,24.646812438964844,,23.39707374572754,22.309158325195312,62.0973014831543,29.688491821289062,43.841407775878906,25.350906372070312,21.598623275756836,71.19183349609375,43.678749084472656
2017-11-28,24.92070960998535,,23.578155517578125,22.888179779052734,63.04356384277344,29.785154342651367,44.201412200927734,25.290502548217773,21.698688507080078,71.71379089355469,44.163047790527344
2017-11-29,24.95863151550293,,23.707000732421875,23.279869079589844,63.599185943603516,29.12693977355957,44.43342971801758,25.23008918762207,21.710235595703125,72.07041931152344,44.35215377807617
2017-11-30,25.097694396972656,,24.062183380126953,23.433135986328125,64.68433380126953,29.384700775146484,44.841434478759766,25.26029396057129,21.78335189819336,72.60977935791016,44.578155517578125
2017-12-01,24.89121437072754,,24.264148712158203,23.484224319458008,63.885658264160156,29.232803344726562,44.953433990478516,25.30560302734375,21.710235595703125,72.46188354492188,44.55970764160156
2017-12-04,25.14826011657715,,24.25370979309082,23.84185218811035,64.42388916015625,28.763315200805664,45.37744903564453,24.97333526611328,21.58707618713379,71.5746078491211,45.07627868652344
2017-12-05,25.021841049194336,,24.14923858642578,23.714126586914062,63.87696075439453,28.772523880004883,45.305442810058594,24.875160217285156,21.313823699951172,71.45281982421875,44.817996978759766
2017-12-06,24.874361038208008,,23.83584213256836,23.628982543945312,63.972450256347656,28.956632614135742,45.59346389770508,24.91292381286621,21.394641876220703,71.39192199707031,44.52741622924805
2017-12-07,25.04291534423828,,23.905487060546875,23.705615997314453,64.56278228759766,29.13614273071289,45.1534538269043,25.01108741760254,21.433130264282227,71.40930938720703,44.64271545410156
2017-12-08,25.04291534423828,,24.12487030029297,23.850372314453125,64.8405990600586,29.274227142333984,45.2734375,25.07150650024414,21.50240135192871,72.20962524414062,44.854881286621094
2017-12-11,25.076623916625977,,24.298974990844727,23.79076385498047,64.71037292480469,29.52739143371582,45.26546096801758,25.131916046142578,21.633258819580078,72.51408386230469,44.951751708984375
2017-12-12,25.08083724975586,,24.23280906677246,24.02918243408203,64.77983856201172,29.5181827545166,45.2734375,25.245189666748047,21.2637882232666,72.80113220214844,44.970211029052734
2017-12-13,25.14826011657715,,24.19799041748047,23.73116111755371,65.03160858154297,29.52739143371582,45.52946472167969,25.237640380859375,21.321516036987305,73.05342102050781,45.00709533691406
2017-12-14,24.870145797729492,,24.110933303833008,23.577890396118164,64.5888442993164,29.49056625366211,45.32944869995117,25.26029396057129,21.294584274291992,72.31399536132812,45.14546203613281
2017-12-15,25.017505645751953,,24.089197158813477,23.790037155151367,65.04444885253906,29.826904296875,45.84366226196289,25.3404598236084,21.372661590576172,73.1096420288086,45.34077835083008
2017-12-18,25.385906219482422,,24.27499008178711,24.00389862060547,65.50704956054688,30.09024429321289,45.819480895996094,25.424448013305664,21.135700225830078,73.13580322265625,45.74803161621094
2017-12-19,25.356264114379883,,24.310039520263672,23.901248931884766,65.52452850341797,29.905452728271484,45.87589645385742,24.943443298339844,20.75113296508789,73.04850006103516,45.687870025634766
2017-12-20,25.364736557006836,,24.653583526611328,23.858476638793945,65.74273681640625,29.896211624145508,45.79529571533203,24.676219940185547,20.587982177734375,72.81269836425781,45.599945068359375
2017-12-21,25.453659057617188,,25.175880432128906,24.063785552978516,65.79510498046875,29.836145401000977,45.76305389404297,24.592235565185547,20.343259811401367,72.6467514038086,45.89613723754883
2017-12-22,25.551048278808594,,25.22846221923828,23.995344161987305,65.81256866455078,29.817668914794922,45.835594177246094,24.7525691986084,20.374330520629883,72.41095733642578,45.80820083618164
2017-12-26,25.529878616333008,,25.449302673339844,23.92691421508789,65.88237762451172,29.619003295898438,45.94038391113281,24.88236427307129,20.25391387939453,72.42842102050781,45.91001510620117
2017-12-27,25.563756942749023,,25.365171432495117,23.95257568359375,66.03951263427734,29.651344299316406,45.93231964111328,24.98162269592285,20.339378356933594,72.55069732666016,45.817447662353516
2017-12-28,25.678089141845703,,25.403736114501953,24.046674728393555,66.17044067382812,29.702165603637695,45.85978698730469,25.126680374145508,20.4520320892334,72.6554946899414,45.942413330078125
2017-12-29,25.631505966186523,,25.330114364624023,23.875587463378906,66.04823303222656,29.54508399963379,45.85171890258789,25.149587631225586,20.463680267333984,72.21006774902344,45.67399597167969
2018-01-02,25.995676040649414,,25.74726104736328,23.884140014648438,66.44100952148438,29.910064697265625,45.56962585449219,25.0045223236084,20.27334213256836,73.02233123779297,46.36819839477539
2018-01-03,26.177759170532227,,26.132863998413086,24.0124568939209,66.79888153076172,30.15955352783203,45.55351257324219,25.01215934753418,20.114072799682617,73.72101593017578,46.581077575683594
2018-01-04,26.40642547607422,,26.29059600830078,24.234874725341797,67.28765106201172,30.312009811401367,45.68246841430664,24.584598541259766,19.947036743164062,73.82577514648438,46.73381805419922
2018-01-05,26.618152618408203,,26.28008460998535,24.303308486938477,67.75027465820312,30.63079261779785,45.88396453857422,24.638042449951172,19.939271926879883,74.45463562011719,47.104042053222656
2018-01-08,26.656265258789062,,26.437822341918945,24.26909065246582,68.02958679199219,30.746294021606445,45.99679183959961,24.80601692199707,20.125722885131836,74.18391418457031,47.15959548950195
2018-01-09,26.61391258239746,,26.37123680114746,24.457294464111328,68.46601104736328,30.667743682861328,45.93231964111328,24.523521423339844,19.927614212036133,75.05725860595703,47.25215148925781
2018-01-10,26.452999114990234,,26.33966827392578,24.66259765625,68.457275390625,30.56150245666504,45.706642150878906,24.14177131652832,19.710084915161133,74.9262466430664,47.21975326538086
2018-01-11,26.800233840942383,,26.8795166015625,24.782358169555664,69.33014678955078,30.686227798461914,45.64216232299805,23.989076614379883,19.636276245117188,75.24940490722656,47.98800277709961
2018-01-12,26.84258270263672,,27.138904571533203,25.004772186279297,69.97604370117188,30.866411209106445,45.65828323364258,23.813472747802734,19.52362060546875,75.82582092285156,48.60814666748047
2018-01-16,26.52922821044922,,26.79538345336914,24.936344146728516,69.34758758544922,30.746294021606445,45.86784744262695,23.92799949645996,19.480892181396484,76.20138549804688,48.261051177978516
2018-01-17,26.65203094482422,,27.030242919921875,25.124542236328125,69.73164367675781,31.208297729492188,46.39173126220703,24.065425872802734,19.601314544677734,76.93497467041016,48.49245071411133
2018-01-18,26.635089874267578,,26.809410095214844,25.090322494506836,69.35630798339844,31.263750076293945,46.254703521728516,23.83637809753418,19.477006912231445,76.95246887207031,48.4508171081543
2018-01-19,26.796001434326172,,26.774341583251953,25.269969940185547,69.55706787109375,31.32379913330078,46.77052688598633,24.00434684753418,19.418745040893555,77.24067687988281,48.871971130371094
2018-01-22,26.732481002807617,,27.352750778198242,25.475276947021484,69.55706787109375,31.62870979309082,47.125152587890625,24.23339080810547,19.44593620300293,77.7472152709961,49.41342544555664
2018-01-23,26.72824478149414,,27.31068229675293,25.500940322875977,69.59198760986328,31.76732063293457,46.972015380859375,24.60750389099121,19.632394790649414,77.3716812133789,49.8299560546875
2018-01-24,26.84258270263672,,27.237058639526367,25.672027587890625,69.53089141845703,31.5224552154541,47.06874084472656,24.538789749145508,19.511972427368164,77.59874725341797,50.0428466796875
2018-01-25,27.020429611206055,,27.02323341369629,25.620698928833008,69.60070037841797,31.467018127441406,47.092918395996094,24.485347747802734,19.81496810913086,78.26252746582031,49.95492935180664
2018-01-26,27.138996124267578,,27.17045783996582,25.808902740478516,70.40373229980469,31.965988159179688,47.31858825683594,24.554061889648438,19.82662010192871,79.94811248779297,50.44549560546875
2018-01-29,26.82988166809082,,26.760326385498047,25.706249237060547,69.93238067626953,31.674917221069336,47.133216857910156,24.27156639099121,19.574127197265625,79.72976684570312,50.30664825439453
2018-01-30,26.635089874267578,,26.220495223999023,25.372621536254883,69.38249969482422,31.388477325439453,46.818878173828125,24.172319412231445,19.60908317565918,78.05290985107422,50.05672836303711
2018-01-31,26.656265258789062,,26.238018035888672,25.441062927246094,69.59198760986328,31.62409782409668,46.60127258300781,24.66858673095703,19.82662010192871,76.9437026977539,49.89474868774414
2018-02-01,26.292097091674805,,26.5079402923584,25.680585861206055,69.46978759765625,31.651813507080078,46.3997802734375,24.218128204345703,19.515853881835938,76.9699478149414,49.33938980102539
2018-02-02,25.601869583129883,,25.40022850036621,25.11598777770996,68.07321166992188,30.713958740234375,45.51321029663086,23.943262100219727,19.37601089477539,75.88694763183594,48.867332458496094
2018-02-05,24.623695373535156,,24.334577560424805,23.849924087524414,64.98334503173828,29.429588317871094,43.86097717285156,23.324827194213867,19.057479858398438,72.52448272705078,47.21975326538086
2018-02-06,25.42824935913086,,24.527376174926758,24.28619956970215,66.17044067382812,30.27504539489746,44.34455871582031,23.27902603149414,18.773908615112305,73.32799530029297,48.42767333984375
2018-02-07,25.1995906829834,,24.117246627807617,24.303308486938477,66.29261779785156,29.886964797973633,44.15111541748047,23.172134399414062,18.6845703125,73.24066925048828,48.279571533203125
2018-02-08,24.314571380615234,,23.388118743896484,23.233997344970703,63.73518371582031,28.64879608154297,43.200069427490234,22.44681167602539,18.47480583190918,70.69915008544922,46.354305267333984
2018-02-09,24.738025665283203,,23.370590209960938,23.6788330078125,64.42473602294922,29.35103988647461,43.28873062133789,22.973623275756836,18.863252639770508,71.70352172851562,46.66438293457031
2018-02-12,25.237699508666992,,23.752681732177734,24.0124568939209,65.46343231201172,29.877723693847656,43.73200225830078,23.034704208374023,19.006980895996094,72.37600708007812,47.29843521118164
2018-02-13,25.174182891845703,,23.65453338623047,24.115114212036133,65.61180114746094,29.95164680480957,43.93351745605469,23.202669143676758,19.09244728088379,72.42842102050781,47.54372024536133
2018-02-14,25.512941360473633,,23.998064041137695,24.68825912475586,66.44100952148438,30.50142478942871,43.909332275390625,23.057607650756836,18.878795623779297,73.2493896484375,48.30270767211914
2018-02-15,25.70349884033203,,23.9384708404541,24.825138092041016,67.44477844238281,31.083541870117188,44.634700775146484,23.271385192871094,19.298322677612305,74.06163024902344,48.733116149902344
2018-02-16,25.610342025756836,,23.87887954711914,24.790916442871094,67.46224975585938,31.037351608276367,44.812007904052734,23.424083709716797,19.4692440032959,74.5943832397461,48.49709701538086
2018-02-20,25.496002197265625,,23.74917221069336,24.713926315307617,66.78142547607422,31.0650691986084,43.79649353027344,23.18740463256836,19.216745376586914,73.77339935302734,48.34897994995117
2018-02-21,25.407085418701172,,23.349559783935547,24.748138427734375,66.79888153076172,30.866411209106445,43.272605895996094,22.759841918945312,18.964258193969727,73.46771240234375,48.279571533203125
2018-02-22,25.576459884643555,,23.60545539855957,24.5428409576416,67.24402618408203,30.903369903564453,43.38544845581055,23.01943016052246,19.061365127563477,73.35416412353516,48.33972930908203
2018-02-23,25.95332908630371,,24.117246627807617,24.910680770874023,67.80265045166016,31.5501708984375,43.804542541503906,23.439353942871094,19.558584213256836,74.52450561523438,49.01542282104492
2018-02-26,26.067668914794922,,24.260969161987305,25.28707504272461,68.7365951538086,32.04450988769531,44.07857894897461,23.523340225219727,19.500320434570312,75.46773529052734,49.42731475830078
2018-02-27,25.707725524902344,,23.945478439331055,25.04755210876465,67.87248229980469,31.721118927001953,43.4982795715332,23.01943016052246,19.189556121826172,74.68170928955078,48.381385803222656
2018-02-28,25.250404357910156,,23.395126342773438,24.696815490722656,66.90363311767578,31.494733810424805,43.046939849853516,22.988893508911133,19.057479858398438,73.48519134521484,48.16387176513672
2018-03-01,24.99209976196289,,23.360071182250977,24.26909065246582,65.5943603515625,30.97266960144043,42.95021057128906,22.874364852905273,19.061365127563477,72.31487274169922,47.64553451538086
2018-03-02,24.966690063476562,,23.468746185302734,24.328981399536133,65.5768814086914,31.268367767333984,43.31291198730469,22.798019409179688,19.01087188720703,73.04850006103516,47.69181823730469
2018-03-05,25.29698371887207,,23.717626571655273,24.671152114868164,66.36244201660156,31.587129592895508,43.69172286987305,23.118684768676758,19.399322509765625,73.7122573852539,48.261051177978516
2018-03-06,25.576459884643555,,23.73164939880371,24.773807525634766,66.65924072265625,31.656442642211914,43.72395706176758,23.210308074951172,19.139053344726562,73.60746765136719,48.59427261352539
2018-03-07,25.483299255371094,,23.55286979675293,24.73103904724121,66.6504898071289,31.832006454467773,43.32902526855469,23.309560775756836,18.995328903198242,73.98301696777344,48.26569747924805
2018-03-08,25.504472732543945,,23.545860290527344,24.808025360107422,66.9996337890625,31.97058868408203,43.72395706176758,23.492801666259766,19.13517189025879,74.48081970214844,48.41841125488281
2018-03-09,25.966039657592773,,23.994558334350586,25.406837463378906,68.47473907470703,32.57582092285156,44.006046295166016,23.64550018310547,19.189556121826172,75.55506896972656,49.168155670166016
2018-03-12,25.902515411376953,,23.9875431060791,25.321298599243164,67.62808227539062,32.67747116088867,43.92543411254883,23.760025024414062,19.271129608154297,75.23193359375,49.330135345458984
2018-03-13,25.796653747558594,,23.815776824951172,25.03899574279785,67.29639434814453,32.30323791503906,43.89320373535156,23.83637809753418,19.31385612487793,75.3279800415039,48.983028411865234
2018-03-14,25.47907066345215,,23.67556381225586,24.756698608398438,66.56321716308594,32.275508880615234,43.44991683959961,23.882179260253906,19.511972427368164,74.96116638183594,48.9228630065918
2018-03-15,25.144540786743164,,23.55286979675293,24.765247344970703,66.7552490234375,32.29401397705078,43.14365005493164,23.882179260253906,19.500320434570312,74.83892059326172,48.871971130371094
2018-03-16,25.142841339111328,,23.762929916381836,24.786712646484375,67.1119155883789,32.26063919067383,43.15906524658203,24.00736427307129,19.671390533447266,74.8388900756836,48.82090759277344
2018-03-19,24.781532287597656,,23.39577293395996,24.606416702270508,66.59488677978516,31.62106704711914,42.73759460449219,23.76929473876953,19.550037384033203,73.62943267822266,48.21284484863281
2018-03-20,24.75602912902832,,23.593469619750977,24.666521072387695,66.8227310180664,31.60716438293457,42.616024017333984,23.761611938476562,19.459997177124023,73.73458862304688,48.50062942504883
2018-03-21,25.036571502685547,,24.21129035949707,24.657934188842773,66.90157318115234,31.417158126831055,42.08919906616211,23.546573638916016,19.393447875976562,73.4190902709961,48.4635009765625
2018-03-22,24.288454055786133,,23.717037200927734,23.747854232788086,64.6931381225586,30.606124877929688,41.74068069458008,23.46209144592285,19.479570388793945,71.30690002441406,47.433040618896484
2018-03-23,23.81237030029297,,23.57229232788086,23.02665901184082,63.74667739868164,29.790451049804688,41.22195053100586,23.093456268310547,19.205537796020508,69.82568359375,46.50007629394531
2018-03-26,24.30120277404785,,23.99593734741211,23.77361488342285,65.2890853881836,30.921266555786133,41.81363296508789,23.4083309173584,19.40518569946289,71.27181243896484,47.874000549316406
2018-03-27,24.05466079711914,,23.769990921020508,23.309980392456055,64.38642120361328,29.929487228393555,41.78931427001953,23.446735382080078,19.68313217163086,70.43045043945312,46.936397552490234
2018-03-28,23.748613357543945,,23.30751609802246,23.352916717529297,64.16732025146484,29.730207443237305,42.364768981933594,23.87681007385254,19.67530059814453,70.80731964111328,46.36546325683594
2018-03-29,24.203441619873047,,23.798234939575195,23.67058563232422,65.10504150390625,30.318784713745117,42.65653610229492,23.869129180908203,19.780996322631836,71.34193420410156,47.015296936035156
2018-04-02,23.676359176635742,,23.32162857055664,23.146852493286133,63.76423645019531,29.59581184387207,41.61100769042969,23.577293395996094,19.628326416015625,69.72053527832031,45.68777847290039
2018-04-03,24.01215934753418,,23.819419860839844,23.46453285217285,64.64933013916016,29.887775421142578,42.16214370727539,23.661771774291992,19.69487953186035,70.7810287475586,46.26799392700195
2018-04-04,24.16943359375,,23.787639617919922,23.71351432800293,64.92976379394531,30.30487823486328,42.81864929199219,23.938247680664062,19.73794174194336,71.78890228271484,47.11741256713867
2018-04-05,24.62000274658203,,24.214818954467773,23.902393341064453,65.58705139160156,30.430011749267578,42.924007415771484,23.961292266845703,19.894527435302734,71.736328125,47.748687744140625
2018-04-06,24.020662307739258,,23.777053833007812,23.327157974243164,63.77296447753906,29.68385887145996,42.4863395690918,23.715526580810547,19.73794174194336,70.00973510742188,46.73215866088867
2018-04-09,24.15243148803711,,23.890018463134766,23.455944061279297,63.580162048339844,29.915584564208984,42.46202850341797,23.707853317260742,19.77708625793457,70.7021255493164,46.62075424194336
2018-04-10,24.649757385253906,,24.68082618713379,23.807958602905273,64.55294036865234,30.652462005615234,42.55928039550781,23.546573638916016,19.624412536621094,71.8940658569336,47.18703842163086
2018-04-11,24.46697998046875,,24.938547134399414,23.524625778198242,64.07971954345703,30.471725463867188,42.47822952270508,23.608009338378906,19.597017288208008,71.30690002441406,47.043148040771484
2018-04-12,24.726268768310547,,24.935016632080078,23.936737060546875,64.9998779296875,30.83785057067871,42.41341018676758,23.331533432006836,19.338640213012695,71.78890228271484,47.24738311767578
2018-04-13,24.700763702392578,,25.210384368896484,23.576143264770508,64.84213256835938,30.73588752746582,42.62413024902344,23.45441246032715,19.491310119628906,71.75386810302734,46.98280715942383
2018-04-16,25.032320022583008,,25.468097686767578,23.679162979125977,65.49064636230469,30.97224998474121,43.08610916137695,23.561933517456055,19.75751304626465,72.32352447509766,47.335567474365234
2018-04-17,25.317115783691406,,25.56694984436035,23.679162979125977,66.04271697998047,31.546918869018555,43.1833610534668,23.87681007385254,19.9571590423584,72.88447570800781,48.21748352050781
2018-04-18,25.49989891052246,,25.96941375732422,23.56756019592285,66.72632598876953,31.463497161865234,42.85918045043945,23.815370559692383,19.88278579711914,72.94583892822266,48.44493103027344
2018-04-19,25.215105056762695,,26.001190185546875,23.92815399169922,66.54229736328125,31.11591148376465,41.61910629272461,23.416011810302734,19.871036529541016,72.3322982788086,48.291751861572266
2018-04-20,25.07908058166504,,25.877628326416016,23.936737060546875,66.2530746459961,30.68490219116211,40.922080993652344,23.208654403686523,19.69095802307129,71.94666290283203,47.79973602294922
2018-04-23,25.006820678710938,,26.036497116088867,23.910982131958008,66.17422485351562,30.57367515563965,40.873443603515625,23.25473403930664,19.702707290649414,72.22714233398438,47.901851654052734
2018-04-24,24.330963134765625,,25.757593154907227,23.75643539428711,64.3250961303711,30.040712356567383,40.61408233642578,23.277769088745117,19.835805892944336,71.68374633789062,47.145263671875
2018-04-25,24.462730407714844,,25.962356567382812,23.739269256591797,64.50914001464844,30.045351028442383,40.68703079223633,23.200977325439453,19.839725494384766,72.0080337524414,47.3402099609375
2018-04-26,24.615751266479492,,26.340099334716797,23.747854232788086,64.27249908447266,30.592222213745117,40.9301872253418,23.500490188598633,20.039369583129883,72.91950988769531,48.1060791015625
2018-04-27,24.551992416381836,,26.061195373535156,23.782196044921875,64.14105224609375,30.536602020263672,41.14901351928711,23.815370559692383,20.242935180664062,73.21752166748047,48.32424545288086
2018-04-30,24.23318862915039,,26.057668685913086,23.56756019592285,63.290985107421875,30.337322235107422,40.8896598815918,23.723209381103516,20.18421745300293,72.09567260742188,48.133934020996094
2018-05-01,24.21194076538086,,25.898807525634766,23.576143264770508,63.00177764892578,30.71734619140625,40.53304672241211,23.892168045043945,20.12158203125,72.06060028076172,48.19891357421875
2018-05-02,24.156675338745117,,26.004716873168945,23.309980392456055,62.44967269897461,30.68490219116211,39.73875427246094,23.784648895263672,20.10201072692871,71.07024383544922,47.86936950683594
2018-05-03,24.26719856262207,,25.944700241088867,23.112520217895508,62.59864044189453,30.754425048828125,39.6982307434082,23.77696990966797,20.074602127075195,70.43045043945312,47.655845642089844
2018-05-04,24.56899642944336,,26.071792602539062,23.413013458251953,63.32600784301758,31.338380813598633,40.273685455322266,24.045759201049805,20.164640426635742,70.99137115478516,48.28246307373047
2018-05-07,24.560497283935547,,26.107105255126953,23.56756019592285,63.74667739868164,31.55619239807129,40.02243423461914,24.091846466064453,20.05894660949707,70.88617706298828,48.44493103027344
2018-05-08,24.509490966796875,,26.31185531616211,23.730688095092773,64.20238494873047,31.625709533691406,39.86033630371094,23.922883987426758,19.5578670501709,70.35155487060547,48.240692138671875
2018-05-09,24.8622989654541,,26.848468780517578,24.082691192626953,64.89472198486328,32.015018463134766,39.917057037353516,24.107206344604492,19.420846939086914,70.75471496582031,48.40778732299805
2018-05-10,25.04082489013672,,27.049701690673828,24.28016471862793,65.33289337158203,32.43210983276367,40.152099609375,24.329925537109375,19.69487953186035,71.7012710571289,48.58415985107422
2018-05-11,25.032320022583008,,27.08854866027832,24.26299285888672,65.47309875488281,32.38575744628906,40.152099609375,24.214723587036133,19.72228240966797,72.7705307006836,48.686283111572266
2018-05-14,25.130084991455078,,27.275651931762695,24.245826721191406,65.35920715332031,32.381141662597656,40.135887145996094,24.045759201049805,19.647897720336914,73.25257110595703,48.77912139892578
2018-05-15,25.05357551574707,,27.282712936401367,24.20289421081543,65.14012145996094,32.07525634765625,39.98190689086914,23.638731002807617,19.48348617553711,72.30602264404297,48.49598693847656
2018-05-16,25.35112762451172,,27.37803840637207,24.245826721191406,65.37672424316406,32.21891784667969,40.26557922363281,23.577293395996094,19.330810546875,72.70915985107422,48.899818420410156
2018-05-17,25.410633087158203,,27.791091918945312,24.194307327270508,65.63086700439453,32.05208206176758,40.40335464477539,23.45441246032715,19.174222946166992,72.73546600341797,48.737342834472656
2018-05-18,25.444643020629883,,27.57573127746582,23.996843338012695,66.01646423339844,31.917692184448242,40.152099609375,23.469770431518555,19.17814064025879,72.91950988769531,48.677005767822266
2018-05-21,25.58066177368164,,27.858165740966797,24.168548583984375,67.01551055908203,32.195762634277344,40.32231140136719,23.707853317260742,19.2760009765625,72.98963928222656,48.94622039794922
2018-05-22,25.368125915527344,,27.487470626831055,24.331676483154297,66.19174194335938,32.1494140625,40.249359130859375,23.738576889038086,19.34646987915039,72.84940338134766,48.728057861328125
2018-05-23,25.308610916137695,,27.483938217163086,24.177139282226562,66.13040161132812,32.38575744628906,40.3952522277832,23.93056869506836,19.522634506225586,73.08602905273438,49.08082962036133
2018-05-24,25.219348907470703,,27.032060623168945,23.98825454711914,66.45463562011719,32.34869384765625,40.36283874511719,23.838407516479492,19.68313217163086,72.79680633544922,49.187591552734375
2018-05-25,25.083332061767578,,26.32951545715332,23.910982131958008,66.33196258544922,32.32551956176758,40.42767333984375,23.953603744506836,19.769256591796875,72.6916275024414,49.26185607910156
2018-05-29,24.649757385253906,,26.24831771850586,23.112520217895508,65.27159118652344,32.1494140625,40.338523864746094,24.01504898071289,19.769256591796875,71.94666290283203,48.88124084472656
2018-05-30,24.93880271911621,,27.042646408081055,23.533214569091797,66.19174194335938,32.38575744628906,40.90586853027344,24.329925537109375,19.929758071899414,73.02467346191406,49.32685089111328
2018-05-31,24.73052406311035,,26.837888717651367,23.33574867248535,65.23650360107422,32.39503860473633,40.249359130859375,24.25312614440918,19.961076736450195,72.22714233398438,49.09011459350586
2018-06-01,25.108835220336914,,26.9649715423584,23.593311309814453,65.95510864257812,32.946533203125,40.249359130859375,24.352964401245117,19.65572738647461,73.05975341796875,49.45215606689453
2018-06-04,25.25336265563965,,26.73197364807129,23.67058563232422,65.85872650146484,33.2107048034668,40.581668853759766,24.591045379638672,19.499143600463867,73.33142852783203,50.004520416259766
2018-06-05,25.444643020629883,,26.668434143066406,23.56756019592285,65.93759155273438,33.326568603515625,40.3952522277832,24.468162536621094,19.39735984802246,73.18244934082031,50.29695129394531
2018-06-06,25.916467666625977,,26.795520782470703,23.996843338012695,66.48970794677734,33.54437255859375,40.44389343261719,24.537282943725586,18.935428619384766,74.00631713867188,50.76575469970703
2018-06-07,25.78469467163086,,27.20151710510254,24.074108123779297,66.77013397216797,33.27558898925781,40.69514083862305,24.537282943725586,19.068527221679688,74.10270690917969,50.91429138183594
2018-06-08,25.856950759887695,,27.1485652923584,24.10845184326172,66.98920440673828,33.219970703125,41.19765090942383,24.621761322021484,19.060697555541992,74.53215026855469,51.02103805541992
2018-06-11,25.895214080810547,,27.289772033691406,24.056941986083984,67.12068176269531,33.25705337524414,41.53805160522461,24.61408042907715,19.021554946899414,74.67237854003906,51.22528076171875
2018-06-12,25.929218292236328,,27.08147430419922,23.996843338012695,67.05056762695312,33.419254302978516,41.61910629272461,24.752321243286133,19.24077606201172,74.62858581542969,51.471275329589844
2018-06-13,25.64867401123047,,26.97909927368164,23.910982131958008,66.5159912109375,33.24777603149414,41.48942184448242,24.199365615844727,19.18988037109375,74.64611053466797,51.55019760131836
2018-06-14,25.686927795410156,,26.940261840820312,23.687753677368164,66.26188659667969,33.48413848876953,41.5623779296875,24.429767608642578,19.428678512573242,75.03173828125,52.08863067626953
2018-06-15,25.507568359375,,26.36163902282715,23.686893463134766,66.09644317626953,33.35625076293945,42.0965461730957,24.39025115966797,19.56692123413086,75.17776489257812,52.174259185791016
2018-06-18,25.443511962890625,,26.624645233154297,23.643779754638672,65.82366180419922,33.39344787597656,41.483970642089844,24.367021560668945,19.630117416381836,74.45641326904297,52.08583068847656
2018-06-19,24.978031158447266,46.32430648803711,26.56423568725586,23.58342170715332,64.43344116210938,33.22136306762695,41.704505920410156,24.398008346557617,19.823640823364258,74.64994812011719,52.02067947387695
2018-06-20,24.89689064025879,46.899192810058594,26.6815185546875,23.52306365966797,64.47747039794922,33.29113006591797,41.745330810546875,24.66134262084961,19.83945083618164,74.80828094482422,52.267333984375
2018-06-21,24.632123947143555,46.61176300048828,26.187484741210938,23.454078674316406,63.667964935302734,33.03532409667969,41.8270149230957,24.808507919311523,19.906597137451172,74.37724304199219,51.89501953125
2018-06-22,24.990846633911133,46.81574249267578,26.709951400756836,23.34197998046875,63.88792419433594,32.9283561706543,42.17005157470703,25.0253849029541,20.04483413696289,74.7115249633789,51.80659866333008
2018-06-25,24.60222816467285,45.85142517089844,26.17327308654785,23.091922760009766,63.07845687866211,32.24467468261719,42.38241195678711,24.96341323852539,20.376611709594727,74.0253677368164,50.68036651611328
2018-06-26,24.69618034362793,45.92745590209961,26.503803253173828,23.014310836791992,63.31599426269531,32.37490463256836,42.202735900878906,25.095096588134766,20.400310516357422,73.79663848876953,51.043373107910156
2018-06-27,24.619312286376953,45.526885986328125,26.859230041503906,22.729764938354492,62.80567932128906,31.933063507080078,42.11288070678711,25.0253849029541,20.499053955078125,73.17208099365234,50.38252639770508
2018-06-28,24.713258743286133,45.98124313354492,26.823688507080078,22.92808723449707,62.8936882019043,32.3237419128418,42.11288070678711,25.273237228393555,20.49115562438965,73.26884460449219,50.77809524536133
2018-06-29,24.798669815063477,45.925594329833984,26.990734100341797,22.92808723449707,63.025657653808594,32.309791564941406,42.08836364746094,25.33519744873047,20.522756576538086,73.41837310791016,50.866519927978516
2018-07-02,24.666284561157227,46.21303939819336,26.592666625976562,23.040180206298828,63.16644287109375,32.5981330871582,41.843345642089844,25.188039779663086,20.66888999938965,73.64710998535156,50.93632888793945
2018-07-03,24.623580932617188,45.647430419921875,26.759708404541016,22.83323860168457,62.96407699584961,32.212120056152344,41.94135284423828,25.33519744873047,20.728130340576172,73.82302856445312,50.68036651611328
2018-07-05,24.83710289001465,46.34285354614258,26.731277465820312,22.884967803955078,63.27202224731445,32.667911529541016,42.52127456665039,25.668251037597656,20.838726043701172,74.58836364746094,50.931678771972656
2018-07-06,24.960952758789062,47.075355529785156,26.8947696685791,22.997068405151367,63.492000579833984,33.04927444458008,42.651947021484375,25.776687622070312,21.00066566467285,75.66157531738281,51.331912994384766
2018-07-09,25.18301010131836,47.34425735473633,27.296401977539062,23.52306365966797,64.67101287841797,33.30042266845703,42.48859786987305,25.536579132080078,20.352914810180664,76.21577453613281,51.94622039794922
2018-07-10,25.396533966064453,47.324790954589844,27.498985290527344,23.436830520629883,64.87340545654297,33.37948226928711,42.99500274658203,25.660505294799805,20.54644775390625,76.50605010986328,52.05790710449219
2018-07-11,24.96949005126953,47.26081085205078,26.91609764099121,23.324735641479492,63.8087272644043,33.24925231933594,42.85614013671875,25.58304786682129,20.732086181640625,75.8990707397461,51.93689727783203
2018-07-12,25.029273986816406,48.00259017944336,26.962305068969727,23.367849349975586,64.55664825439453,33.774818420410156,42.798973083496094,25.6450138092041,20.74789047241211,76.74356842041016,52.281288146972656
2018-07-13,25.016464233398438,47.92840576171875,27.10447120666504,23.264373779296875,64.89100646972656,33.73761749267578,43.07667922973633,25.559816360473633,20.751832962036133,76.88433837890625,52.397647857666016
2018-07-16,24.815752029418945,47.789329528808594,26.791696548461914,23.678274154663086,64.62701416015625,33.65855026245117,42.87248992919922,25.420394897460938,20.732086181640625,76.41812133789062,52.5279426574707
2018-07-17,25.140310287475586,47.79860305786133,26.685075759887695,23.704143524169922,64.8822021484375,33.90969467163086,43.240028381347656,25.249998092651367,20.716289520263672,76.8403549194336,52.57914733886719
2018-07-18,24.905437469482422,47.659507751464844,26.702844619750977,24.083547592163086,65.59488677978516,33.853885650634766,42.8888053894043,25.157054901123047,20.60964012145996,76.90192413330078,52.54655838012695
2018-07-19,24.995113372802734,47.325714111328125,26.709951400756836,23.721384048461914,65.5685043334961,33.73295593261719,42.91332244873047,25.39716148376465,20.799230575561523,76.47087097167969,52.42555236816406
2018-07-20,24.892620086669922,47.1680908203125,26.617538452148438,23.764501571655273,65.49813079833984,33.74225616455078,43.1746826171875,25.172548294067383,20.653087615966797,76.32135009765625,52.19287109375
2018-07-23,24.755966186523438,47.36280059814453,26.500247955322266,24.092172622680664,65.09335327148438,33.91434097290039,42.90515899658203,25.102834701538086,20.5069522857666,76.47969818115234,52.13702392578125
2018-07-24,25.076255798339844,47.69660568237305,26.8343563079834,24.161148071289062,65.36611938476562,34.100379943847656,42.986820220947266,25.033126831054688,20.578048706054688,77.17462921142578,51.98344039916992
2018-07-25,25.272693634033203,48.03968048095703,27.058263778686523,24.21288299560547,66.3603744506836,34.528255462646484,43.313533782958984,25.28097915649414,20.637292861938477,78.15987396240234,52.365055084228516
2018-07-26,25.417888641357422,46.22787857055664,27.353261947631836,24.204259872436523,66.8707046508789,33.99806213378906,43.542236328125,25.36618423461914,20.85848045349121,77.9399642944336,52.090484619140625
2018-07-27,25.32394027709961,45.35072326660156,27.235973358154297,24.255998611450195,66.87950134277344,33.416690826416016,43.59941864013672,25.133821487426758,20.79132843017578,77.37698364257812,51.95552444458008
2018-07-30,25.27695655822754,44.63675308227539,27.45989227294922,24.273250579833984,66.21961212158203,32.895809173583984,43.55039978027344,25.11058235168457,20.664941787719727,77.42097473144531,51.54133605957031
2018-07-31,25.507568359375,44.93345260620117,27.41014289855957,24.100791931152344,67.68022155761719,32.984153747558594,43.754608154296875,25.598533630371094,20.850576400756836,78.23025512695312,51.7833366394043
2018-08-01,25.247066497802734,44.74801254272461,27.02982521057129,24.100791931152344,66.76512908935547,33.28181838989258,43.38705062866211,25.768938064575195,20.716289520263672,78.24784088134766,51.527374267578125
2018-08-02,25.080522537231445,45.044734954833984,26.880550384521484,24.10940933227539,66.67715454101562,33.700401306152344,43.828102111816406,25.6450138092041,20.81897735595703,78.53813934326172,51.88105392456055
2018-08-03,25.31966781616211,45.35072326660156,26.741939544677734,24.247377395629883,66.73872375488281,33.821327209472656,44.34267807006836,25.978069305419922,21.05201530456543,79.00438690185547,52.05790710449219
2018-08-06,25.311124801635742,45.805076599121094,26.841463088989258,24.37672233581543,66.83552551269531,34.00270462036133,44.383506774902344,25.923847198486328,21.06781005859375,79.14512634277344,52.406944274902344
2018-08-07,25.396533966064453,45.860694885253906,27.040494918823242,24.488815307617188,67.3106460571289,34.1329460144043,44.11397171020508,25.869630813598633,21.036209106445312,79.1539306640625,52.64894485473633
2018-08-08,25.28977394104004,45.8235969543457,26.84501075744629,24.54917335510254,67.01151275634766,34.2259521484375,43.77909851074219,25.70697784423828,20.92561912536621,79.27709197998047,52.70479965209961
2018-08-09,25.426433563232422,46.07395553588867,26.596221923828125,24.402589797973633,66.64195251464844,34.239906311035156,43.648406982421875,25.75344467163086,21.020416259765625,79.18909454345703,52.9002571105957
2018-08-10,25.059171676635742,45.68452453613281,26.759708404541016,24.118038177490234,66.05241394042969,33.96550369262695,43.48506164550781,25.505596160888672,20.92957305908203,78.84602355957031,52.45814514160156
2018-08-13,24.807207107543945,45.6196174621582,26.418508529663086,23.885217666625977,65.73565673828125,33.919002532958984,43.48506164550781,25.497846603393555,20.957225799560547,78.8724136352539,52.19287109375
2018-08-14,25.016464233398438,45.94414520263672,26.48248291015625,24.10940933227539,66.19320678710938,34.12828826904297,43.78726577758789,25.598533630371094,21.00066566467285,79.24188995361328,52.700138092041016
2018-08-15,24.619312286376953,45.30436325073242,25.55838394165039,23.919708251953125,65.87647247314453,33.821327209472656,43.96695327758789,25.82316017150879,21.19420623779297,79.10991668701172,52.05790710449219
2018-08-16,24.76877784729004,45.28581237792969,25.743202209472656,24.238754272460938,66.71231842041016,33.97016143798828,44.595882415771484,26.024532318115234,21.423288345336914,79.88404846191406,52.31386947631836
2018-08-17,24.952407836914062,45.07255935668945,25.80718421936035,24.29048728942871,67.11708068847656,34.02132034301758,44.938926696777344,26.272388458251953,21.533878326416016,80.13035583496094,52.36040115356445
2018-08-20,25.127492904663086,45.146732330322266,25.98133087158203,24.36809539794922,67.56582641601562,33.97016143798828,44.91442108154297,26.303373336791992,21.458837509155273,80.39427947998047,52.73270797729492
2018-08-21,25.2257137298584,45.42489242553711,26.112834930419922,24.46295166015625,68.06735229492188,34.02596664428711,44.595882415771484,26.063268661499023,21.30479621887207,80.39427947998047,53.15155792236328
2018-08-22,25.09760284423828,45.369266510009766,26.42561912536621,24.37672233581543,67.40743255615234,34.12828826904297,44.31816482543945,25.900609970092773,21.146812438964844,80.47346496582031,53.2074089050293
2018-08-23,24.926786422729492,45.18381118774414,26.301219940185547,24.26462173461914,67.21385192871094,34.202701568603516,44.21198654174805,25.838651657104492,21.131004333496094,80.44705963134766,53.15620040893555
2018-08-24,25.2513427734375,45.8421516418457,26.493141174316406,24.35085105895996,67.5042495727539,34.54686737060547,44.15482711791992,26.01679229736328,21.221853256225586,80.8341293334961,53.46802520751953
2018-08-27,25.597248077392578,46.28721237182617,26.688627243041992,24.67852020263672,68.35771942138672,34.86312484741211,44.179317474365234,25.978069305419922,21.091508865356445,81.12443542480469,53.81241226196289
2018-08-28,25.4990291595459,46.08322525024414,26.574886322021484,24.65264892578125,68.21693420410156,34.92359161376953,44.032291412353516,26.29562759399414,21.048063278198242,81.16839599609375,53.919456481933594
2018-08-29,25.69120216369629,46.34285354614258,26.73839569091797,24.644025802612305,68.26969909667969,35.23984909057617,44.0813102722168,26.25690460205078,21.202104568481445,81.69619750976562,54.524444580078125
2018-08-30,25.387996673583984,46.0554084777832,26.66374397277832,24.454320907592773,67.79458618164062,35.13288116455078,43.94245910644531,26.117483139038086,21.210004806518555,81.63463592529297,54.212623596191406
2018-08-31,25.311124801635742,45.60106658935547,26.457605361938477,24.428455352783203,67.83857727050781,35.16078567504883,43.926124572753906,26.218172073364258,21.11916160583496,81.6170425415039,54.42671203613281
2018-09-04,25.136032104492188,45.035457611083984,26.400739669799805,24.54917335510254,67.78578186035156,35.025909423828125,43.86894226074219,25.985811233520508,21.213956832885742,80.966064453125,54.52909851074219
2018-09-05,25.302576065063477,44.45130157470703,26.365192413330078,24.566425323486328,68.26969909667969,34.5887336730957,44.37534713745117,26.14846420288086,21.51017951965332,81.29157257080078,53.942726135253906
2018-09-06,25.35382652282715,44.11750793457031,25.878265380859375,24.454320907592773,68.48088073730469,34.33758544921875,44.49786376953125,26.23366355895996,21.632617950439453,81.29157257080078,53.793785095214844
2018-09-07,25.18728256225586,44.210227966308594,25.874713897705078,24.428455352783203,68.26969909667969,34.22130584716797,44.408023834228516,25.900609970092773,21.36799430847168,81.41471862792969,53.78913497924805
2018-09-10,25.217178344726562,44.302955627441406,25.864042282104492,24.402589797973633,68.62167358398438,34.32826614379883,44.56320571899414,26.04002571105957,21.47463035583496,81.20361328125,53.9892578125
2018-09-11,25.26841926574707,44.74801254272461,26.109289169311523,24.428455352783203,68.60408782958984,34.621280670166016,44.39985275268555,26.047773361206055,21.419336318969727,81.13320922851562,54.42205810546875
2018-09-12,25.281234741210938,44.61820983886719,26.244346618652344,24.204259872436523,68.81525421142578,34.47710418701172,44.91442108154297,26.071014404296875,21.39959144592285,81.53787231445312,54.524444580078125
2018-09-13,25.37944984436035,44.93345260620117,26.255008697509766,24.169767379760742,69.22877502441406,34.88172912597656,44.84907150268555,26.23366355895996,21.5615291595459,82.54949951171875,54.617523193359375
2018-09-14,25.370914459228516,44.850013732910156,26.393619537353516,24.34222412109375,69.5719223022461,34.853824615478516,44.7265510559082,26.00904655456543,21.44698715209961,82.27680969238281,54.412757873535156
2018-09-17,25.46059799194336,44.41421890258789,26.436281204223633,24.238754272460938,69.59832763671875,34.41664505004883,44.88991928100586,26.156206130981445,21.518077850341797,81.97771453857422,53.73794174194336
2018-09-18,25.48621368408203,44.7294807434082,26.610437393188477,24.35947608947754,70.23186492919922,34.63523864746094,44.70204544067383,26.00130844116211,21.478580474853516,82.45274353027344,54.42205810546875
2018-09-19,25.763795852661133,44.850013732910156,26.69218635559082,24.77337074279785,70.17027282714844,34.54686737060547,44.62037658691406,25.75344467163086,21.01251792907715,82.33837890625,54.4453239440918
2018-09-20,26.041383743286133,45.34144592285156,26.699295043945312,24.98893928527832,70.27583312988281,34.95615768432617,45.18394470214844,25.947084426879883,21.05596351623535,83.13888549804688,54.81764602661133
2018-09-21,25.98517417907715,45.138763427734375,26.875717163085938,24.89193344116211,70.73030090332031,34.8180046081543,45.2563362121582,25.947086334228516,21.1456356048584,83.25102996826172,54.57538604736328
2018-09-24,25.62044334411621,45.138763427734375,27.269365310668945,24.614778518676758,69.51904296875,34.99068069458008,44.565399169921875,25.438322067260742,20.958322525024414,83.4188461303711,54.22063446044922
2018-09-25,25.487438201904297,45.15735626220703,27.444721221923828,24.519502639770508,69.30683898925781,34.948673248291016,44.302181243896484,25.414833068847656,20.67138671875,83.1627426147461,54.44934844970703
2018-09-26,25.234275817871094,45.33401107788086,27.17989158630371,24.22503089904785,69.26265716552734,34.8180046081543,44.351531982421875,25.133058547973633,20.468141555786133,83.3481674194336,54.57538604736328
2018-09-27,25.015445709228516,45.72449493408203,27.17989158630371,24.13842010498047,69.3598861694336,35.023345947265625,44.293968200683594,25.211328506469727,20.679357528686523,83.77205657958984,54.76209259033203
2018-09-28,24.856687545776367,45.55714797973633,27.10475730895996,23.887252807617188,69.31570434570312,35.15401840209961,44.359771728515625,25.524417877197266,20.982236862182617,84.0281753540039,54.715415954589844
2018-10-01,25.105554580688477,45.37119674682617,27.480510711669922,23.982521057128906,69.92572784423828,35.322021484375,44.32685089111328,25.328739166259766,20.91050148010254,84.4432601928711,54.54737854003906
2018-10-02,25.212820053100586,45.33401107788086,27.509138107299805,23.982521057128906,70.08489227294922,35.32667541503906,44.58184814453125,25.250465393066406,21.193452835083008,84.34611511230469,53.80986404418945
2018-10-03,25.03261375427246,45.53854751586914,27.73101043701172,24.20771026611328,70.37663269042969,35.43401336669922,44.10477066040039,24.96086311340332,20.938398361206055,84.1871566772461,53.62782669067383
2018-10-04,24.916757583618164,44.88772201538086,27.616500854492188,24.37226676940918,70.14677429199219,34.794681549072266,43.99783706665039,24.84345054626465,21.04998016357422,83.3658447265625,52.78763961791992
2018-10-05,24.732254028320312,44.460060119628906,27.612918853759766,24.251018524169922,69.78428649902344,34.35600662231445,43.95671081542969,24.851280212402344,21.37278938293457,83.26871490478516,52.390869140625
2018-10-08,24.719377517700195,44.31129455566406,27.591447830200195,24.41557502746582,69.96110534667969,33.96868133544922,44.565399169921875,25.172191619873047,21.552125930786133,83.23339080810547,52.5262336730957
2018-10-09,23.899831771850586,44.28339385986328,27.838375091552734,24.32029914855957,68.88243103027344,34.09001159667969,44.46670150756836,25.258291244506836,21.639795303344727,83.37468719482422,52.37218475341797
2018-10-10,23.273374557495117,42.535499572753906,26.965181350708008,23.56679344177246,66.66331481933594,32.438011169433594,43.932037353515625,24.859100341796875,21.52024269104004,81.40532684326172,50.607784271240234
2018-10-11,23.003055572509766,42.17290115356445,26.052631378173828,22.865245819091797,64.90389251708984,32.02733612060547,42.84627914428711,24.13117790222168,21.125703811645508,79.2063980102539,49.71625518798828
2018-10-12,23.067415237426758,43.1119270324707,26.12420654296875,22.891231536865234,65.33712005615234,33.05402374267578,43.08481216430664,24.11552619934082,21.101797103881836,80.42508697509766,50.63579559326172
2018-10-15,22.990182876586914,42.94458770751953,25.905899047851562,22.787294387817383,65.46086120605469,32.5126838684082,43.34803771972656,24.26424217224121,21.201425552368164,79.86873626708984,50.51910400390625
2018-10-16,23.35919189453125,44.078857421875,26.120622634887695,23.168384552001953,66.56607055664062,33.492671966552734,43.83332824707031,24.718217849731445,21.42061424255371,82.0588607788086,51.53200912475586
2018-10-17,23.20901107788086,44.25551986694336,25.95599937438965,23.402231216430664,66.07975006103516,33.338687896728516,44.03896713256836,24.64776611328125,21.38076400756836,82.49159240722656,51.10723114013672
2018-10-18,22.947275161743164,43.4466438293457,25.827173233032227,23.012481689453125,64.9392318725586,32.68534469604492,43.981388092041016,24.655601501464844,21.412641525268555,81.55545043945312,50.12699890136719
2018-10-19,22.784221649169922,43.43735122680664,25.598142623901367,23.099092483520508,64.70053100585938,32.671348571777344,44.98489761352539,24.90607261657715,21.747398376464844,80.81365966796875,49.63688659667969
2018-10-22,22.604005813598633,43.40945053100586,25.3154239654541,22.605411529541016,64.4794921875,32.94200134277344,44.647640228271484,24.553848266601562,21.60792350769043,80.15132141113281,49.83760070800781
2018-10-23,22.380884170532227,43.31647872924805,24.653371810913086,22.42352294921875,63.41853713989258,32.816009521484375,44.845054626464844,24.71038818359375,21.488359451293945,79.71859741210938,49.84694290161133
2018-10-24,21.672901153564453,41.252464294433594,23.67997932434082,21.860557556152344,61.270103454589844,31.34601593017578,45.034244537353516,25.0,22.010419845581055,77.08695220947266,48.357933044433594
2018-10-25,21.951801300048828,42.61919021606445,23.969852447509766,22.198335647583008,61.703338623046875,32.424015045166016,45.14118194580078,25.297428131103516,21.667692184448242,78.08483123779297,49.818939208984375
2018-10-26,21.823078155517578,41.4662971496582,23.790918350219727,21.87788200378418,61.09328842163086,31.77534294128418,44.27750778198242,24.63994026184082,21.269168853759766,77.20171356201172,48.26925277709961
2018-10-29,21.771596908569336,40.82477569580078,23.347158432006836,22.068418502807617,60.07655715942383,31.238676071166992,44.78749084472656,25.04695701599121,21.568063735961914,77.3960189819336,47.84446716308594
2018-10-30,22.269325256347656,41.94046401977539,23.88753890991211,22.449512481689453,61.3143196105957,31.588685989379883,45.67583465576172,25.461795806884766,21.651758193969727,78.22612762451172,48.56331253051758
2018-10-31,22.573970794677734,42.80512237548828,24.034263610839844,22.761316299438477,61.782901763916016,32.34001541137695,45.24810028076172,25.117408752441406,21.396703720092773,78.33208465576172,49.18878936767578
2018-11-01,23.20901107788086,43.05615234375,24.23824691772461,22.865245819091797,62.87038040161133,32.71800994873047,45.568904876708984,25.211328506469727,21.301055908203125,79.32120513916016,50.192359924316406
2018-11-02,23.153230667114258,42.61919021606445,24.17740821838379,22.84792137145996,62.76428985595703,32.07867431640625,45.33037567138672,25.0,21.181495666503906,78.82666015625,50.39773941040039
2018-11-05,23.221885681152344,42.4425163269043,24.58180046081543,23.211681365966797,63.09142303466797,32.0460205078125,45.897918701171875,25.414833068847656,21.480390548706055,79.52430725097656,50.46775436401367
2018-11-06,23.60376739501953,42.69355773925781,24.696317672729492,23.33294105529785,63.75450134277344,32.246681213378906,46.17758560180664,25.555723190307617,21.623857498168945,79.93054962158203,50.691802978515625
2018-11-07,24.0285587310791,43.47453308105469,25.1007080078125,23.636079788208008,64.78895568847656,33.19401168823242,46.44080352783203,25.837505340576172,21.870943069458008,82.27960968017578,52.06412887573242
2018-11-08,23.92557144165039,43.065460205078125,24.556745529174805,23.705364227294922,64.68286895751953,33.166011810302734,46.46547317504883,25.89229393005371,21.835073471069336,82.32377624511719,52.078121185302734
2018-11-09,23.590900421142578,42.182193756103516,24.513805389404297,23.488842010498047,64.02860260009766,32.59201431274414,46.736915588378906,25.923595428466797,21.866958618164062,82.0853271484375,51.35462188720703
2018-11-12,23.243337631225586,41.54998016357422,24.00563621520996,23.021142959594727,62.76428985595703,31.444011688232422,46.49014663696289,25.978395462036133,21.85500144958496,80.97261810302734,50.323062896728516
2018-11-13,23.174692153930664,41.41980743408203,23.45452308654785,23.151063919067383,63.047218322753906,31.481338500976562,46.38322067260742,26.033180236816406,21.94666290283203,80.40741729736328,50.29972457885742
2018-11-14,23.148941040039062,41.62434768676758,23.415157318115234,22.83926010131836,62.83502960205078,31.103347778320312,46.07065200805664,26.025354385375977,21.71950340270996,79.76274108886719,49.92162322998047
2018-11-15,23.466463088989258,41.93117141723633,23.758708953857422,23.177045822143555,63.66610336303711,31.88266944885254,45.99662399291992,25.821849822998047,21.54016876220703,80.46926879882812,49.84694290161133
2018-11-16,23.702457427978516,41.72663116455078,24.04141616821289,23.20302963256836,63.64840316772461,31.83134651184082,46.11178207397461,26.189725875854492,21.870943069458008,81.28170013427734,49.65089797973633
2018-11-19,23.36348533630371,40.46218490600586,24.034263610839844,23.194364547729492,62.64051818847656,30.618011474609375,46.03776550292969,26.26017189025879,21.96658706665039,80.24847412109375,48.437286376953125
2018-11-20,22.938688278198242,39.9322395324707,23.246959686279297,22.683361053466797,61.340850830078125,29.96000862121582,45.272789001464844,25.915773391723633,21.87493133544922,79.497802734375,47.340362548828125
2018-11-21,23.12319564819336,40.40640640258789,23.611982345581055,22.7006778717041,61.774078369140625,30.179340362548828,44.91086959838867,25.90011978149414,21.552125930786133,79.04743957519531,47.83513641357422
2018-11-23,22.874332427978516,39.87644958496094,22.87120246887207,22.518798828125,61.65028762817383,29.904016494750977,45.06714630126953,25.806194305419922,21.5640811920166,79.1622314453125,47.62042236328125
2018-11-26,23.136070251464844,40.78759765625,23.214754104614258,22.97783851623535,62.10118103027344,30.58067512512207,45.12472915649414,25.860984802246094,21.691600799560547,79.93054962158203,48.689334869384766
2018-11-27,22.852872848510742,40.91775131225586,23.15033721923828,22.995159149169922,61.9951171875,30.64134979248047,45.527774810791016,26.001874923706055,21.85500144958496,80.76066589355469,48.834049224853516
2018-11-28,23.20471954345703,41.77311706542969,23.547561645507812,23.436874389648438,63.480438232421875,31.714689254760742,45.90614700317383,26.213207244873047,21.839059829711914,82.70349884033203,50.2763786315918
2018-11-29,23.3720645904541,41.91257858276367,23.701448440551758,23.2376651763916,63.51580810546875,31.406675338745117,45.98017883300781,26.2445125579834,21.83108901977539,82.9772720336914,50.04298782348633
2018-11-30,23.432132720947266,41.847496032714844,23.65850830078125,23.358924865722656,64.13470458984375,31.705347061157227,46.276283264160156,26.49498748779297,22.15389633178711,84.6640396118164,50.407066345214844
2018-12-03,23.844058990478516,41.91257858276367,24.1845645904541,23.506160736083984,64.87734985351562,32.40534210205078,46.317420959472656,26.620214462280273,22.377071380615234,84.25777435302734,51.349952697753906
2018-12-04,23.136070251464844,40.676021575927734,23.490306854248047,22.484155654907227,62.118865966796875,31.17801284790039,45.535987854003906,26.267993927001953,22.393009185791016,82.37675476074219,49.50153732299805
2018-12-06,22.82284164428711,41.131591796875,23.05728530883789,22.17235565185547,61.774078369140625,31.248010635375977,45.58534622192383,26.988100051879883,22.416921615600586,82.06765747070312,49.739593505859375
2018-12-07,22.273616790771484,40.35061264038086,22.928464889526367,21.74795913696289,60.14726257324219,30.146677017211914,45.00957107543945,26.581083297729492,22.500608444213867,79.97469329833984,48.25056838989258
2018-12-10,22.33368682861328,40.657440185546875,22.570589065551758,21.4448299407959,60.29757308959961,30.562009811401367,45.00957107543945,26.47933578491211,22.5444393157959,80.2838134765625,48.287906646728516
2018-12-11,22.260746002197266,40.69461441040039,22.577749252319336,21.236957550048828,59.94391632080078,30.599340438842773,45.37971496582031,26.52629852294922,22.636110305786133,80.53105163574219,48.306575775146484
2018-12-12,22.453824996948242,41.131591796875,22.66721534729004,21.35822105407715,60.27988052368164,30.837345123291016,45.3221435546875,26.025354385375977,22.49263572692871,81.21989440917969,48.81537628173828
2018-12-13,22.192092895507812,40.945655822753906,22.738792419433594,21.202320098876953,60.11189651489258,30.88868522644043,45.601802825927734,26.20537757873535,22.687915802001953,81.29936218261719,48.57265090942383
2018-12-14,22.02045440673828,40.545867919921875,22.219884872436523,20.994449615478516,59.28082275390625,30.132680892944336,44.828609466552734,26.158414840698242,22.644081115722656,78.56171417236328,47.76512908935547
2018-12-17,21.642860412597656,39.75559616088867,21.81549835205078,20.786582946777344,58.30826187133789,29.493349075317383,43.79220962524414,25.180023193359375,21.914777755737305,76.99861145019531,46.551513671875
2018-12-18,21.763011932373047,39.9322395324707,21.300168991088867,20.708633422851562,58.60004806518555,29.726680755615234,43.274009704589844,25.43049430847168,21.76732635498047,76.32746887207031,46.91560363769531
2018-12-19,21.466943740844727,39.076873779296875,21.04965591430664,20.448806762695312,57.494873046875,29.138675689697266,42.8545036315918,25.195674896240234,21.731456756591797,75.32950592041016,45.98670196533203
2018-12-20,21.179460525512695,38.38887023925781,20.46634292602539,20.266921997070312,56.442771911621094,28.616012573242188,42.089534759521484,24.89041519165039,21.71950340270996,74.2697982788086,44.95512390136719
2018-12-21,20.98900604248047,37.13337326049805,20.26767921447754,19.861669540405273,55.37704086303711,27.746583938598633,41.652931213378906,24.50950813293457,21.626667022705078,73.34717559814453,43.93639373779297
2018-12-24,20.444841384887695,36.349849700927734,19.447717666625977,19.44334602355957,53.67791748046875,27.006052017211914,40.4493293762207,23.606735229492188,20.72237205505371,71.59066772460938,43.102272033691406
2018-12-26,21.360416412353516,38.392608642578125,20.65778350830078,20.32356834411621,56.17767333984375,28.637096405029297,41.578208923339844,24.359045028686523,21.00370216369629,74.7133560180664,45.65617752075195
2018-12-27,21.75341033935547,38.569828033447266,20.766149520874023,20.567584991455078,56.880462646484375,28.843326568603516,41.976661682128906,24.414478302001953,21.180545806884766,75.53838348388672,45.89985275268555
2018-12-28,21.636810302734375,38.44856643676758,20.607219696044922,20.558876037597656,56.72922897338867,28.7777099609375,41.976661682128906,24.5015926361084,21.2327938079834,75.62709045410156,45.90453338623047
2018-12-31,21.818193435668945,38.50453186035156,20.7155818939209,20.759319305419922,57.29856872558594,29.0495548248291,42.15097427368164,24.549102783203125,21.268962860107422,76.74484252929688,46.396568298339844
2019-01-02,21.930484771728516,39.017547607421875,21.123748779296875,20.933624267578125,57.59212112426758,29.068300247192383,41.901947021484375,23.98685073852539,20.903226852416992,75.58271789550781,46.74801254272461
2019-01-03,21.308589935302734,38.36461639404297,20.91423988342285,20.463008880615234,55.839630126953125,27.601293563842773,41.66122055053711,24.097715377807617,20.899206161499023,74.04801177978516,45.73583221435547
2019-01-04,22.146421432495117,40.01560974121094,21.625837326049805,21.142784118652344,57.95684814453125,28.824581146240234,42.54938888549805,24.34320640563965,21.208675384521484,76.25695037841797,47.24943161010742
2019-01-07,22.224157333374023,40.47267150878906,21.947311401367188,21.16893768310547,58.428340911865234,29.08235740661621,42.49129867553711,24.549102783203125,21.063989639282227,76.54969024658203,48.317848205566406
2019-01-08,22.457368850708008,41.153587341308594,22.117088317871094,21.186363220214844,59.22895431518555,29.326078414916992,42.88143539428711,24.976736068725586,21.32523536682129,77.1440658569336,48.852046966552734
2019-01-09,22.466007232666016,41.209556579589844,22.467458724975586,21.290939331054688,59.6292724609375,29.705724716186523,42.48300552368164,24.87378692626953,21.196624755859375,77.49002838134766,49.10041046142578
2019-01-10,22.66466522216797,41.29349899291992,22.532480239868164,21.29965591430664,60.43880844116211,29.83695411682129,42.73202133178711,25.26974105834961,21.473936080932617,77.64086151123047,48.9598388671875
2019-01-11,22.573970794677734,41.088287353515625,22.39883041381836,21.351943969726562,60.37654495239258,29.78070831298828,42.85652542114258,25.3172550201416,21.393552780151367,77.89810180664062,49.006690979003906
2019-01-14,22.401226043701172,40.939048767089844,22.34464454650879,21.500102996826172,60.36765670776367,29.504180908203125,42.64901351928711,25.23806381225586,20.911264419555664,77.03760528564453,48.706787109375
2019-01-15,22.2543888092041,41.619972229003906,22.424116134643555,21.691835403442383,60.180816650390625,29.949438095092773,43.07234573364258,25.523143768310547,21.16848373413086,78.42151641845703,49.14727020263672
2019-01-16,22.340761184692383,41.44274139404297,22.395214080810547,22.15373420715332,60.243099212646484,29.977556228637695,42.83993148803711,25.641935348510742,21.24485206604004,78.2795639038086,49.034812927246094
2019-01-17,22.733762741088867,41.610633850097656,22.601110458374023,22.275745391845703,61.27504348754883,30.169723510742188,43.02254104614258,25.76864242553711,21.333269119262695,78.97151947021484,49.367523193359375
2019-01-18,23.1094913482666,41.94643783569336,23.059850692749023,22.659208297729492,62.44038009643555,30.62904930114746,43.53718566894531,25.863666534423828,21.35738182067871,79.91188049316406,50.05167770385742
2019-01-22,22.78990936279297,41.0789680480957,22.557767868041992,22.39776039123535,61.15049362182617,30.113483428955078,43.13875198364258,25.81615447998047,21.397571563720703,79.36186218261719,49.30191421508789
2019-01-23,22.634435653686523,40.89241027832031,22.32659149169922,22.423900604248047,61.23944091796875,30.21660041809082,43.653385162353516,25.831985473632812,21.614604949951172,79.4505615234375,49.400333404541016
2019-01-24,22.513507843017578,41.0789680480957,22.445791244506836,22.476192474365234,61.55080795288086,30.46968650817871,43.11384201049805,25.93494415283203,21.727140426635742,78.78524017333984,49.606510162353516
2019-01-25,22.94106674194336,41.6013069152832,22.731149673461914,22.659208297729492,62.333656311035156,30.900882720947266,42.93953323364258,26.235864639282227,21.429723739624023,78.88282775878906,50.15478515625
2019-01-28,22.906517028808594,41.2375373840332,22.503583908081055,22.589488983154297,61.73761749267578,30.488441467285156,43.12214660644531,26.4971923828125,21.32925033569336,77.98683166503906,49.86423873901367
2019-01-29,23.1440486907959,40.75249481201172,22.572216033935547,22.511058807373047,62.59161376953125,30.160348892211914,43.22175979614258,26.703088760375977,21.389535903930664,78.3682861328125,49.5409049987793
2019-01-30,23.39021110534668,41.34013366699219,22.890085220336914,22.641775131225586,63.57018280029297,31.097732543945312,43.51228332519531,26.924823760986328,21.554323196411133,79.44170379638672,50.5156135559082
2019-01-31,23.040395736694336,43.028438568115234,23.03817367553711,22.606914520263672,63.84592819213867,31.064931869506836,44.31745910644531,27.186159133911133,22.008474349975586,80.43527221679688,50.97482681274414
2019-02-01,23.1094913482666,42.87919616699219,23.439128875732422,22.702783584594727,63.94381332397461,31.24771499633789,44.176334381103516,27.019853591918945,21.924072265625,80.50625610351562,50.22975540161133
2019-02-04,23.07062530517578,43.28028869628906,23.493310928344727,22.79865264892578,64.7711181640625,31.749204635620117,44.45855712890625,27.178237915039062,21.960247039794922,80.27560424804688,50.55778884887695
2019-02-05,23.239051818847656,43.75600814819336,23.529422760009766,22.737638473510742,65.33157348632812,32.016380310058594,44.46686553955078,27.36037254333496,22.00445556640625,80.1602783203125,51.03107833862305
2019-02-06,23.100860595703125,42.77659606933594,23.356048583984375,22.711498260498047,65.34933471679688,32.124176025390625,44.47515869140625,27.14655303955078,21.99239730834961,80.52398681640625,50.82019805908203
2019-02-07,22.781272888183594,42.36617660522461,22.839515686035156,22.484909057617188,64.90457153320312,31.68360710144043,44.44197082519531,27.376209259033203,22.281766891479492,79.63687133789062,50.403133392333984
2019-02-08,22.759675979614258,42.655338287353516,22.734764099121094,22.371610641479492,65.00241088867188,31.866392135620117,44.64948272705078,27.376209259033203,22.37822914123535,79.78768157958984,50.201637268066406
2019-02-11,22.79422950744629,42.21693801879883,22.843122482299805,22.441335678100586,65.34933471679688,31.852336883544922,44.765689849853516,27.455400466918945,22.37019920349121,79.6900863647461,50.290672302246094
2019-02-12,23.3038387298584,42.70198059082031,23.132095336914062,22.77250099182129,66.3635025024414,32.2741584777832,45.11431121826172,27.26534080505371,22.422443389892578,80.78125762939453,51.06386947631836
2019-02-13,23.33407211303711,42.72994613647461,23.421064376831055,22.833513259887695,66.75491333007812,32.31633377075195,45.197330474853516,27.447486877441406,22.358131408691406,80.95868682861328,51.41063690185547
2019-02-14,23.213144302368164,42.88853073120117,23.504146575927734,22.554628372192383,66.44356536865234,32.372581481933594,44.69099044799805,27.55042839050293,22.321958541870117,81.14497375488281,51.223182678222656
2019-02-15,23.528411865234375,43.075077056884766,23.8834228515625,23.033958435058594,67.33314514160156,32.63037109375,45.11431121826172,27.716726303100586,22.390289306640625,82.36918640136719,51.574649810791016
2019-02-19,23.675247192382812,43.1217155456543,23.955663681030273,23.06882095336914,67.30646514892578,32.639732360839844,45.34674072265625,27.748409271240234,22.522916793823242,82.17403411865234,51.785526275634766
2019-02-20,24.081209182739258,42.97248077392578,24.05680274963379,23.216968536376953,67.6267318725586,32.67722702026367,45.26373291015625,27.57418441772461,22.623394012451172,82.07644653320312,51.88862228393555
2019-02-21,23.986196517944336,42.571380615234375,23.684751510620117,23.09496307373047,67.35093688964844,32.69129180908203,45.39654541015625,27.621706008911133,22.78818130493164,81.35787963867188,51.785526275634766
2019-02-22,24.089847564697266,42.97248077392578,23.753381729125977,23.060102462768555,67.79572296142578,33.108421325683594,45.180728912353516,27.78008460998535,22.92884063720703,82.10308074951172,52.066688537597656
2019-02-25,24.245319366455078,43.01911544799805,23.79311180114746,23.15596580505371,68.0625991821289,33.26778793334961,44.93170928955078,27.55042839050293,22.780136108398438,82.21839141845703,51.89330291748047
2019-02-26,24.10711669921875,43.01911544799805,23.717256546020508,23.086246490478516,67.87579345703125,33.33808517456055,44.95660400390625,27.4949951171875,22.75200843811035,81.92562866210938,51.963592529296875
2019-02-27,24.068254470825195,42.80458068847656,23.80756187438965,23.173397064208984,68.14266204833984,33.305274963378906,44.89019775390625,27.40788459777832,22.780136108398438,81.544189453125,51.92610168457031
2019-02-28,23.774581909179688,42.832557678222656,23.569164276123047,23.112394332885742,67.911376953125,33.21153259277344,45.10601806640625,27.487075805664062,22.912763595581055,81.30465698242188,51.64494705200195
2019-03-01,23.744346618652344,43.168357849121094,24.00261688232422,23.260547637939453,67.9736557006836,33.43650436401367,45.02301025390625,27.455400466918945,22.960996627807617,82.4579086303711,52.0620002746582
2019-03-04,23.85231590270996,43.22431564331055,24.045961380004883,23.112394332885742,67.67118835449219,33.309959411621094,44.94830322265625,27.566272735595703,23.001182556152344,81.34014892578125,51.897987365722656
2019-03-05,23.740028381347656,43.49482345581055,23.96649932861328,23.025238037109375,67.23530578613281,33.21153259277344,44.91510772705078,27.64546012878418,22.97305679321289,81.2957992553711,52.02919006347656
2019-03-06,23.791852951049805,43.47616958618164,23.66307830810547,22.87708854675293,66.60369110107422,33.03812789916992,44.84870147705078,27.57418441772461,22.97305679321289,80.10704803466797,51.785526275634766
2019-03-07,23.59751319885254,43.09373092651367,23.522205352783203,22.641775131225586,66.20337677001953,32.72409439086914,44.558170318603516,27.55042839050293,23.04941749572754,79.47718811035156,51.1576042175293
2019-03-08,23.63637924194336,43.06575012207031,23.081527709960938,22.63306427001953,66.06990814208984,32.71941375732422,44.583072662353516,27.57418441772461,23.129796981811523,79.30863189697266,50.80145263671875
2019-03-11,23.973241806030273,43.839942932128906,23.44273567199707,22.868370056152344,66.63037872314453,33.422454833984375,45.16412353515625,28.001819610595703,23.29457664489746,80.2135009765625,51.499671936035156
2019-03-12,24.063934326171875,44.03582000732422,23.594451904296875,22.92066192626953,66.0788345336914,33.619300842285156,45.180728912353516,28.152278900146484,23.455345153808594,80.79899597167969,51.64494705200195
2019-03-13,24.180540084838867,44.16642379760742,23.83285140991211,23.077531814575195,66.65703582763672,33.83958053588867,45.43806076049805,28.286901473999023,23.479454040527344,81.66837310791016,51.82769012451172
2019-03-14,23.9991512298584,43.97053146362305,23.858139038085938,23.16468620300293,66.43464660644531,33.90987777709961,45.39654541015625,28.358169555664062,23.475439071655273,81.53532409667969,51.673057556152344
2019-03-15,24.029077529907227,43.93595504760742,23.848665237426758,23.326738357543945,66.20024108886719,34.320377349853516,45.653602600097656,28.241886138916016,23.560466766357422,81.91018676757812,52.00456237792969
2019-03-18,24.085464477539062,43.56219482421875,24.179948806762695,23.56324577331543,66.84445190429688,34.46613693237305,45.72036361694336,28.098527908325195,23.471393585205078,81.78551483154297,52.50767135620117
2019-03-19,24.055103302001953,43.6369514465332,24.114416122436523,23.379291534423828,66.60286712646484,34.53667068481445,45.6870002746582,28.018892288208008,23.20416259765625,82.435546875,52.77097702026367
2019-03-20,24.033418655395508,44.0294075012207,24.32556915283203,22.89751434326172,66.14656829833984,34.442626953125,45.495025634765625,28.14632225036621,23.26490020751953,81.86566925048828,52.84621810913086
2019-03-21,24.289323806762695,44.60873794555664,24.496667861938477,22.82744026184082,66.78180694580078,35.30781555175781,46.0291862487793,28.64807891845703,23.511886596679688,82.18622589111328,53.57033157348633
2019-03-22,23.564985275268555,43.889244079589844,23.834108352661133,22.196752548217773,65.26972961425781,34.47555160522461,45.97076416015625,28.512680053710938,23.681934356689453,80.69029998779297,52.50767135620117
2019-03-25,23.521610260009766,43.814483642578125,23.845022201538086,22.100399017333984,65.42184448242188,34.32508850097656,46.06257247924805,28.536577224731445,23.702173233032227,80.64579010009766,52.8180046081543
2019-03-26,23.66473960876465,44.0294075012207,24.18723487854004,22.36318016052246,65.86023712158203,34.513160705566406,46.454837799072266,28.7117919921875,23.87223243713379,81.19783020019531,53.043701171875
2019-03-27,23.634374618530273,43.711700439453125,24.016130447387695,22.266830444335938,65.93182373046875,34.315673828125,46.296268463134766,28.616226196289062,23.706228256225586,80.52110290527344,52.93556213378906
2019-03-28,23.864259719848633,43.60891342163086,24.107147216796875,22.459537506103516,66.41499328613281,34.45673751831055,46.521610260009766,28.855152130126953,23.426851272583008,80.72592163085938,53.25529479980469
2019-03-29,24.07245445251465,43.70236587524414,24.070737838745117,22.520849227905273,67.1307373046875,34.795284271240234,46.830413818359375,28.847190856933594,23.552370071411133,81.69647979736328,53.532711029052734
2019-04-01,24.432456970214844,44.36578369140625,24.387454986572266,23.07270622253418,68.51757049560547,35.270198822021484,46.671844482421875,28.75958251953125,23.390413284301758,81.8211441040039,54.12046813964844
2019-04-02,24.51487159729004,44.59939193725586,24.219995498657227,23.055187225341797,68.49073028564453,35.3924560546875,46.287906646728516,29.00647735595703,23.422805786132812,81.6341552734375,54.111061096191406
2019-04-03,24.835834503173828,44.767581939697266,23.987001419067383,23.12526512145996,68.2849349975586,35.679283142089844,46.06257247924805,28.974620819091797,23.38636589050293,81.52729797363281,54.49192428588867
2019-04-04,25.087400436401367,45.01987075805664,24.18723487854004,23.265417098999023,68.7054672241211,35.52880859375,46.23783874511719,28.887012481689453,23.30538558959961,81.35813903808594,54.93392562866211
2019-04-05,25.078723907470703,45.15069580078125,24.613161087036133,23.30045509338379,68.90228271484375,35.698081970214844,46.396419525146484,29.110010147094727,23.524028778076172,81.91907501220703,55.25835418701172
2019-04-08,25.087400436401367,45.06659698486328,24.722375869750977,23.326738357543945,68.60701751708984,35.834442138671875,46.588382720947266,28.966659545898438,23.358020782470703,81.90128326416016,55.455848693847656
2019-04-09,24.90522575378418,45.188072204589844,24.42021942138672,23.134029388427734,67.67652893066406,35.665157318115234,46.52995681762695,28.879051208496094,23.414703369140625,81.68756103515625,54.95743179321289
2019-04-10,24.8922176361084,45.38428497314453,24.5112361907959,23.204103469848633,67.65863037109375,35.914371490478516,46.663490295410156,29.110010147094727,23.341829299926758,81.71427917480469,55.22075271606445
2019-04-11,24.879209518432617,45.41232681274414,24.529434204101562,23.344255447387695,68.2402114868164,35.86735534667969,46.75530242919922,29.070192337036133,23.459247589111328,80.70811462402344,55.29128646850586
2019-04-12,25.208850860595703,45.804779052734375,24.594961166381836,23.77347755432129,69.14385986328125,36.11656951904297,46.905540466308594,29.229482650756836,23.568561553955078,79.96906280517578,55.63451385498047
2019-04-15,25.09174346923828,45.76740646362305,24.449344635009766,23.624561309814453,68.75912475585938,36.10246276855469,47.18095779418945,29.054277420043945,23.564517974853516,80.28961181640625,55.74736785888672
2019-04-16,25.20451545715332,45.81411361694336,24.609525680541992,23.95742416381836,69.17964935302734,36.28583526611328,47.18930435180664,28.369319915771484,23.272993087768555,78.642333984375,55.99187469482422
2019-04-17,25.04836654663086,45.89822769165039,24.57675552368164,24.018735885620117,69.26912689208984,36.48802185058594,47.422996520996094,28.074642181396484,23.183921813964844,76.38063049316406,56.10002517700195
2019-04-18,25.078723907470703,45.92625427246094,24.460264205932617,23.94866371154785,70.06541442871094,36.59148025512695,47.46472930908203,28.29764175415039,23.196067810058594,76.50527954101562,56.08121871948242
2019-04-22,24.909570693969727,46.13182830810547,24.97721290588379,23.87858772277832,69.85070037841797,36.67610549926758,47.48141860961914,27.987030029296875,23.17582130432129,76.54981994628906,55.86962890625
2019-04-23,25.0223388671875,46.74853515625,24.937162399291992,24.02750587463379,70.4590835571289,37.07578659057617,47.3311882019043,28.30560302734375,23.240602493286133,77.76080322265625,56.53732681274414
2019-04-24,24.86619758605957,46.53361892700195,24.500316619873047,24.001222610473633,70.2533187866211,37.089900970458984,47.43134307861328,28.50472068786621,23.390413284301758,77.67176055908203,56.58903884887695
2019-04-25,24.549564361572266,47.056884765625,24.423860549926758,24.045024871826172,68.83966064453125,37.08049392700195,47.13088607788086,28.472858428955078,23.48758888244629,78.47314453125,56.29280090332031
2019-04-26,24.7534236907959,47.43064880371094,24.107147216796875,24.264009475708008,69.35858917236328,36.93943405151367,47.55652618408203,28.664011001586914,23.524028778076172,79.25672149658203,56.739498138427734
2019-04-29,24.705703735351562,47.86048889160156,24.085296630859375,24.50927734375,69.5196304321289,36.94883346557617,47.614959716796875,28.369319915771484,23.38636589050293,79.11425018310547,56.54201889038086
2019-04-30,24.918241500854492,46.785919189453125,24.067096710205078,24.54431915283203,69.79702758789062,37.00995635986328,48.165802001953125,28.695863723754883,23.77100372314453,79.47931671142578,56.457374572753906
2019-05-01,24.467153549194336,46.542964935302734,23.586551666259766,24.34284782409668,69.3406982421875,36.915924072265625,47.57322692871094,28.695863723754883,23.528078079223633,79.33685302734375,55.77088165283203
2019-05-02,24.341373443603516,46.3560905456543,23.175182342529297,24.36912727355957,69.3049087524414,36.7231330871582,47.55652618408203,28.751617431640625,23.475444793701172,79.67520904541016,55.81319046020508
2019-05-03,24.579927444458008,46.80459976196289,23.38996696472168,24.588115692138672,70.14595794677734,37.07109069824219,47.9154167175293,28.950721740722656,23.605003356933594,80.28069305419922,56.47149658203125
2019-05-06,24.22859764099121,46.72983169555664,23.41181182861328,24.42168617248535,69.47490692138672,36.78426742553711,47.84031295776367,28.831256866455078,23.475444793701172,80.69029998779297,56.128238677978516
2019-05-07,23.803539276123047,45.97298049926758,23.207942962646484,24.018735885620117,68.07022094726562,35.99430847167969,47.36458206176758,28.337467193603516,23.402557373046875,79.14095306396484,55.27717971801758
2019-05-08,23.7818546295166,45.89822769165039,23.207942962646484,23.966190338134766,68.07022094726562,35.951995849609375,47.35622787475586,28.337467193603516,23.08269691467285,79.31013488769531,55.29598617553711
2019-05-09,23.5953426361084,45.758060455322266,23.207942962646484,23.913625717163086,67.97177124023438,35.70748519897461,47.256072998046875,28.433042526245117,23.054353713989258,79.14095306396484,55.07027816772461
2019-05-10,23.916311264038086,45.888877868652344,23.31715965270996,24.071300506591797,68.2402114868164,35.820335388183594,47.831966400146484,28.75958251953125,23.467342376708984,79.16767883300781,55.15021514892578
2019-05-13,23.378480911254883,44.468570709228516,22.916711807250977,23.370534896850586,66.29867553710938,34.470848083496094,47.38127136230469,28.75958251953125,23.718366622924805,77.68065643310547,53.50920486450195
2019-05-14,23.57799530029297,44.72086715698242,23.197021484375,23.554487228393555,66.98760223388672,35.02568054199219,47.60661315917969,28.86311912536621,23.560466766357422,78.07245635986328,54.0499267578125
2019-05-15,23.51727294921875,45.72068405151367,23.31715965270996,23.466890335083008,67.07707977294922,35.406551361083984,47.98219680786133,29.054277420043945,23.519977569580078,78.30396270751953,54.416690826416016
2019-05-16,23.846906661987305,46.12247848510742,23.444581985473633,23.703399658203125,67.69441986083984,35.73099136352539,48.357765197753906,29.22151756286621,23.677881240844727,78.91835021972656,54.919822692871094
2019-05-17,23.703781127929688,45.786094665527344,23.207942962646484,23.54572868347168,66.94285583496094,35.444175720214844,48.19919204711914,29.18169593811035,23.799348831176758,78.74917602539062,54.50133514404297
2019-05-20,23.365467071533203,45.029205322265625,23.218868255615234,23.572002410888672,66.7728500366211,34.82820510864258,48.08234786987305,28.7117919921875,23.831741333007812,78.71354675292969,54.11576461791992
2019-05-21,23.725465774536133,45.52446746826172,23.48826026916504,23.817279815673828,67.56021118164062,35.25608825683594,47.98219680786133,28.950721740722656,23.876279830932617,79.45260620117188,54.49192428588867
2019-05-22,23.56064224243164,45.47773742675781,23.124216079711914,23.67711639404297,67.00547790527344,35.07271194458008,48.19919204711914,29.086122512817383,24.05443000793457,79.90672302246094,53.93238067626953
2019-05-23,23.200645446777344,44.84234619140625,22.34879493713379,23.344255447387695,65.98551177978516,34.45673751831055,48.182498931884766,29.229482650756836,24.26092529296875,79.6307144165039,53.26470947265625
2019-05-24,23.330760955810547,44.83299255371094,22.432525634765625,23.528209686279297,66.01235961914062,34.46613693237305,48.00722885131836,29.26930809020996,24.224485397338867,79.7464370727539,53.33522033691406
2019-05-28,23.096546173095703,45.029205322265625,22.199535369873047,23.25665855407715,65.40393829345703,34.36738967895508,47.22270202636719,28.966659545898438,23.827688217163086,78.60670471191406,52.98257827758789
2019-05-29,23.10088539123535,44.590057373046875,22.057559967041016,23.212867736816406,65.10868072509766,34.16520690917969,46.8804931640625,28.632152557373047,23.511886596679688,77.84983825683594,52.51237106323242
2019-05-30,23.139917373657227,44.69283676147461,21.777246475219727,23.134029388427734,65.35921478271484,34.376808166503906,47.080806732177734,28.807361602783203,23.475444793701172,78.27725219726562,52.85562515258789
2019-05-31,22.879676818847656,44.00136947631836,21.394996643066406,22.783647537231445,64.46449279785156,33.803157806396484,46.41310501098633,29.046310424804688,23.584760665893555,77.71627044677734,52.16441345214844
2019-06-03,23.59967803955078,42.61842727661133,21.66802978515625,22.932558059692383,64.90289306640625,33.2106819152832,46.99735641479492,29.157800674438477,23.819589614868164,77.90323638916016,51.72713851928711
2019-06-04,24.263301849365234,43.53416442871094,22.042993545532227,23.554487228393555,66.45073699951172,34.320377349853516,47.422996520996094,28.998519897460938,23.83983612060547,79.19439697265625,53.12833786010742
2019-06-05,24.441133499145508,43.5528564453125,21.79908561706543,23.703399658203125,67.09496307373047,34.76708221435547,47.96549987792969,29.659570693969727,24.34999656677246,79.7909927368164,53.391658782958984
2019-06-06,24.73173713684082,43.739742279052734,22.203176498413086,23.790996551513672,67.21128845214844,35.17144775390625,48.466270446777344,29.71531867980957,24.49980926513672,80.20057678222656,53.66436767578125
2019-06-07,24.95294189453125,44.44989013671875,22.305110931396484,23.755958557128906,67.74811553955078,35.825035095214844,48.93365478515625,29.810882568359375,24.31760597229004,81.0375747680664,54.44021224975586
2019-06-10,24.99631118774414,44.412513732910156,22.370637893676758,23.95742416381836,67.83757019042969,36.191802978515625,48.95035171508789,29.707351684570312,24.151601791381836,81.27796173095703,54.901004791259766
2019-06-11,24.978965759277344,44.59939193725586,22.41431999206543,23.966190338134766,67.25602722167969,36.191802978515625,49.10892868041992,29.763099670410156,24.005844116210938,81.1444091796875,55.11259078979492
2019-06-12,25.06137466430664,44.38447189331055,22.097606658935547,23.72968101501465,67.39916229248047,35.9896125793457,49.18403625488281,29.874595642089844,24.31760597229004,81.53620147705078,55.09850311279297
2019-06-13,25.208850860595703,44.87971496582031,22.3560791015625,23.808513641357422,67.73917388916016,36.09776306152344,49.292537689208984,29.9144287109375,24.366191864013672,81.4382553100586,55.59220504760742
2019-06-14,25.10041618347168,44.963809967041016,22.2104549407959,23.861068725585938,67.47074890136719,35.782718658447266,49.317569732666016,30.041860580444336,24.621273040771484,81.25128173828125,55.71446228027344
2019-06-17,24.87053108215332,45.47773742675781,22.396121978759766,23.6420841217041,67.23811340332031,35.81093215942383,49.175689697265625,30.368398666381836,24.552446365356445,81.61634826660156,55.73796463012695
2019-06-18,25.065719604492188,45.73002624511719,22.7055606842041,23.95742416381836,68.54440307617188,36.45982360839844,48.90862274169922,30.280784606933594,24.451223373413086,82.31086730957031,56.161163330078125
2019-06-19,24.926916122436523,45.786094665527344,22.68008041381836,23.913625717163086,68.49073028564453,36.59148025512695,49.10892868041992,30.479904174804688,24.63747215270996,83.0499267578125,56.26459503173828
2019-06-20,25.243545532226562,46.07576370239258,23.182462692260742,24.018735885620117,69.6359634399414,37.12752151489258,49.54292678833008,30.66309356689453,24.795379638671875,83.4150161743164,56.65486145019531
2019-06-21,25.16326141357422,46.27058029174805,23.349985122680664,23.965036392211914,69.26483154296875,36.95198440551758,49.382301330566406,30.32029914855957,24.89128875732422,83.81561279296875,56.392520904541016
2019-06-24,25.259252548217773,46.38298416137695,23.140581130981445,23.868192672729492,69.13005828857422,37.02275466918945,49.50843811035156,30.167774200439453,24.89944839477539,83.37743377685547,56.0905647277832
2019-06-25,25.272350311279297,45.52125930786133,22.95690155029297,23.78895378112793,68.60883331298828,36.34326934814453,49.48322296142578,29.758365631103516,24.748441696166992,83.0376205444336,55.55268096923828
2019-06-26,25.228710174560547,45.34328842163086,23.309574127197266,23.744932174682617,68.77958679199219,36.73491287231445,48.77679443359375,29.180376052856445,24.209726333618164,81.99139404296875,55.73197555541992
2019-06-27,25.311613082885742,45.66176223754883,23.13690948486328,23.956233978271484,68.84247589111328,36.82929992675781,48.86930847167969,29.42120933532715,24.242372512817383,82.56370544433594,56.08113479614258
2019-06-28,25.525419235229492,46.10198974609375,23.405092239379883,24.29959487915039,69.57036590576172,36.824581146240234,48.835655212402344,29.51753807067871,24.33624267578125,82.84092712402344,56.241539001464844
2019-07-01,25.721763610839844,46.476646423339844,23.42713165283203,24.590137481689453,69.6332778930664,37.409690856933594,49.130008697509766,29.461347579956055,24.275020599365234,83.25224304199219,56.73696517944336
2019-07-02,25.695585250854492,46.907508850097656,23.05241584777832,24.52850914001465,69.54340362548828,37.50878143310547,49.55889892578125,30.00722885131836,24.60560417175293,83.69937896728516,56.859642028808594
2019-07-03,25.82649040222168,47.15103530883789,23.144256591796875,24.722200393676758,69.92980194091797,37.796630859375,50.17281723022461,30.440719604492188,24.777013778686523,84.41474151611328,57.35505294799805
2019-07-05,25.708675384521484,47.21659469604492,23.17732048034668,24.792631149291992,69.65123748779297,37.725833892822266,49.954158782958984,30.272132873535156,24.7647705078125,83.83348083496094,57.42110824584961
2019-07-08,25.411968231201172,46.79509735107422,23.21038818359375,24.66937255859375,69.07612609863281,37.43800354003906,50.021427154541016,30.384523391723633,24.801498413085938,83.20752716064453,57.49188232421875
2019-07-09,25.16326141357422,47.08547592163086,23.2287540435791,24.713397979736328,68.9233627319336,37.57012176513672,49.72710037231445,30.545082092285156,24.834148406982422,83.28801727294922,57.55323791503906
2019-07-10,25.11090660095215,47.619361877441406,23.526321411132812,24.625350952148438,68.76161193847656,37.86741256713867,50.046661376953125,30.713653564453125,24.89128875732422,83.57418060302734,57.76083755493164
2019-07-11,25.219982147216797,47.647464752197266,23.574077606201172,24.766225814819336,69.22888946533203,38.00896072387695,50.17281723022461,30.32029914855957,24.89944839477539,83.59207153320312,57.87877655029297
2019-07-12,25.46869468688965,47.9940185546875,23.673269271850586,24.933502197265625,70.44202423095703,38.287353515625,50.31578063964844,30.199888229370117,24.736204147338867,82.66206359863281,58.54405975341797
2019-07-15,25.486148834228516,48.00339889526367,23.46019744873047,24.792631149291992,70.15444946289062,38.41477584838867,50.43352127075195,30.240018844604492,24.834148406982422,82.84092712402344,58.7327766418457
2019-07-16,25.5472354888916,47.89099884033203,23.21038818359375,24.731006622314453,70.60374450683594,38.05615234375,50.45034408569336,30.19186019897461,24.691299438476562,82.42955780029297,58.657283782958984
2019-07-17,25.32033920288086,47.44139862060547,22.945878982543945,24.51970672607422,69.09410095214844,37.957054138183594,50.391483306884766,30.039331436157227,24.78517723083496,82.44744110107422,58.0958251953125
2019-07-18,25.429426193237305,47.05738067626953,22.949554443359375,24.704591751098633,69.21990966796875,38.240169525146484,50.72787094116211,30.031309127807617,25.00147247314453,82.91246032714844,58.020328521728516
2019-07-19,25.486148834228516,46.44855499267578,23.056089401245117,24.59893798828125,69.59734344482422,38.07502746582031,50.40829849243164,29.54161834716797,24.638246536254883,82.05399322509766,57.63814926147461
2019-07-22,25.420696258544922,46.626502990722656,23.162622451782227,24.65176773071289,69.65123748779297,38.513858795166016,50.11394119262695,29.5095157623291,24.585195541381836,81.88409423828125,57.671180725097656
2019-07-23,25.944297790527344,46.80447769165039,23.225080490112305,24.907089233398438,70.53189086914062,38.72621536254883,50.475563049316406,29.79850196838379,24.43010902404785,82.393798828125,58.06278991699219
2019-07-24,25.926843643188477,47.21659469604492,23.324268341064453,25.16240882873535,70.8374252319336,39.04706954956055,50.13917922973633,29.7744197845459,24.450519561767578,82.43848419189453,58.35531997680664
2019-07-25,25.739219665527344,47.09483337402344,23.05976104736328,24.986324310302734,70.6936264038086,38.88665008544922,50.20645523071289,29.64598846435547,24.38929557800293,82.03611755371094,58.02976608276367
2019-07-26,25.769763946533203,48.4436149597168,22.94220733642578,25.25925636291504,70.54084777832031,38.9715690612793,50.7699089050293,29.7423095703125,24.479082107543945,82.33120727539062,58.29399108886719
2019-07-29,25.682498931884766,48.171993255615234,22.85036277770996,25.06556510925293,70.41506958007812,38.94798278808594,50.86241912841797,29.854694366455078,24.60560417175293,82.6709976196289,58.010887145996094
2019-07-30,25.852663040161133,47.94718551635742,23.107519149780273,24.995132446289062,70.7205581665039,38.697898864746094,51.01378631591797,30.15172576904297,24.417863845825195,82.31330871582031,57.61927795410156
2019-07-31,25.45560646057129,47.563167572021484,23.03404998779297,24.871868133544922,69.92980194091797,38.112770080566406,49.979393005371094,30.031309127807617,24.3035888671875,81.49956512451172,56.95872497558594
2019-08-01,25.311613082885742,47.33836364746094,22.51238441467285,24.308399200439453,68.57291412353516,37.91930389404297,49.80278396606445,30.10355567932129,24.55254364013672,81.60688018798828,56.1849250793457
2019-08-02,25.01491355895996,46.8794059753418,22.18910026550293,24.29959487915039,68.13258361816406,37.3011589050293,49.81119918823242,30.33636474609375,24.548465728759766,81.41908264160156,55.7225341796875
2019-08-05,24.543668746948242,45.362030029296875,21.5278263092041,23.489608764648438,66.24549102783203,35.743995666503906,48.51609420776367,29.758365631103516,24.197477340698242,79.50544738769531,54.22685623168945
2019-08-06,24.574216842651367,46.01768493652344,21.502113342285156,23.868192672729492,67.2429428100586,36.338558197021484,48.953399658203125,30.12763023376465,24.49949073791504,80.5338134765625,55.052547454833984
2019-08-07,24.914552688598633,46.07388687133789,21.340471267700195,23.55124282836914,67.20702362060547,36.565040588378906,49.525264739990234,30.40860366821289,24.560705184936523,80.56063079833984,55.27430725097656
2019-08-08,25.390148162841797,47.00117492675781,21.9539794921875,24.000253677368164,68.34825897216797,37.46159744262695,50.164405822753906,30.8902645111084,24.813743591308594,81.63370513916016,56.34064483642578
2019-08-09,25.189443588256836,46.476646423339844,21.711519241333008,23.921018600463867,67.77313232421875,37.03691101074219,49.886878967285156,30.882238388061523,24.84230613708496,81.7320556640625,55.812198638916016
2019-08-12,24.7967472076416,45.980220794677734,21.454362869262695,23.46320152282715,66.83859252929688,36.5508918762207,49.55049133300781,30.8581485748291,24.7933349609375,80.93621826171875,55.000648498535156
2019-08-13,25.06290626525879,46.65460968017578,21.652738571166992,23.753742218017578,67.63834381103516,37.46631622314453,50.11394119262695,30.874217987060547,24.80965805053711,81.99139404296875,55.906551361083984
2019-08-14,24.268781661987305,44.996734619140625,20.80411148071289,22.873315811157227,65.57154846191406,36.31495666503906,49.32343292236328,30.392553329467773,24.60560417175293,79.71112823486328,54.15608215332031
2019-08-15,24.277507781982422,45.0716667175293,20.675535202026367,22.987770080566406,65.49966430664062,36.2489013671875,50.06348419189453,30.81801414489746,24.923931121826172,79.98832702636719,54.06642532348633
2019-08-16,24.70511245727539,45.65239715576172,20.9473876953125,23.39276885986328,66.76671600341797,36.93782424926758,50.63536071777344,31.034759521484375,25.050451278686523,80.97196960449219,54.67980194091797
2019-08-19,24.90146255493164,46.364253997802734,21.410276412963867,23.630474090576172,67.3957290649414,37.499351501464844,51.139949798583984,31.315731048583984,25.20962142944336,81.74994659423828,55.36867141723633
2019-08-20,24.60912322998047,46.05514907836914,21.230266571044922,23.31352424621582,67.00032806396484,37.31059646606445,50.58489990234375,31.082918167114258,25.168804168701172,81.05245971679688,55.38283157348633
2019-08-21,24.73565673828125,46.233116149902344,21.366193771362305,23.419174194335938,67.41370391845703,37.74943542480469,50.719451904296875,31.21137809753418,25.33613395690918,81.65158081054688,56.44915008544922
2019-08-22,24.569852828979492,46.13008499145508,21.270671844482422,23.57765007019043,67.5125503540039,37.659786224365234,50.988563537597656,31.363887786865234,25.360626220703125,81.24919891357422,56.46331024169922
2019-08-23,23.976444244384766,44.8656120300293,20.557979583740234,22.97896957397461,65.70634460449219,36.41403579711914,50.13917922973633,30.970535278320312,25.091266632080078,79.3713150024414,54.9629020690918
2019-08-26,24.05497932434082,45.53999710083008,20.646150588989258,23.199071884155273,66.19161987304688,36.918949127197266,50.76150131225586,31.25953483581543,25.381023406982422,80.20295715332031,55.5055046081543
2019-08-27,24.072431564331055,45.62429428100586,20.51757049560547,23.05820655822754,65.85010528564453,36.86232376098633,50.618534088134766,31.155179977416992,25.425914764404297,79.72901916503906,55.231842041015625
2019-08-28,24.260055541992188,45.73670196533203,20.811466217041016,23.26950454711914,66.65885925292969,36.895355224609375,51.106300354003906,31.243478775024414,25.356538772583008,80.31025695800781,55.92070770263672
2019-08-29,24.569852828979492,46.44855499267578,21.116376876831055,23.621671676635742,67.80010223388672,37.53709411621094,51.13153076171875,31.46825408935547,25.53203773498535,80.9183349609375,56.760555267333984
2019-08-30,24.73565673828125,46.39234161376953,21.116376876831055,23.700908660888672,68.07870483398438,37.52765655517578,51.064266204833984,31.476274490356445,25.540197372436523,81.01667785644531,56.42084503173828
2019-09-03,24.539306640625,45.933387756347656,21.013521194458008,23.454391479492188,67.15309143066406,37.0699462890625,51.35859680175781,31.925819396972656,25.993202209472656,80.5427474975586,56.18964767456055
2019-09-04,24.84037208557129,46.823204040527344,21.307411193847656,23.683303833007812,68.00677490234375,37.702247619628906,51.82114028930664,32.19074630737305,26.017696380615234,80.59640502929688,56.74639892578125
2019-09-05,24.87964630126953,47.619361877441406,21.571918487548828,24.16753387451172,69.22888946533203,38.49027633666992,51.50156784057617,31.909772872924805,25.736095428466797,81.39225769042969,57.83159637451172
2019-09-06,24.975645065307617,47.51633834838867,21.685800552368164,24.158735275268555,69.37268829345703,38.45724105834961,51.66975021362305,31.949914932250977,25.63406753540039,81.6158218383789,57.97315979003906
2019-09-09,24.844743728637695,47.666194915771484,22.119298934936523,24.52850914001465,69.57935333251953,38.169403076171875,51.55202102661133,31.709077835083008,25.50754737854004,80.86466979980469,58.19490051269531
2019-09-10,25.089088439941406,47.73175811767578,22.380125045776367,24.616546630859375,70.2173843383789,37.9759407043457,51.23244857788086,31.243478775024414,25.540197372436523,81.09717559814453,57.96370315551758
2019-09-11,25.329071044921875,47.98466491699219,22.40216827392578,24.757413864135742,70.87335205078125,38.37230682373047,51.41746520996094,31.171232223510742,25.793231964111328,81.90196990966797,58.072235107421875
2019-09-12,25.525419235229492,48.125152587890625,22.262571334838867,24.889476776123047,70.91827392578125,38.579925537109375,51.62771224975586,31.355859756469727,25.85036849975586,81.8751449584961,58.350608825683594
2019-09-13,25.804664611816406,48.040855407714844,22.438915252685547,25.083173751831055,71.3046646118164,38.29680633544922,51.33336639404297,30.978567123413086,25.68712043762207,81.8304214477539,58.232643127441406
2019-09-16,25.381427764892578,47.86288833618164,23.192012786865234,24.995132446289062,71.24176025390625,38.202423095703125,50.837196350097656,31.299673080444336,25.7075252532959,81.65158081054688,57.487159729003906
2019-09-17,25.586505889892578,47.909725189208984,22.868728637695312,25.021541595458984,71.20585632324219,38.3581428527832,51.11471939086914,31.74118995666504,25.931991577148438,81.77677154541016,57.8363151550293
2019-09-18,25.599590301513672,47.853519439697266,22.758522033691406,25.109582901000977,71.09801483154297,38.353424072265625,51.19881820678711,31.644866943359375,26.042186737060547,81.767822265625,57.808006286621094
2019-09-19,25.643232345581055,47.90035629272461,22.69974136352539,24.995132446289062,70.73857116699219,38.4383659362793,51.190399169921875,31.749221801757812,26.164623260498047,82.15233612060547,57.652305603027344
2019-09-20,25.583587646484375,47.5896110534668,22.718276977539062,24.848241806030273,70.2914047241211,37.990116119384766,51.027976989746094,31.6142578125,26.26826286315918,82.61031341552734,56.991455078125
2019-09-23,25.52219581604004,47.42060470581055,22.725692749023438,24.89248275756836,70.1558837890625,38.10844802856445,51.23101043701172,31.727394104003906,26.272377014160156,82.1703109741211,57.190277099609375
2019-09-24,25.302927017211914,46.70709228515625,22.366086959838867,24.653553009033203,69.75840759277344,37.7392463684082,51.442501068115234,31.686986923217773,26.58083724975586,81.41605377197266,56.579593658447266
2019-09-25,25.434490203857422,47.24223327636719,22.403154373168945,24.85708236694336,70.2100830078125,38.18891906738281,51.47633361816406,31.654659271240234,26.564382553100586,81.02094268798828,57.09560012817383
2019-09-26,25.377479553222656,46.78220748901367,22.11028289794922,24.74204444885254,70.30946350097656,38.231510162353516,51.763954162597656,31.961763381958008,26.7042179107666,80.57199096679688,56.84943389892578
2019-09-27,25.307315826416016,46.25646209716797,22.106576919555664,24.839387893676758,70.0293960571289,37.72031021118164,51.704742431640625,31.751644134521484,26.609621047973633,80.21279907226562,56.65061569213867
2019-09-30,25.52219581604004,46.49116897583008,21.94715690612793,24.777441024780273,70.12879943847656,38.11790466308594,51.95853805541992,31.792049407958984,26.62607192993164,80.93115234375,57.1381950378418
2019-10-01,24.921419143676758,46.02174377441406,21.43926239013672,24.25534439086914,68.44850158691406,37.76291275024414,51.823177337646484,31.51728057861328,26.564382553100586,80.14097595214844,56.66007614135742
2019-10-02,24.474123001098633,45.32699203491211,20.912824630737305,23.75979995727539,67.15667724609375,37.05289840698242,50.78265380859375,31.32332420349121,26.21068572998047,78.97364807128906,55.64229965209961
2019-10-03,24.561817169189453,45.76826095581055,21.13897132873535,23.857141494750977,67.59931945800781,37.50730514526367,51.13795852661133,31.695070266723633,26.272377014160156,79.68301391601562,55.9121208190918
2019-10-04,24.69338035583496,46.38789367675781,21.272432327270508,24.299591064453125,68.30396270751953,38.12738037109375,51.941612243652344,31.84054183959961,26.638408660888672,80.93115234375,56.43758773803711
2019-10-07,24.605674743652344,46.38789367675781,21.083356857299805,24.175697326660156,67.96068572998047,37.96644592285156,51.51863479614258,31.78396224975586,26.53559684753418,80.66178894042969,56.1914176940918
2019-10-08,24.175920486450195,45.63682556152344,20.723758697509766,23.697853088378906,66.91278076171875,37.27064514160156,51.027976989746094,31.630413055419922,26.2888240814209,79.12629699707031,55.59968185424805
2019-10-09,24.44780731201172,45.909088134765625,20.912824630737305,23.919082641601562,67.4819107055664,37.824440002441406,51.41712188720703,31.727394104003906,26.41632652282715,79.70098876953125,56.07307052612305
2019-10-10,24.67145347595215,46.171966552734375,21.17604637145996,24.16685676574707,68.09619140625,38.08477783203125,51.51863479614258,31.80821418762207,26.38753890991211,80.09605407714844,56.447052001953125
2019-10-11,25.149446487426758,46.71647644042969,21.461502075195312,24.467723846435547,69.37898254394531,38.61018371582031,51.467872619628906,31.703155517578125,26.2888240814209,80.76055145263672,57.086124420166016
2019-10-14,24.969655990600586,46.61321258544922,21.45038414001465,24.503122329711914,69.24347686767578,38.586509704589844,51.21408462524414,31.751644134521484,26.120201110839844,80.7246322631836,57.0577392578125
2019-10-15,25.145063400268555,47.41121292114258,21.539356231689453,24.85708236694336,69.8035659790039,39.012516021728516,50.994144439697266,31.775880813598633,26.037948608398438,82.1972427368164,57.55952453613281
2019-10-16,25.197681427001953,47.4957160949707,21.23906707763672,24.795141220092773,69.76744079589844,38.74271774291992,51.04490661621094,31.735475540161133,26.09552574157715,82.08949279785156,57.79621505737305
2019-10-17,25.263460159301758,47.777374267578125,21.25389862060547,24.812835693359375,70.11072540283203,38.66698455810547,51.281768798828125,31.945598602294922,26.161331176757812,82.70008850097656,57.94770050048828
2019-10-18,25.219608306884766,47.22346115112305,21.14267921447754,24.87478256225586,69.50545501708984,38.29777145385742,51.38328552246094,32.25269317626953,26.247697830200195,82.3947982788086,57.83408737182617
2019-10-21,25.140676498413086,47.50510025024414,21.520824432373047,25.219898223876953,69.92101287841797,38.709571838378906,51.5524787902832,32.47088623046875,26.35051918029785,82.30501556396484,58.03764724731445
2019-10-22,25.035436630249023,47.04508590698242,21.798871994018555,25.149106979370117,70.47207641601562,38.18891906738281,51.56939697265625,32.373897552490234,26.46156120300293,82.48458862304688,57.668399810791016
2019-10-23,25.193300247192383,47.41121292114258,21.98052978515625,25.255294799804688,70.4630355834961,38.22203826904297,51.80625915527344,32.43048095703125,26.568492889404297,82.99641418457031,57.40330505371094
2019-10-24,25.27223014831543,46.8760871887207,21.88784408569336,25.219898223876953,70.56239318847656,38.78059005737305,51.983909606933594,32.30924987792969,26.65897560119629,82.57439422607422,57.374900817871094
2019-10-25,25.54850959777832,47.24223327636719,22.065792083740234,25.343780517578125,71.00505065917969,39.24919128417969,51.67936325073242,31.91327476501465,26.38753890991211,82.66417694091797,57.30862045288086
2019-10-28,25.62744140625,47.68348693847656,21.939748764038086,25.47652244567871,71.20378875732422,39.74619674682617,51.577842712402344,31.57384490966797,26.025609970092773,83.51720428466797,57.48851013183594
2019-10-29,25.785306930541992,47.25162124633789,22.028717041015625,25.538463592529297,71.4386978149414,39.38645553588867,51.577842712402344,31.654659271240234,26.050291061401367,84.70250701904297,57.16187286376953
2019-10-30,25.807235717773438,47.383056640625,21.58013343811035,25.520769119262695,71.69161987304688,39.62786102294922,51.814720153808594,31.889020919799805,26.28060531616211,85.17840576171875,57.51691818237305
2019-10-31,25.51780891418457,47.52388381958008,21.487457275390625,25.396879196166992,70.92376708984375,39.604190826416016,51.73858642578125,31.78396224975586,26.424549102783203,85.07962799072266,57.20921325683594
2019-11-01,25.877397537231445,47.83370590209961,21.976821899414062,25.768545150756836,72.46853637695312,40.0775260925293,51.730125427246094,31.703155517578125,26.358745574951172,85.1874008178711,57.58792495727539
2019-11-04,26.079126358032227,48.096580505371094,22.69232177734375,25.989765167236328,73.30864715576172,40.28580093383789,51.23101043701172,31.34757423400879,26.02149772644043,84.92698669433594,57.6163330078125
2019-11-05,26.12297248840332,48.115360260009766,22.721986770629883,26.087106704711914,73.46221923828125,40.238468170166016,51.40019607543945,30.806119918823242,25.754169464111328,84.32535552978516,57.701534271240234
2019-11-06,26.10543441772461,47.94636154174805,22.258577346801758,26.219844818115234,73.50740814208984,40.21953582763672,51.6116828918457,30.91925811767578,25.85287094116211,84.61273193359375,57.763084411621094
2019-11-07,26.28084373474121,48.246788024902344,22.592222213745117,26.414522171020508,73.76033782958984,40.53666687011719,51.43403244018555,30.58792495727539,25.5032901763916,84.80128479003906,57.417503356933594
2019-11-08,26.386083602905273,48.37822341918945,22.499544143676758,26.40567398071289,73.85972595214844,40.76387405395508,51.40019607543945,30.53135871887207,25.3963565826416,85.42086029052734,57.44116973876953
2019-11-11,26.346622467041016,48.15290451049805,22.373498916625977,26.334884643554688,73.89583587646484,40.782806396484375,51.324058532714844,30.58792495727539,25.240068435668945,85.0706558227539,57.32282257080078
2019-11-12,26.482566833496094,48.209232330322266,22.258577346801758,26.370275497436523,73.88679504394531,40.920082092285156,51.493255615234375,30.38589096069336,25.3017635345459,85.58248901367188,57.28495407104492
2019-11-13,26.32908058166504,48.19044876098633,22.162179946899414,26.202144622802734,73.57966613769531,41.010009765625,51.88239669799805,30.692981719970703,25.676029205322266,85.6812515258789,57.105064392089844
2019-11-14,26.491336822509766,48.406394958496094,22.10286521911621,26.255245208740234,73.81452941894531,40.96267318725586,51.86547088623047,31.000070571899414,25.766504287719727,85.69024658203125,57.35123062133789
2019-11-15,26.469409942626953,48.810089111328125,22.273401260375977,26.32603645324707,74.35657501220703,41.29401779174805,51.88239669799805,31.153621673583984,25.848758697509766,87.5130386352539,57.455387115478516
2019-11-18,26.403629302978516,48.97908401489258,22.00276756286621,26.379127502441406,74.07653045654297,41.417083740234375,52.153099060058594,31.32332420349121,25.9022274017334,87.21673583984375,57.65419387817383
2019-11-19,26.346622467041016,49.007240295410156,21.676530838012695,26.432220458984375,74.01329803466797,41.4975471496582,52.08542251586914,31.387985229492188,25.836423873901367,87.80935668945312,57.01985549926758
2019-11-20,26.017732620239258,48.70681381225586,21.8952579498291,26.30833625793457,73.42607879638672,41.246681213378906,52.2038688659668,31.404144287109375,25.992708206176758,87.692626953125,56.887306213378906
2019-11-21,25.973878860473633,48.838253021240234,22.25486183166504,26.28179168701172,73.39897918701172,41.038414001464844,51.941612243652344,30.983911514282227,25.9022274017334,87.91712188720703,56.565406799316406
2019-11-22,26.017732620239258,48.85703659057617,22.18072509765625,26.47646713256836,73.77840423583984,40.986331939697266,51.85701370239258,30.806119918823242,25.91045379638672,88.23139190673828,56.95357894897461
2019-11-25,26.18875503540039,49.007240295410156,22.202964782714844,26.644603729248047,74.31140899658203,41.58275604248047,51.916229248046875,30.830373764038086,25.8240909576416,89.26402282714844,57.455387115478516
2019-11-26,26.320308685302734,49.166847229003906,21.999061584472656,26.61805534362793,74.52820587158203,41.62061309814453,52.33919906616211,31.258676528930664,25.91045379638672,89.19219207763672,57.84829330444336
2019-11-27,26.425556182861328,49.514225006103516,22.054672241210938,26.7242431640625,74.45591735839844,41.8525505065918,52.466094970703125,31.355663299560547,25.95569610595703,89.650146484375,58.345340728759766
2019-11-29,26.32908058166504,49.34523010253906,21.832237243652344,26.679996490478516,74.11264038085938,41.72947692871094,52.44918441772461,31.234437942504883,25.93101692199707,89.33586883544922,57.966636657714844
2019-12-02,26.065963745117188,48.87580490112305,21.832237243652344,26.511865615844727,72.89309692382812,41.13307571411133,52.56760787963867,30.660663604736328,25.762392044067383,88.9407730102539,57.48851013183594
2019-12-03,25.89933204650879,48.781925201416016,21.50599479675293,26.140199661254883,72.09813690185547,40.768611907958984,52.4830207824707,30.911182403564453,25.832307815551758,88.74322509765625,56.91098403930664
2019-12-04,25.956336975097656,49.03540802001953,21.82852554321289,26.387977600097656,72.37818145751953,40.93427658081055,52.829864501953125,31.072818756103516,26.029720306396484,89.5693359375,57.22814178466797
2019-12-05,26.087890625,49.241943359375,21.72471809387207,26.511865615844727,72.396240234375,41.08574676513672,52.81294250488281,31.12129783630371,26.074966430664062,89.5693359375,57.17134094238281
2019-12-06,26.355390548706055,49.532997131347656,22.13994026184082,26.865825653076172,73.27252197265625,41.54014587402344,53.01596450805664,31.12938117980957,25.9968204498291,90.1619644165039,57.63052749633789
2019-12-09,26.302772521972656,49.34523010253906,22.113990783691406,26.803882598876953,72.99246215820312,41.322410583496094,53.058265686035156,31.16979217529297,25.906341552734375,89.53339385986328,57.701534271240234
2019-12-10,26.144901275634766,49.176239013671875,22.158475875854492,26.81273078918457,72.9021224975586,41.35554885864258,52.889076232910156,30.951587677001953,25.9022274017334,89.73095703125,57.60212326049805
2019-12-11,26.342239379882812,49.401554107666016,22.12140464782715,26.75078582763672,73.36285400390625,41.63481140136719,52.96521759033203,30.717222213745117,25.972145080566406,89.81175994873047,57.74888229370117
2019-12-12,26.710599899291992,49.4578857421875,22.52920150756836,27.27288818359375,74.01329803466797,42.079750061035156,52.922916412353516,30.34548568725586,25.861099243164062,90.6468505859375,58.25539779663086
2019-12-13,26.50448989868164,49.34523010253906,22.35866928100586,27.1755428314209,73.81452941894531,42.35902404785156,53.10902786254883,30.3778133392334,26.0626277923584,90.583984375,58.30747985839844
2019-12-16,26.618507385253906,49.83342742919922,22.658958435058594,27.27288818359375,73.77840423583984,42.73768615722656,53.29513168334961,30.612171173095703,26.38753890991211,91.56275177001953,58.563106536865234
2019-12-17,26.657976150512695,49.786476135253906,22.67378807067871,27.379074096679688,73.70613861083984,42.638282775878906,53.210540771484375,30.280838012695312,26.473899841308594,91.46395874023438,58.823482513427734
2019-12-18,26.622900009155273,50.12446212768555,22.759056091308594,27.264034271240234,73.39897918701172,42.6335563659668,53.12594223022461,30.709148406982422,26.58083724975586,91.58966827392578,58.880271911621094
2019-12-19,26.71498680114746,50.58449172973633,22.75164222717285,27.25518226623535,73.59773254394531,42.94122314453125,53.413578033447266,31.000070571899414,26.589059829711914,91.9488525390625,59.06489944458008
2019-12-20,26.844623565673828,50.74162292480469,22.969886779785156,27.287206649780273,73.93636322021484,43.190547943115234,53.81698989868164,31.23943519592285,26.7718505859375,92.59984588623047,59.155147552490234
2019-12-23,26.919580459594727,50.609893798828125,23.205724716186523,27.224950790405273,74.54462432861328,43.31401062011719,53.58670425415039,31.051544189453125,26.523157119750977,92.96952056884766,59.017417907714844
2019-12-24,26.95044708251953,50.60048294067383,23.194494247436523,27.287206649780273,74.24504089355469,43.32826232910156,53.654945373535156,31.09239387512207,26.560462951660156,92.8523178100586,59.15039825439453
2019-12-26,27.069501876831055,50.98624801635742,23.1870059967041,27.438404083251953,74.4175033569336,43.651180267333984,53.70611572265625,31.280288696289062,26.60605812072754,92.7891845703125,59.872314453125
2019-12-27,26.96808624267578,50.89215850830078,23.089675903320312,27.367252349853516,74.35399627685547,43.64643096923828,53.944923400878906,31.3946590423584,26.684804916381836,92.81625366210938,59.867576599121094
2019-12-30,26.884309768676758,50.36526870727539,23.016815185546875,27.287206649780273,74.00900268554688,43.39473342895508,53.66347122192383,31.37015151977539,26.680662155151367,92.259033203125,59.48285675048828
2019-12-31,27.082725524902344,50.459354400634766,23.14789390563965,27.37614631652832,73.96360778808594,43.5324592590332,53.71463394165039,31.590709686279297,26.784284591674805,92.4405288696289,59.56834411621094
2020-01-02,26.76525115966797,51.05210494995117,23.35608673095703,27.64297103881836,75.36170196533203,44.34926223754883,53.288204193115234,31.223100662231445,26.448551177978516,92.68558502197266,60.27602767944336
2020-01-03,26.3331298828125,50.72279739379883,23.28669548034668,27.34946632385254,75.2164535522461,43.85062026977539,53.20291519165039,31.451839447021484,26.502429962158203,91.87786102294922,59.763084411621094
2020-01-06,26.218481063842773,51.400230407714844,23.46788787841797,27.33167266845703,75.2436752319336,43.955101013183594,53.31378936767578,31.460012435913086,26.527307510375977,92.44960021972656,59.9293212890625
2020-01-07,26.187618255615234,51.46609878540039,23.406206130981445,27.15379524230957,75.08934783935547,43.936100006103516,52.90439987182617,31.116899490356445,26.4899959564209,92.2680892944336,59.834320068359375
2020-01-08,26.280208587646484,51.83304214477539,23.02066421508789,27.33167266845703,75.34354400634766,44.406246185302734,53.100555419921875,31.27212142944336,26.477563858032227,92.8670654296875,60.01480484008789
2020-01-09,26.377222061157227,52.10589599609375,23.1903018951416,27.500661849975586,75.66130065917969,44.90961837768555,53.475833892822266,31.263944625854492,26.622636795043945,93.2663803100586,60.33301544189453
2020-01-10,26.271398544311523,51.898902893066406,23.059221267700195,27.296100616455078,75.12566375732422,44.805137634277344,53.441715240478516,31.566205978393555,26.693099975585938,93.29360961914062,60.00529479980469
2020-01-13,26.610923767089844,52.388153076171875,23.06692886352539,27.48287582397461,75.74299621582031,45.365501403808594,53.79140090942383,31.95016860961914,26.854745864868164,92.96691131591797,60.19528579711914
2020-01-14,26.500680923461914,52.256439208984375,23.070783615112305,27.429513931274414,75.75209045410156,45.15181350708008,53.808467864990234,31.79494857788086,26.933502197265625,93.5295639038086,60.17627716064453
2020-01-15,26.68147087097168,52.510467529296875,22.901147842407227,27.27831268310547,75.8701171875,45.20404815673828,54.1922607421875,32.01551055908203,27.310688018798828,94.3372573852539,60.03855895996094
2020-01-16,26.840211868286133,52.91505432128906,22.9397029876709,27.518449783325195,76.62362670898438,45.81189727783203,54.33724594116211,32.301456451416016,27.48062515258789,94.82731628417969,60.57525634765625
2020-01-17,26.959270477294922,53.32903289794922,22.79319953918457,27.59850311279297,76.63272094726562,46.120567321777344,54.431068420410156,32.34229278564453,27.67129898071289,94.82731628417969,60.78898620605469
2020-01-21,26.668241500854492,53.28199005126953,22.384521484375,27.367252349853516,75.78839874267578,46.101566314697266,54.618690490722656,32.669071197509766,27.92413330078125,94.92716217041016,60.60375213623047
2020-01-22,26.562416076660156,53.253761291503906,22.16861343383789,27.447301864624023,75.3889389038086,46.26778030395508,54.66134262084961,32.40764617919922,28.011173248291016,95.04512786865234,60.57525634765625
2020-01-23,26.531545639038086,53.037357330322266,22.083803176879883,27.37614631652832,76.20600128173828,46.48622131347656,54.61017990112305,32.718074798583984,28.259862899780273,94.56412506103516,60.665496826171875
2020-01-24,26.34194564819336,52.39755630493164,21.829345703125,27.02927589416504,75.85195922851562,46.26778030395508,54.234901428222656,32.669071197509766,28.334476470947266,92.98504638671875,59.82007598876953
2020-01-27,25.773130416870117,51.579002380371094,21.224042892456055,26.611251831054688,74.4175033569336,45.16605758666992,54.0643196105957,32.53018569946289,28.264019012451172,92.27718353271484,58.92717361450195
2020-01-28,26.06414794921875,52.17174530029297,21.320425033569336,26.922550201416016,74.8987045288086,46.03032684326172,54.13254928588867,32.61188507080078,28.38007354736328,92.73094940185547,59.50185775756836
2020-01-29,26.147920608520508,52.08708572387695,21.096817016601562,26.878080368041992,75.29816436767578,46.1490592956543,53.85963439941406,32.44032669067383,28.45467758178711,92.47681427001953,59.46860885620117
2020-01-30,25.984779357910156,51.560184478759766,21.26645278930664,27.21605682373047,75.3798599243164,46.54795837402344,54.499298095703125,32.51384735107422,28.71994972229004,91.80528259277344,59.36886978149414
2020-01-31,25.41155242919922,50.72279739379883,20.603321075439453,26.646831512451172,73.63676452636719,45.270530700683594,53.88521957397461,32.048194885253906,28.591459274291992,89.97206115722656,59.52085876464844
2020-02-03,25.945096969604492,51.32496643066406,20.333446502685547,26.833606719970703,73.60954284667969,45.86887741088867,53.88521957397461,32.08087158203125,28.682645797729492,90.78882598876953,59.94356155395508
2020-02-04,26.40367889404297,51.861270904541016,20.406694412231445,27.091535568237305,74.99858093261719,47.07033157348633,54.209320068359375,32.49750518798828,28.396652221679688,92.3860855102539,61.035945892333984
2020-02-05,26.89312744140625,51.9459342956543,21.173921585083008,27.634077072143555,76.25141906738281,47.34576416015625,54.64427947998047,32.4730110168457,28.51270866394043,94.16483306884766,61.344669342041016
2020-02-06,26.87989616394043,52.595157623291016,20.958017349243164,27.59850311279297,76.49654388427734,47.77790832519531,54.738101959228516,32.61188507080078,28.5209903717041,94.24650573730469,61.206932067871094
2020-02-07,26.496274948120117,52.55751419067383,20.811513900756836,27.500661849975586,75.94273376464844,47.34102249145508,54.806331634521484,32.62821960449219,28.429811477661133,93.51140594482422,60.94096755981445
2020-02-10,26.483047485351562,52.86799621582031,20.707416534423828,27.580713272094727,76.36943817138672,47.98209762573242,55.03660583496094,33.00400924682617,28.53757095336914,94.01055145263672,61.62964630126953
2020-02-11,26.628559112548828,52.811553955078125,20.938743591308594,27.678550720214844,76.65995025634766,47.82064437866211,54.8319206237793,33.40430450439453,28.641199111938477,94.57320404052734,62.11409378051758
2020-02-12,26.774070739746094,53.498390197753906,21.220186233520508,27.69633674621582,77.3771743774414,48.338260650634766,54.806331634521484,33.61670684814453,28.66192626953125,94.6911849975586,62.75051498413086
2020-02-13,26.677064895629883,53.5078125,21.154647827148438,27.687442779541016,76.94139862060547,48.210044860839844,55.130428314208984,33.8209342956543,28.981082916259766,94.24650573730469,62.641273498535156
2020-02-14,26.68147087097168,53.57366180419922,21.04283905029297,27.723018646240234,76.84152221679688,48.41899871826172,55.25837326049805,34.21307373046875,29.175886154174805,94.3191146850586,62.54628372192383
2020-02-18,26.615331649780273,53.93120193481445,20.869342803955078,27.48287582397461,76.40574645996094,48.23854446411133,55.062198638916016,34.18038558959961,29.420434951782227,93.98332214355469,62.54154586791992
2020-02-19,26.685884475708008,54.17583465576172,21.146936416625977,27.687442779541016,76.37853240966797,48.813140869140625,55.002498626708984,33.69839859008789,29.10127830505371,94.41893768310547,62.82175827026367
2020-02-20,26.7299747467041,53.62070846557617,21.123804092407227,27.634077072143555,76.26956939697266,48.305023193359375,55.04513931274414,34.074188232421875,29.204896926879883,93.81089782714844,62.84552764892578
2020-02-21,26.60651397705078,52.802146911621094,20.873197555541992,27.367252349853516,75.88827514648438,47.22229766845703,55.13895797729492,34.25391387939453,29.151010513305664,93.86534881591797,61.886112213134766
2020-02-24,25.856908798217773,51.03329086303711,19.90934181213379,26.477842330932617,73.7275619506836,45.270530700683594,53.8681526184082,33.79642868041992,28.811141967773438,90.90681457519531,59.75832748413086
2020-02-25,24.741323471069336,49.66901397705078,19.03031349182129,25.57953643798828,70.72252655029297,43.822139739990234,52.8958740234375,32.94681930541992,28.205978393554688,88.14793395996094,58.162498474121094
2020-02-26,24.65754508972168,49.57492446899414,18.45585823059082,25.392759323120117,70.18689727783203,44.02159118652344,52.59735870361328,32.660892486572266,27.919984817504883,88.13887023925781,57.70179748535156
2020-02-27,23.502273559570312,47.617889404296875,17.468870162963867,24.30767250061035,67.58133697509766,41.64717483520508,50.45661544799805,30.814632415771484,26.664085388183594,85.14402770996094,55.369789123535156
2020-02-28,23.246524810791016,47.75902557373047,17.453449249267578,23.64950180053711,66.34662628173828,41.96535873413086,49.45875549316406,30.054885864257812,25.772930145263672,84.04591369628906,55.01356506347656
2020-03-02,24.24305534362793,49.41497802734375,18.158992767333984,24.859107971191406,68.67984008789062,44.39199447631836,52.102691650390625,31.54987144470215,27.289962768554688,87.98457336425781,56.903873443603516
2020-03-03,24.031408309936523,47.787261962890625,17.603805541992188,23.925222396850586,67.00027465820312,42.7061653137207,51.39479446411133,31.525365829467773,26.954219818115234,85.79744720458984,55.52653121948242
2020-03-04,25.027935028076172,49.509063720703125,18.020193099975586,24.71680450439453,69.76927185058594,44.539207458496094,53.919334411621094,32.750762939453125,28.483692169189453,90.74346923828125,57.4453239440918
2020-03-05,24.234233856201172,47.70258331298828,17.36092185974121,23.524986267089844,66.35569763183594,43.13356018066406,52.90439987182617,31.999187469482422,28.044328689575195,88.63800811767578,55.303287506103516
2020-03-06,23.60368537902832,46.874610900878906,16.385499954223633,22.724515914916992,65.77467346191406,42.22178649902344,52.486488342285156,31.451839447021484,27.816360473632812,88.16608428955078,54.45314407348633
2020-03-09,21.394567489624023,43.750877380371094,13.085268020629883,20.28752326965332,59.71015167236328,39.016326904296875,50.200767517089844,29.229782104492188,26.303476333618164,83.58307647705078,51.023983001708984
2020-03-10,22.26322364807129,45.980770111083984,13.705987930297852,21.47933578491211,62.805946350097656,41.61868667602539,51.64213562011719,30.65125274658203,26.548023223876953,86.45087432861328,53.84518814086914
2020-03-11,21.204959869384766,44.00492477416992,12.981169700622559,20.314207077026367,59.12002944946289,39.65266799926758,49.109073638916016,29.009206771850586,25.21337127685547,83.14746856689453,50.90049362182617
2020-03-12,19.163394927978516,39.87446212768555,11.361897468566895,18.11734962463379,53.00102996826172,35.782379150390625,44.494956970214844,26.517580032348633,22.668405532836914,76.93999481201172,45.756771087646484
2020-03-13,20.508268356323242,43.4592170715332,12.410569190979004,20.50098419189453,57.14089584350586,39.98033905029297,48.28177261352539,28.845834732055664,23.90358543395996,82.27625274658203,48.58747863769531
2020-03-16,18.25063705444336,38.5572395324707,10.721902847290039,17.690433502197266,50.658756256103516,34.45744705200195,45.00669860839844,24.230173110961914,21.188684463500977,74.16295623779297,42.4321174621582
2020-03-17,19.37944984436035,40.23201370239258,10.795154571533203,18.650999069213867,52.991966247558594,36.80337142944336,48.802032470703125,25.70064353942871,23.89944076538086,78.81856536865234,44.06595230102539
2020-03-18,18.140405654907227,38.89595413208008,9.24527645111084,17.06784439086914,49.08815002441406,35.41672134399414,47.54828643798828,23.895231246948242,22.85907554626465,76.20489501953125,41.53445816040039
2020-03-19,18.603397369384766,39.592193603515625,9.873709678649902,17.4414005279541,49.12446975708008,35.54493713378906,45.96192169189453,23.519441604614258,21.528564453125,74.64395904541016,42.98305892944336
2020-03-20,17.937570571899414,37.8421630859375,9.97009563446045,16.818805694580078,46.66416549682617,33.91609191894531,42.9853515625,22.187843322753906,19.82086944580078,71.77616882324219,41.7054328918457
2020-03-23,17.02315902709961,38.04313659667969,9.290548324584961,15.840227127075195,44.620243072509766,33.606285095214844,41.713279724121094,20.95491600036621,18.809438705444336,68.04821014404297,41.774169921875
2020-03-24,19.025096893310547,40.38309097290039,10.780506134033203,17.804567337036133,50.26524353027344,37.048065185546875,43.84055709838867,22.782087326049805,20.831459045410156,73.29180145263672,45.69243240356445
2020-03-25,19.468984603881836,39.76035690307617,11.288983345031738,18.288917541503906,52.909339904785156,37.00032424926758,43.7204704284668,23.7944393157959,21.36313819885254,74.26757049560547,46.494232177734375
2020-03-26,20.383398056030273,42.02482986450195,11.978778839111328,19.43702507019043,56.248775482177734,39.29166793823242,46.11363220214844,25.62161636352539,23.1842098236084,79.20110321044922,48.41756820678711
2020-03-27,19.64654541015625,40.34534454345703,11.166790962219238,18.845029830932617,53.87914276123047,37.515872955322266,45.899192810058594,25.687458038330078,23.309803009033203,77.50491333007812,46.79490280151367
2020-03-30,20.272430419921875,41.817264556884766,11.28110122680664,19.203811645507812,54.665977478027344,39.0959358215332,47.691932678222656,26.3541316986084,24.17220115661621,81.13439178466797,47.77326583862305
2020-03-31,19.992778778076172,41.74177551269531,11.454532623291016,18.674612045288086,53.98894119262695,38.36558151245117,46.722660064697266,25.514619827270508,23.19676971435547,80.77875518798828,46.8092155456543
2020-04-01,19.091676712036133,40.0811653137207,10.886930465698242,17.535478591918945,51.555274963378906,36.537288665771484,45.933502197265625,23.967281341552734,21.80270004272461,77.70555114746094,44.71883773803711
2020-04-02,19.380216598510742,40.59067153930664,11.884175300598145,17.974987030029297,52.241451263427734,37.39177322387695,47.10865783691406,24.321191787719727,22.485084533691406,79.85770416259766,44.88587188720703
2020-04-03,18.914125442504883,39.76979446411133,11.758041381835938,17.616199493408203,51.54612731933594,36.814151763916016,47.47749328613281,24.11543083190918,21.681297302246094,79.13726806640625,44.103179931640625
2020-04-06,20.32124900817871,42.39281463623047,12.380828857421875,18.88091278076172,55.11428451538086,39.95519256591797,49.24449920654297,25.86030387878418,23.355850219726562,83.28655242919922,47.77326583862305
2020-04-07,20.86280059814453,42.70417022705078,12.644922256469727,19.06927490234375,54.986202239990234,39.59718322753906,48.678367614746094,25.868534088134766,23.062807083129883,82.60260009765625,48.484378814697266
2020-04-08,21.883745193481445,43.6193962097168,13.488441467285156,19.903438568115234,56.9807014465332,40.66169357299805,49.398895263671875,27.810941696166992,24.318721771240234,86.0041275024414,50.011592864990234
2020-04-09,22.824792861938477,43.940185546875,13.366250038146973,20.970815658569336,57.840721130371094,40.67123031616211,49.862098693847656,29.243043899536133,25.465797424316406,86.47830200195312,50.913612365722656
2020-04-13,22.323198318481445,44.00624465942383,13.322893142700195,20.20840072631836,56.14813232421875,40.76194381713867,49.49324417114258,27.901470184326172,24.657819747924805,85.7214126586914,50.8993034362793
2020-04-14,22.611724853515625,45.308319091796875,13.259824752807617,20.2981014251709,57.21857833862305,42.47089767456055,51.594783782958984,28.831518173217773,25.382064819335938,88.56664276123047,52.889442443847656
2020-04-15,21.573022842407227,44.88372802734375,12.637041091918945,19.419082641601562,55.635780334472656,41.54481506347656,50.7799072265625,27.72040367126465,24.544790267944336,88.11067199707031,51.72972869873047
2020-04-16,21.44873809814453,45.06299591064453,12.097025871276855,19.078243255615234,55.1417350769043,42.05081558227539,51.11442565917969,27.539325714111328,24.548973083496094,90.03486633300781,52.35015106201172
2020-04-17,22.30987548828125,45.67628860473633,13.382014274597168,20.082826614379883,57.73092269897461,42.60932540893555,51.89500045776367,28.428226470947266,25.340198516845703,91.90430450439453,53.8964729309082
2020-04-20,21.75946044921875,45.26114273071289,12.964197158813477,19.733022689819336,56.19386672973633,41.92669677734375,50.8742561340332,27.37471580505371,24.38152313232422,91.17475128173828,52.956268310546875
2020-04-21,21.222352981567383,43.83639907836914,12.735579490661621,19.096181869506836,54.867252349853516,40.17000961303711,49.79347610473633,26.971426010131836,23.97962760925293,88.40248107910156,51.5817756652832
2020-04-22,21.63960838317871,45.01582717895508,13.188875198364258,19.30248260498047,55.44365310668945,41.716670989990234,50.273807525634766,27.44056510925293,24.678756713867188,89.75213623046875,52.69377136230469
2020-04-23,21.79052734375,45.33661651611328,13.614578247070312,19.22175407409668,55.88280487060547,41.43025207519531,49.82777404785156,27.12779998779297,24.264297485351562,90.24458312988281,52.67945098876953
2020-04-24,22.1323299407959,45.91218185424805,13.64610767364502,19.499807357788086,56.33111572265625,42.308589935302734,50.35960006713867,27.2265682220459,24.415014266967773,91.45745849609375,53.571929931640625
2020-04-27,22.722694396972656,46.28959655761719,13.941736221313477,20.163557052612305,57.73092269897461,42.671390533447266,50.50541687011719,28.016698837280273,24.670377731323242,92.63383483886719,54.574161529541016
2020-04-28,23.144392013549805,45.449851989746094,14.261012077331543,20.37882423400879,58.81053161621094,42.10331344604492,50.78848648071289,28.041393280029297,24.762479782104492,90.76439666748047,54.7889289855957
2020-04-29,23.73476791381836,47.64827346801758,15.317386627197266,20.970815658569336,59.93585968017578,43.83137130737305,50.574039459228516,28.11546516418457,24.53641700744629,91.36627960205078,55.99638366699219
2020-04-30,23.028980255126953,47.44070053100586,14.978399276733398,20.441614151000977,58.74647521972656,43.63566207885742,49.97359848022461,27.917940139770508,23.97125244140625,90.94678497314453,55.647979736328125
2020-05-01,22.545141220092773,46.78023147583008,14.130934715270996,19.786832809448242,56.971553802490234,42.43748092651367,49.424625396728516,27.06195831298828,23.393529891967773,89.214111328125,53.567161560058594
2020-05-04,22.625041961669922,47.0538330078125,14.619706153869629,19.607446670532227,56.248775482177734,43.00076675415039,49.398895263671875,27.045499801635742,23.569358825683594,89.16851806640625,53.858280181884766
2020-05-05,22.682748794555664,47.29916763305664,14.631531715393066,19.54465675354004,56.46834945678711,43.59269714355469,49.44178009033203,27.218339920043945,23.761934280395508,91.10179901123047,54.05396270751953
2020-05-06,22.292125701904297,47.167076110839844,14.249184608459473,19.123088836669922,55.690677642822266,43.93162536621094,48.90139389038086,26.716276168823242,22.953962326049805,90.198974609375,54.044410705566406
2020-05-07,22.74933433532715,48.053993225097656,14.619706153869629,19.571565628051758,56.340267181396484,44.59038543701172,48.76414489746094,26.9549617767334,23.046058654785156,90.18987274169922,54.8939208984375
2020-05-08,23.295310974121094,48.93146896362305,15.285849571228027,19.993133544921875,57.740081787109375,45.2443733215332,49.85350799560547,27.448793411254883,23.510753631591797,90.65495300292969,55.962974548339844
2020-05-11,22.940200805664062,48.959774017333984,15.017810821533203,19.607446670532227,57.01729965209961,45.54509735107422,49.78489685058594,27.11957359313965,23.4102783203125,92.21434020996094,55.83889389038086
2020-05-12,22.589527130126953,48.006813049316406,14.753724098205566,19.096181869506836,55.41619873046875,44.604705810546875,49.36457824707031,25.967296600341797,23.205148696899414,90.80998229980469,54.61710739135742
2020-05-13,22.11456871032715,47.18593978881836,14.083635330200195,18.531097412109375,54.02553176879883,43.83614730834961,48.91854476928711,25.555776596069336,23.008380889892578,89.82508850097656,53.67692184448242
2020-05-14,22.38534164428711,47.69544219970703,14.24130630493164,19.006486892700195,54.59278106689453,44.39466857910156,48.7984504699707,25.58869743347168,23.25537872314453,90.80998229980469,54.47870635986328
2020-05-15,22.580652236938477,48.35592269897461,14.186121940612793,18.88091278076172,54.40064239501953,44.6190185546875,49.22734069824219,25.49816131591797,22.945592880249023,91.57601165771484,55.113460540771484
2020-05-18,23.610475540161133,49.37492752075195,15.344976425170898,19.84961700439453,57.98710250854492,45.71219253540039,50.00790786743164,26.74097442626953,23.887521743774414,92.33289337158203,57.199058532714844
2020-05-19,23.384090423583984,49.36550521850586,14.915334701538086,19.365264892578125,57.24602127075195,45.54509735107422,49.09010314941406,26.222448348999023,23.494001388549805,91.22034454345703,56.99385070800781
2020-05-20,23.756959915161133,50.733604431152344,15.510523796081543,19.795799255371094,58.316471099853516,46.542789459228516,49.673377990722656,26.4693603515625,23.623779296875,91.32977294921875,57.738365173339844
2020-05-21,23.530574798583984,50.37506866455078,15.26219654083252,19.733022689819336,58.453704833984375,45.893577575683594,49.124412536621094,26.337675094604492,23.385160446166992,90.65495300292969,57.94358444213867
2020-05-22,23.495065689086914,50.677005767822266,15.1676025390625,19.661256790161133,58.407962799072266,46.0606575012207,49.29596710205078,26.913806915283203,23.64471435546875,90.84648132324219,57.85769271850586
2020-05-26,24.138704299926758,50.81853485107422,15.589359283447266,20.683786392211914,60.85992431640625,46.012916564941406,49.56187057495117,27.7697811126709,23.799610137939453,90.68230438232422,58.774017333984375
2020-05-27,24.38283920288086,51.17708206176758,15.790387153625488,21.58074188232422,62.89103317260742,46.275474548339844,50.308135986328125,28.36237907409668,24.08428955078125,91.62158966064453,59.7810173034668
2020-05-28,24.60922622680664,50.69587326049805,15.348915100097656,21.239904403686523,62.29634475708008,46.18476867675781,50.75416564941406,28.683374404907227,24.795974731445312,92.81621551513672,59.05559539794922
2020-05-29,24.613662719726562,50.96949768066406,15.277966499328613,20.99772071838379,61.912071228027344,46.76714324951172,50.805633544921875,28.51876449584961,24.988550186157227,93.93790435791016,59.27035903930664
2020-06-01,24.782346725463867,51.55448913574219,15.546001434326172,21.239904403686523,62.04930877685547,46.75282669067383,51.157318115234375,29.086669921875,25.285781860351562,93.00772857666016,59.833526611328125
2020-06-02,25.230670928955078,51.76206588745117,15.979585647583008,21.410327911376953,62.85444259643555,47.1920051574707,51.29456329345703,29.275964736938477,25.449047088623047,93.54576873779297,60.344173431396484
2020-06-03,25.803287506103516,51.92246627807617,16.448646545410156,22.20861053466797,65.30638885498047,47.559574127197266,51.36319351196289,29.975563049316406,25.754655838012695,93.36338806152344,61.48482894897461
2020-06-04,25.896507263183594,51.53561782836914,16.45258903503418,22.692968368530273,66.00172424316406,47.16813278198242,51.11442565917969,29.4158992767334,25.294153213500977,92.62469482421875,61.17460632324219
2020-06-05,26.557903289794922,52.375362396240234,17.67451286315918,23.53611183166504,68.42623901367188,48.409278869628906,51.82637405395508,30.49407958984375,25.616506576538086,94.12029266357422,62.63977813720703
2020-06-08,26.593412399291992,53.356632232666016,18.470731735229492,23.984580993652344,69.79861450195312,48.65272903442383,52.38393020629883,31.1607608795166,26.303068161010742,94.76774597167969,63.594295501708984
2020-06-09,26.269371032714844,53.22453689575195,17.776994705200195,23.47332000732422,68.06027221679688,48.88186264038086,51.955039978027344,30.79861068725586,25.775583267211914,93.78286743164062,63.09794616699219
2020-06-10,25.97196388244629,53.06414794921875,16.901941299438477,22.59430694580078,66.43174743652344,49.698158264160156,51.809226989746094,30.22248077392578,25.624879837036133,93.636962890625,62.50614929199219
2020-06-11,23.96558952331543,50.62038803100586,15.30949878692627,20.7465763092041,61.76569747924805,46.84830856323242,49.844940185546875,28.354148864746094,24.624326705932617,88.42985534667969,59.232177734375
2020-06-12,24.431671142578125,51.063846588134766,15.695785522460938,21.374446868896484,62.96424102783203,47.45456314086914,49.85350799560547,29.251272201538086,24.561532974243164,89.00434112548828,59.81920623779297
2020-06-15,24.68912696838379,51.884727478027344,15.743084907531738,21.670440673828125,63.58637237548828,47.9128303527832,50.4282112121582,29.621658325195312,24.72899055480957,89.20499420166016,60.38713836669922
2020-06-16,25.20403480529785,52.30931091308594,16.19637680053711,22.01128387451172,64.83063507080078,48.93437576293945,51.21736526489258,30.115482330322266,24.842016220092773,91.4027328491211,61.6566276550293
2020-06-17,24.99540901184082,52.375362396240234,15.644540786743164,21.67940902709961,64.36402893066406,48.92482376098633,51.14016342163086,29.76156234741211,24.766666412353516,91.31153869628906,61.49435806274414
2020-06-18,25.013166427612305,52.545188903808594,15.837685585021973,21.65250015258789,64.12615966796875,49.14441680908203,51.406070709228516,29.391191482543945,24.762479782104492,91.00149536132812,61.27005386352539
2020-06-19,24.937700271606445,52.40365219116211,15.59724235534668,21.508991241455078,63.339351654052734,48.80549240112305,51.14016342163086,29.094892501831055,24.067537307739258,91.87693786621094,60.79280471801758
2020-06-22,25.03009605407715,52.519012451171875,15.669504165649414,21.40247344970703,63.445945739746094,49.72502899169922,50.994075775146484,29.0119571685791,24.302244186401367,91.52435302734375,61.41755294799805
2020-06-23,25.088111877441406,52.85935974121094,15.685473442077637,21.501768112182617,63.45513153076172,50.08403015136719,50.916263580322266,28.904142379760742,24.057409286499023,91.91815185546875,61.900699615478516
2020-06-24,24.35614013671875,51.668121337890625,14.815166473388672,20.743518829345703,61.24959182739258,48.95436096191406,50.060462951660156,28.165987014770508,23.837902069091797,89.51876068115234,60.53734588623047
2020-06-25,24.659639358520508,51.895015716552734,15.098616600036621,21.294151306152344,61.929630279541016,49.5814208984375,50.414886474609375,28.46456527709961,23.542402267456055,90.39793395996094,60.61867904663086
2020-06-26,24.3204345703125,49.60706329345703,14.575630187988281,20.3824405670166,60.78090286254883,48.604923248291016,49.386192321777344,27.9752197265625,23.293346405029297,89.29898071289062,59.19792556762695
2020-06-29,24.79353904724121,50.52412796020508,14.771249771118164,20.608118057250977,62.77509689331055,49.13624954223633,50.31980514526367,28.456274032592773,23.732364654541016,90.1048583984375,60.32209777832031
2020-06-30,25.150604248046875,51.091400146484375,15.110588073730469,20.8879451751709,63.13349533081055,50.01701736450195,50.691505432128906,28.870967864990234,23.82101058959961,91.64340209960938,61.092254638671875
2020-07-01,25.20416259765625,52.358280181884766,14.743306159973145,20.707408905029297,62.84861373901367,50.0984001159668,50.7347297668457,29.65887451171875,24.37822723388672,92.34856414794922,61.70935821533203
2020-07-02,25.677274703979492,52.18809509277344,14.906989097595215,20.73448944091797,63.390811920166016,50.390384674072266,50.994075775146484,29.55934715270996,24.44154930114746,93.0445785522461,61.95331954956055
2020-07-06,26.043258666992188,53.237545013427734,14.95090103149414,21.131669998168945,64.30057525634766,51.27115249633789,51.24475860595703,29.592531204223633,24.141836166381836,93.98783111572266,63.42190933227539
2020-07-07,26.052188873291016,53.086273193359375,14.475820541381836,20.69838523864746,63.06914520263672,50.73503875732422,51.711570739746094,29.111482620239258,24.044742584228516,93.17279052734375,62.42689895629883
2020-07-08,25.681732177734375,53.558982849121094,14.463850021362305,20.915027618408203,63.06914520263672,51.56315231323242,51.58190155029297,29.094900131225586,24.260038375854492,93.18194580078125,63.09182357788086
2020-07-09,25.440717697143555,53.62517166137695,13.74924087524414,20.472719192504883,61.699886322021484,51.74982833862305,51.17560958862305,28.995372772216797,23.934988021850586,92.4493179321289,63.020084381103516
2020-07-10,25.88258171081543,54.55168914794922,14.188383102416992,21.176803588867188,62.49938201904297,51.735477447509766,52.11785888671875,29.028545379638672,24.386672973632812,92.22950744628906,63.771095275878906
2020-07-13,25.88258171081543,53.454986572265625,14.112530708312988,21.26706886291504,62.7567024230957,50.663230895996094,52.040061950683594,28.5723819732666,24.411996841430664,92.75151824951172,62.962677001953125
2020-07-14,26.534221649169922,53.98442459106445,14.60757064819336,21.375391006469727,64.11677551269531,51.24722671508789,52.8007926940918,28.854379653930664,24.639949798583984,94.59226989746094,63.589332580566406
2020-07-15,26.98055076599121,54.30588150024414,14.922954559326172,21.799646377563477,65.75255584716797,51.52485656738281,52.843997955322266,28.987083435058594,24.54286003112793,95.81945037841797,64.49822998046875
2020-07-16,27.069814682006836,54.400421142578125,14.855086326599121,21.799646377563477,65.77094268798828,50.888214111328125,52.95637130737305,28.647029876708984,24.855239868164062,95.66374969482422,64.3260269165039
2020-07-17,27.29744529724121,54.277523040771484,14.647489547729492,21.619117736816406,66.16609954833984,51.13712692260742,53.24165344238281,29.04513168334961,25.41667938232422,96.97332000732422,64.0246353149414
2020-07-20,27.06088638305664,54.92987060546875,14.403966903686523,21.519821166992188,65.35741424560547,52.44392395019531,52.70569610595703,28.77143669128418,25.08319664001465,96.95500183105469,65.04833984375
2020-07-21,27.29744529724121,54.66514587402344,15.274271011352539,21.944080352783203,66.22124481201172,51.9173698425293,53.163848876953125,28.77973747253418,25.197168350219727,96.89090728759766,65.14881134033203
2020-07-22,27.614330291748047,54.72187805175781,15.086637496948242,21.944080352783203,66.75423431396484,52.333831787109375,53.587425231933594,29.128067016601562,25.58553123474121,97.76091003417969,65.70848846435547
2020-07-23,27.52953338623047,53.833152770996094,15.058691024780273,21.962135314941406,66.55205535888672,50.97438430786133,53.777618408203125,28.978782653808594,25.615081787109375,97.32134246826172,64.72307586669922
2020-07-24,27.43580436706543,53.74807357788086,14.974852561950684,21.907970428466797,66.0190658569336,50.35688400268555,53.70845031738281,28.862672805786133,25.446224212646484,96.2498550415039,64.8378677368164
2020-07-27,27.833036422729492,54.116790771484375,14.990823745727539,21.72743797302246,66.29474639892578,51.15149688720703,53.9764289855957,29.20272445678711,25.138071060180664,96.97332000732422,65.23970031738281
2020-07-28,27.221561431884766,53.558982849121094,14.735318183898926,21.673276901245117,65.83526611328125,50.55314254760742,54.175262451171875,29.791582107543945,25.517990112304688,96.86344146728516,64.59391021728516
2020-07-29,27.444732666015625,54.05061340332031,15.042719841003418,22.079479217529297,66.83695983886719,51.28551483154297,54.2530517578125,30.35556411743164,25.63619041442871,97.87995147705078,65.24927520751953
2020-07-30,26.91359519958496,54.20187759399414,14.451872825622559,21.68229866027832,66.16609954833984,51.57271957397461,54.2530517578125,30.106754302978516,25.63619041442871,97.20228576660156,65.19664001464844
2020-07-31,26.940380096435547,54.958229064941406,14.384002685546875,21.69133186340332,65.91799926757812,52.86036682128906,54.20119857788086,30.07357406616211,25.678407669067383,96.64366149902344,65.53628540039062
2020-08-03,26.78862762451172,55.00550079345703,14.43590259552002,21.754518508911133,66.19367980957031,54.1623649597168,54.054237365722656,29.592531204223633,25.399799346923828,97.6418685913086,65.3975830078125
2020-08-04,27.168004989624023,55.355323791503906,14.787220001220703,21.664249420166016,66.35908508300781,54.30119323730469,54.72850799560547,30.032108306884766,25.678407669067383,97.21143341064453,65.92377471923828
2020-08-05,27.56523895263672,55.27022171020508,14.942917823791504,21.962135314941406,67.62725830078125,54.502235412597656,54.61613082885742,29.80816078186035,25.349138259887695,97.66017150878906,66.7274398803711
2020-08-06,27.449193954467773,56.72620391845703,14.823148727416992,21.95310401916504,67.88459014892578,55.26811599731445,54.607486724853516,29.866228103637695,25.49688148498535,97.13817596435547,67.05272674560547
2020-08-07,27.542924880981445,56.6600227355957,14.843111038208008,22.422496795654297,69.04249572753906,54.444786071777344,54.90139389038086,30.272632598876953,25.957014083862305,97.44953918457031,67.15319061279297
2020-08-10,27.81072425842285,56.47092819213867,15.302215576171875,22.584978103637695,70.74258422851562,54.29161071777344,55.186676025390625,30.22286605834961,25.948575973510742,97.11984252929688,67.95683288574219
2020-08-11,27.761625289916992,55.629486083984375,15.250322341918945,22.84675407409668,71.1193618774414,53.31511688232422,54.80630874633789,29.642305374145508,25.387128829956055,96.50627136230469,67.82289123535156
2020-08-12,27.926761627197266,56.29130554199219,15.402021408081055,22.7835693359375,71.34910583496094,54.52616500854492,55.51516342163086,30.015514373779297,25.754384994506836,98.12722778320312,68.72221374511719
2020-08-13,27.92230224609375,56.57492446899414,15.102604866027832,22.63913917541504,70.97232818603516,54.55009460449219,55.47193908691406,29.667171478271484,25.71217155456543,97.99900817871094,68.6935043334961
2020-08-14,27.95354461669922,56.56548309326172,15.246326446533203,22.729406356811523,71.24800872802734,54.51179504394531,55.46329116821289,29.741817474365234,25.48844337463379,97.80671691894531,68.68871307373047
2020-08-17,28.07851219177246,56.63165283203125,15.158493995666504,22.35028076171875,70.91719055175781,54.8755989074707,55.774497985839844,30.00722885131836,25.454668045043945,98.3836441040039,69.57371520996094
2020-08-18,27.962474822998047,57.142189025878906,14.966870307922363,22.205856323242188,70.5312271118164,55.0814323425293,55.99925231933594,29.974048614501953,25.340694427490234,98.35617065429688,70.00423431396484
2020-08-19,27.88213348388672,56.981468200683594,14.795199394226074,22.19682502746582,70.34742736816406,55.014408111572266,55.55838394165039,29.360301971435547,25.26470947265625,98.0356674194336,69.6741714477539
2020-08-20,27.783937454223633,57.690547943115234,14.475820541381836,21.989212036132812,69.97065734863281,55.746795654296875,55.44600296020508,29.67546272277832,25.040977478027344,97.72428131103516,69.56892395019531
2020-08-21,27.623260498046875,57.43527603149414,14.384002685546875,21.944080352783203,70.25552368164062,56.455238342285156,55.58432388305664,29.774995803833008,25.08319664001465,97.82500457763672,69.92768096923828
2020-08-24,28.109758377075195,58.13490676879883,14.779233932495117,22.467626571655273,71.52372741699219,56.9434814453125,56.05976104736328,29.816463470458984,25.30270004272461,97.37626647949219,70.9896469116211
2020-08-25,27.9981746673584,58.68324661254883,14.571642875671387,22.53081703186035,71.43180084228516,57.23069381713867,55.93873596191406,29.907699584960938,25.062084197998047,98.0356674194336,71.22407531738281
2020-08-26,28.292753219604492,60.687583923339844,14.264236450195312,22.422496795654297,71.46855163574219,58.39387512207031,56.007904052734375,29.700355529785156,24.783477783203125,97.91658020019531,71.92726135253906
2020-08-27,28.216876983642578,59.950138092041016,14.292184829711914,22.80162239074707,71.72590637207031,58.44174575805664,56.35369110107422,30.09845733642578,24.863683700561523,98.68587493896484,71.53980255126953
2020-08-28,28.551620483398438,60.09195327758789,14.547684669494629,22.89189338684082,72.40594482421875,58.95393753051758,56.855064392089844,30.33068084716797,24.93544578552246,98.90565490722656,72.00859069824219
2020-08-31,28.114219665527344,59.80830764770508,14.232300758361816,22.6210880279541,71.50533294677734,59.14061737060547,56.69081497192383,30.065282821655273,25.011430740356445,99.14373779296875,71.79811096191406
2020-09-01,28.90422248840332,60.29995346069336,14.136486053466797,22.68427276611328,72.23131561279297,60.27029800415039,56.751319885253906,30.015514373779297,24.72437858581543,98.25542449951172,72.54914093017578
2020-09-02,29.560325622558594,61.58574295043945,14.068619728088379,23.009239196777344,73.42597198486328,60.80641174316406,57.78002166748047,30.687318801879883,25.492664337158203,100.22438049316406,73.55371856689453
2020-09-03,28.743549346923828,59.49633026123047,13.964818954467773,22.657196044921875,71.36748504638672,57.340789794921875,56.785911560058594,30.173107147216797,25.205610275268555,97.49532318115234,71.21927642822266
2020-09-04,28.761398315429688,58.40906524658203,13.920905113220215,22.828702926635742,71.53290557861328,56.541404724121094,56.65624237060547,30.065282821655273,25.062084197998047,96.7993392944336,70.3965072631836
2020-09-08,28.22134017944336,56.868011474609375,13.41389274597168,22.241962432861328,70.19120025634766,53.985252380371094,55.46329116821289,29.68376350402832,24.922786712646484,95.2058334350586,69.4732437133789
2020-09-09,28.9488582611084,57.54872512817383,13.505714416503906,22.467626571655273,71.27558898925781,55.746795654296875,56.26722717285156,30.00722885131836,25.252046585083008,96.89090728759766,70.78397369384766
2020-09-10,28.67659568786621,56.697837829589844,13.010677337646484,22.151697158813477,70.36581420898438,54.48788833618164,55.5756721496582,29.584230422973633,24.817245483398438,95.40731048583984,69.76983642578125
2020-09-11,29.04258918762207,56.518211364746094,13.022653579711914,22.30515480041504,71.32154846191406,54.07141876220703,55.88688278198242,29.484710693359375,24.8763427734375,95.78278350830078,69.87509155273438
2020-09-14,29.46213150024414,56.735652923583984,13.122457504272461,22.612056732177734,72.28644561767578,55.20589065551758,56.24994659423828,30.206275939941406,25.218280792236328,97.15650177001953,70.61653900146484
2020-09-15,29.60496711730957,57.74726867675781,13.026647567749023,22.30515480041504,72.33241271972656,55.75157165527344,56.172149658203125,30.604379653930664,25.387128829956055,97.28469848632812,71.19535064697266
2020-09-16,29.627273559570312,57.12328338623047,13.549628257751465,22.557899475097656,73.06758117675781,54.889957427978516,55.92146301269531,30.803421020507812,25.35335922241211,97.11984252929688,70.7983169555664
2020-09-17,29.84598159790039,56.0738525390625,13.569589614868164,22.32320213317871,73.21463012695312,54.43521499633789,55.5670280456543,30.12333106994629,25.14651107788086,96.7993392944336,69.80333709716797
2020-09-18,29.332700729370117,55.53495407104492,13.417885780334473,22.278066635131836,72.39674377441406,53.49702072143555,55.05699157714844,29.526182174682617,24.703275680541992,96.65279388427734,68.83223724365234
2020-09-21,28.34525489807129,54.885005950927734,12.973137855529785,21.719867706298828,69.9935073852539,53.94171905517578,54.637001037597656,28.73602867126465,24.549571990966797,94.86725616455078,67.83798217773438
2020-09-22,28.39906883239746,55.946136474609375,12.839227676391602,21.53834342956543,70.68543243408203,54.795654296875,54.958736419677734,29.078125,24.70284652709961,94.66499328613281,69.2713623046875
2020-09-23,27.564985275268555,54.610252380371094,12.25894546508789,21.057289123535156,69.4215316772461,53.087791442871094,54.13261413574219,28.243736267089844,24.323917388916016,93.69038391113281,68.13520812988281
2020-09-24,27.762298583984375,54.714473724365234,12.254889488220215,21.102676391601562,69.52300262451172,53.385231018066406,54.532623291015625,28.37723159790039,24.596405029296875,93.2214584350586,68.10646057128906
2020-09-25,28.008935928344727,55.44399642944336,12.246773719787598,21.320507049560547,70.56548309326172,54.661338806152344,54.819602966308594,28.927927017211914,25.00088119506836,94.72015380859375,68.99331665039062
2020-09-28,28.461841583251953,56.1829948425293,12.534882545471191,21.82878303527832,71.8386001586914,55.70716094970703,55.43701171875,29.428556442260742,25.06474494934082,95.5751953125,70.43626403808594
2020-09-29,28.251087188720703,56.23984909057617,12.189961433410645,21.556495666503906,71.2020263671875,55.520057678222656,55.07178497314453,29.278366088867188,25.056232452392578,95.45570373535156,69.8897705078125
2020-09-30,28.538082122802734,56.277748107910156,12.15343952178955,21.846942901611328,71.01753234863281,55.98540115356445,55.74138259887695,29.428556442260742,25.281885147094727,96.9819564819336,70.46023559570312
2020-10-01,28.134492874145508,57.08305358886719,11.780112266540527,21.88324737548828,70.80535125732422,56.57549285888672,56.05443572998047,29.912500381469727,25.53734588623047,96.65096282958984,71.38065338134766
2020-10-02,28.385618209838867,55.955623626708984,11.893733024597168,22.055696487426758,71.59874725341797,55.14107131958008,55.74138259887695,30.396448135375977,25.839635848999023,95.76830291748047,71.07865142822266
2020-10-05,28.92821502685547,56.87462615966797,12.250831604003906,22.41875457763672,72.75194549560547,56.350013732910156,56.11529541015625,30.563316345214844,26.16322135925293,97.73589324951172,72.01823425292969
2020-10-06,28.564985275268555,55.680850982666016,12.068222999572754,22.191843032836914,71.86627197265625,55.47688674926758,55.75007247924805,30.304651260375977,26.384613037109375,96.43951416015625,70.685546875
2020-10-07,29.300411224365234,56.088253021240234,12.238656044006348,22.563980102539062,73.45307922363281,56.493934631347656,56.350101470947266,30.388093948364258,26.546405792236328,98.25997924804688,72.30107879638672
2020-10-08,29.59638023376465,56.817779541015625,12.697199821472168,22.872573852539062,74.18186950683594,56.78656768798828,56.724029541015625,30.89707374572754,27.031776428222656,98.73807525634766,72.77568054199219
2020-10-09,29.825071334838867,57.15886306762695,12.494303703308105,22.899803161621094,74.45862579345703,57.6548957824707,57.167518615722656,30.813629150390625,27.02751922607422,99.62992095947266,73.5331039428711
2020-10-12,29.77574920654297,58.665279388427734,12.526765823364258,23.153942108154297,74.88301086425781,59.228424072265625,57.82841110229492,30.97215461730957,27.197826385498047,100.31031036376953,74.51105499267578
2020-10-13,29.511171340942383,58.722129821777344,12.331987380981445,22.709197998046875,74.0527114868164,58.84944152832031,57.784934997558594,30.446500778198242,27.01049041748047,99.54718780517578,74.49667358398438
2020-10-14,29.59638023376465,58.021026611328125,12.384740829467773,22.491365432739258,74.46785736083984,58.5376091003418,57.4892692565918,30.096065521240234,26.976425170898438,98.96794128417969,73.67213439941406
2020-10-15,29.511171340942383,57.57572555541992,12.534882545471191,22.663818359375,74.73539733886719,58.27375411987305,57.52406311035156,30.23790168762207,26.95939826965332,98.25077056884766,73.94536590576172
2020-10-16,29.717453002929688,57.585201263427734,12.250831604003906,22.68197250366211,75.27969360351562,58.1058464050293,57.541446685791016,30.129438400268555,27.248912811279297,99.22537231445312,73.27423858642578
2020-10-19,29.372159957885742,56.552494049072266,11.991124153137207,22.33706283569336,74.347900390625,57.04084396362305,56.79359817504883,29.65383529663086,27.019004821777344,97.65313720703125,72.37298583984375
2020-10-20,29.439424514770508,56.959896087646484,12.133150100708008,22.518598556518555,74.73539733886719,57.23751449584961,56.73271560668945,29.854084014892578,27.180795669555664,97.78186798095703,72.95303344726562
2020-10-21,29.327322006225586,57.916812896728516,11.901848793029785,22.400598526000977,73.9789047241211,57.15117263793945,56.78490447998047,29.745616912841797,27.108415603637695,97.2945556640625,72.5551528930664
2020-10-22,29.48874855041504,58.295772552490234,12.392858505249023,22.84535026550293,74.58778381347656,56.88252639770508,56.75880432128906,29.537031173706055,27.491600036621094,98.76565551757812,72.70376586914062
2020-10-23,29.59638023376465,58.84528732299805,12.331987380981445,22.91796112060547,74.88301086425781,56.820152282714844,56.863162994384766,29.728933334350586,27.56824493408203,99.1334228515625,73.34133911132812
2020-10-26,28.856464385986328,57.55678176879883,11.889674186706543,22.400598526000977,73.01021575927734,55.58722686767578,56.13269805908203,29.370145797729492,27.55972671508789,98.03012084960938,71.93194580078125
2020-10-27,28.58292579650879,57.92627716064453,11.735475540161133,21.99216079711914,71.41424560546875,55.8654670715332,55.984867095947266,28.99467658996582,27.53843879699707,97.35892486572266,71.89838409423828
2020-10-28,27.77574920654297,55.65243148803711,11.244468688964844,21.42942237854004,69.07096099853516,53.49555969238281,54.35000991821289,28.352209091186523,26.738000869750977,94.26960754394531,69.62609100341797
2020-10-29,28.349740982055664,57.05463790893555,11.589390754699707,21.592798233032227,70.07653045654297,54.38787841796875,54.33262252807617,28.67761993408203,26.810380935668945,93.4972915649414,70.06714630126953
2020-10-30,28.331804275512695,56.088253021240234,11.654314041137695,21.656339645385742,69.9935073852539,53.18374252319336,54.14130783081055,28.49405288696289,26.55917739868164,93.46971130371094,68.53788757324219
2020-11-02,29.273509979248047,56.05982971191406,12.051992416381836,22.064777374267578,71.8847427368164,53.31806945800781,55.00221633911133,29.194929122924805,27.142478942871094,95.15227508544922,69.0268783569336
2020-11-03,29.73090362548828,56.89357376098633,11.98300838470459,22.554899215698242,74.00658416748047,54.25834274291992,55.90659713745117,29.65383529663086,27.5341796875,96.54063415527344,70.54653930664062
2020-11-04,29.22417640686035,59.347434997558594,11.999239921569824,22.29168701171875,73.2408676147461,56.36919403076172,55.93269729614258,29.737266540527344,27.12118911743164,100.82520294189453,72.04698944091797
2020-11-05,30.417003631591797,60.493831634521484,11.999239921569824,22.836267471313477,74.96603393554688,58.120243072509766,56.34140396118164,29.84574317932129,27.36387062072754,101.02745819091797,73.45159149169922
2020-11-06,30.493236541748047,60.351722717285156,11.739533424377441,22.65473747253418,75.03982543945312,58.3265266418457,56.602272033691406,29.728933334350586,27.30426788330078,101.06423950195312,73.23108673095703
2020-11-09,31.17933464050293,59.8400993347168,13.415451049804688,24.515405654907227,77.59526062011719,57.904354095458984,56.47184371948242,30.513242721557617,27.810928344726562,102.01126098632812,72.99138641357422
2020-11-10,31.547056198120117,59.65061950683594,13.849645614624023,24.642484664916992,78.96063995361328,56.82494354248047,57.58491516113281,30.68012046813965,28.211145401000977,102.30546569824219,72.7325439453125
2020-11-11,31.07619285583496,60.190650939941406,13.70761775970459,24.542638778686523,78.2964096069336,58.17301559448242,58.080604553222656,30.913747787475586,28.31758689880371,102.17675018310547,73.37010955810547
2020-11-12,30.421489715576172,59.849571228027344,13.26530647277832,24.13419532775879,77.40154266357422,57.6548957824707,57.924076080322266,30.5966854095459,27.862018585205078,101.79979705810547,72.38736724853516
2020-11-13,30.94614601135254,60.740169525146484,13.748199462890625,24.53355598449707,79.11749267578125,58.144229888916016,58.72411346435547,31.297569274902344,28.138765335083008,103.08702087402344,73.5618896484375
2020-11-16,31.556011199951172,61.12861251831055,14.653111457824707,25.078142166137695,81.04558563232422,58.70551681518555,59.26325988769531,31.497817993164062,28.424030303955078,102.91230773925781,74.5254135131836
2020-11-17,31.43941879272461,60.91070556640625,14.803253173828125,25.041839599609375,80.83342742919922,58.37929916381836,58.845848083496094,31.514511108398438,27.86627197265625,102.24111938476562,74.20904541015625
2020-11-18,31.17933464050293,60.29487228393555,14.373115539550781,24.805849075317383,80.47364044189453,57.75564193725586,58.037109375,30.980510711669922,27.321292877197266,100.33789825439453,73.70088195800781
2020-11-19,31.30938148498535,60.66437911987305,14.608473777770996,24.887540817260742,80.67658233642578,58.22099304199219,58.19364929199219,31.030563354492188,27.048805236816406,100.26435089111328,74.06522369384766
2020-11-20,31.28247833251953,60.522254943847656,14.53137493133545,24.669708251953125,79.94776916503906,57.621315002441406,57.82841110229492,30.82197380065918,27.05306625366211,100.03449249267578,73.67691802978516
2020-11-23,31.54256248474121,60.55067443847656,15.558023452758789,25.13260269165039,81.28547668457031,57.606929779052734,57.84580612182617,30.721845626831055,27.057321548461914,99.77705383300781,74.48706817626953
2020-11-24,32.32731628417969,61.79182052612305,16.357431411743164,26.013017654418945,82.70618438720703,58.408084869384766,58.23712158203125,30.705158233642578,27.34684181213379,100.07125091552734,75.59446716308594
2020-11-25,31.990991592407227,61.78232955932617,15.975991249084473,25.922250747680664,82.07884216308594,58.53281021118164,58.20234298706055,30.780256271362305,27.419225692749023,99.7034912109375,75.68556213378906
2020-11-27,32.15690994262695,62.18026351928711,15.789326667785645,25.840566635131836,81.94046783447266,58.84465026855469,58.19364929199219,30.721845626831055,27.146738052368164,100.62291717529297,75.84854125976562
2020-11-30,31.834043502807617,61.962364196777344,14.916874885559082,25.305057525634766,81.21166229248047,59.238033294677734,58.18495559692383,30.454851150512695,26.755029678344727,100.89873504638672,75.38832092285156
2020-12-01,32.183815002441406,63.09928894042969,14.985862731933594,25.69533920288086,81.0086898803711,59.99601745605469,58.69801712036133,30.838661193847656,26.94236946105957,101.74464416503906,75.94921875
2020-12-02,31.771259307861328,63.68670654296875,15.472809791564941,25.976715087890625,81.11942291259766,59.90485763549805,58.21104431152344,30.513242721557617,27.12118911743164,102.50777435302734,75.474609375
2020-12-03,31.551528930664062,63.402469635009766,15.635124206542969,25.98578453063965,81.33161163330078,59.86648941040039,58.3588752746582,30.738527297973633,26.840181350708008,102.37904357910156,75.68556213378906
2020-12-04,32.188297271728516,63.459312438964844,16.487287521362305,26.30345916748047,82.3002700805664,60.46615982055664,58.81106948852539,31.147384643554688,26.57195281982422,103.47317504882812,75.7574691772461
2020-12-07,31.9775390625,63.85722351074219,16.101783752441406,26.12193489074707,81.90357208251953,60.63886642456055,58.5849723815918,30.838661193847656,26.720964431762695,102.83877563476562,75.58488464355469
2020-12-08,32.15690994262695,63.762481689453125,16.341203689575195,26.11285400390625,82.3002700805664,60.83555221557617,58.90671920776367,30.696807861328125,26.640073776245117,103.62027740478516,75.42666625976562
2020-12-09,32.17485046386719,63.00454330444336,16.37772560119629,26.049318313598633,82.48477172851562,59.66979217529297,58.671939849853516,30.413127899169922,26.593236923217773,103.2616958618164,75.35477447509766
2020-12-10,31.9775390625,63.04243087768555,16.880903244018555,26.094701766967773,81.70060729980469,59.756141662597656,58.41104507446289,30.246253967285156,26.456993103027344,103.08702087402344,75.28766632080078
2020-12-11,31.793691635131836,63.421424865722656,16.68612289428711,25.83148765563965,81.89432525634766,59.63140869140625,58.54149627685547,30.262935638427734,26.49957275390625,102.68245697021484,74.9281005859375
2020-12-14,31.390098571777344,63.22245407104492,16.101783752441406,25.531970977783203,80.83342742919922,59.84730529785156,58.315391540527344,30.045995712280273,26.363325119018555,101.91011810302734,75.03836822509766
2020-12-15,31.959592819213867,63.743534088134766,16.41830062866211,25.967636108398438,81.95889282226562,60.845149993896484,58.45454788208008,30.5716552734375,26.882761001586914,103.01344299316406,76.04989624023438
2020-12-16,31.86991310119629,63.68670654296875,16.33714485168457,26.013017654418945,81.45153045654297,61.257720947265625,58.56757354736328,30.58000373840332,26.57195281982422,102.71001434326172,76.54843139648438
2020-12-17,32.237632751464844,63.525638580322266,16.260046005249023,26.085628509521484,81.94969940185547,61.74226379394531,58.941505432128906,30.93878936767578,26.750776290893555,103.81336212158203,77.07096862792969
2020-12-18,32.3811149597168,63.58246994018555,15.988164901733398,25.858715057373047,81.95889282226562,61.526371002197266,59.07194519042969,30.4047794342041,26.52086067199707,103.89612579345703,76.6970443725586
2020-12-21,32.20942306518555,63.038726806640625,15.679750442504883,26.207298278808594,81.46426391601562,61.587928771972656,58.435333251953125,30.130935668945312,26.19969940185547,102.8565444946289,75.83064270019531
2020-12-22,32.0111198425293,62.45037841796875,15.416569709777832,25.951797485351562,81.08444213867188,62.121673583984375,58.023193359375,30.342233657836914,26.148174285888672,102.54267120361328,75.50405883789062
2020-12-23,32.05619430541992,62.81098556518555,15.757881164550781,26.380674362182617,81.51056671142578,61.65044403076172,58.21610641479492,30.054872512817383,26.096647262573242,102.61652374267578,75.66734313964844
2020-12-24,32.258995056152344,62.87740707397461,15.675636291503906,26.41717529296875,81.51982879638672,62.05916213989258,58.50548553466797,30.350690841674805,26.28127670288086,102.91193389892578,75.82585144042969
2020-12-28,32.132808685302734,64.00665283203125,15.576946258544922,26.544925689697266,81.62173461914062,62.7612190246582,58.97023391723633,30.595794677734375,26.397205352783203,103.17045593261719,76.69031524658203
2020-12-29,32.05619430541992,63.949729919433594,15.474139213562012,26.453670501708984,81.1307601928711,62.46307373046875,58.794857025146484,30.359142303466797,26.392915725708008,103.65975952148438,76.71434783935547
2020-12-30,32.49785614013672,63.522708892822266,15.71675968170166,26.572303771972656,81.64952850341797,62.429412841796875,58.73347854614258,30.528173446655273,26.526012420654297,103.64132690429688,77.1754150390625
2020-12-31,32.62403106689453,64.03512573242188,15.585168838500977,26.90080451965332,82.02933502197266,62.52078628540039,59.145599365234375,30.900066375732422,26.921024322509766,104.73068237304688,77.21864318847656
2021-01-04,32.31306838989258,63.08618927001953,15.609845161437988,26.53580093383789,80.04692077636719,61.50137710571289,58.50548553466797,29.902738571166992,26.242633819580078,104.2783203125,76.56546020507812
2021-01-05,33.038658142089844,63.31392288208008,16.308914184570312,26.6544246673584,80.83433532714844,61.90048599243164,58.50548553466797,29.868932723999023,26.238338470458984,105.03536224365234,77.13699340820312
2021-01-06,34.39067077636719,63.010250091552734,16.806488037109375,27.831567764282227,82.76114654541016,60.83298110961914,58.54931640625,29.72524642944336,26.890974044799805,106.4756088256836,77.92464447021484
2021-01-07,34.647544860839844,63.84532928466797,17.053220748901367,28.233068466186523,83.21507263183594,62.47270584106445,58.373966217041016,29.818220138549805,26.53889274597168,107.86043548583984,79.42789459228516
2021-01-08,34.480796813964844,64.04458618164062,17.032657623291016,28.214815139770508,83.01126861572266,62.876617431640625,58.663330078125,30.139394760131836,26.762161254882812,108.37744140625,81.06564331054688
2021-01-11,34.480796813964844,62.90586853027344,17.299951553344727,28.30607032775879,82.98350524902344,62.3572883605957,58.16351318359375,29.63228416442871,26.51312828063965,108.88521575927734,79.55277252197266
2021-01-12,34.91794967651367,61.890499114990234,17.904443740844727,28.598073959350586,83.80795288085938,62.05916213989258,57.970584869384766,29.657630920410156,26.371444702148438,107.70349884033203,80.76788330078125
2021-01-13,34.56191635131836,62.10875701904297,17.76462745666504,28.57982635498047,83.08537292480469,62.453468322753906,58.05826950073242,30.06332015991211,26.886672973632812,107.99893188476562,80.76306915283203
2021-01-14,34.44474792480469,61.75764083862305,18.29098892211914,28.70757484436035,83.37255859375,61.90529251098633,57.75136184692383,30.249267578125,26.78363037109375,107.65733337402344,80.24917602539062
2021-01-15,33.95351028442383,61.956912994384766,17.579578399658203,28.233068466186523,82.28871154785156,61.270565032958984,57.549678802490234,30.714130401611328,27.04553985595703,107.98968505859375,79.62960815429688
2021-01-19,34.07069396972656,63.076698303222656,17.933225631713867,28.30607032775879,82.55735778808594,62.06879425048828,57.295387268066406,30.511274337768555,26.942493438720703,108.8021240234375,80.08108520507812
2021-01-20,34.183353424072266,65.06000518798828,17.999021530151367,28.18744468688965,83.06683349609375,63.29977798461914,57.400611877441406,31.14516830444336,27.101364135742188,109.40221405029297,81.59394836425781
2021-01-21,33.68310546875,65.29723358154297,17.39042091369629,27.88631248474121,82.41838836669922,64.11722564697266,57.20769500732422,31.043737411499023,26.942493438720703,108.88521575927734,81.97335052490234
2021-01-22,33.5208740234375,65.32571411132812,17.299951553344727,27.685562133789062,81.99227905273438,63.871986389160156,57.05862808227539,31.119810104370117,26.981136322021484,108.56208801269531,81.69479370117188
2021-01-25,33.34511184692383,65.70527648925781,17.123125076293945,27.484813690185547,81.43647003173828,64.4057388305664,57.62861251831055,31.398717880249023,27.52212905883789,109.27297973632812,81.99736785888672
2021-01-26,32.885433197021484,66.5972900390625,16.757143020629883,27.265810012817383,80.68611145019531,64.44902038574219,58.145957946777344,31.719892501831055,27.247343063354492,108.86673736572266,81.94453430175781
2021-01-27,31.916481018066406,64.44318389892578,16.530969619750977,26.46280288696289,79.08350372314453,63.23246765136719,57.16386413574219,31.314197540283203,26.51312828063965,105.56161499023438,79.41829681396484
2021-01-28,32.46630096435547,64.67092895507812,16.724241256713867,26.955554962158203,80.25997924804688,63.49211883544922,57.38307571411133,31.398717880249023,26.83085823059082,107.10340118408203,79.66803741455078
2021-01-29,31.835365295410156,63.46574783325195,16.16910171508789,26.41717529296875,78.5276870727539,61.996646881103516,56.19929122924805,31.06909942626953,26.68487548828125,106.19862365722656,77.80935668945312
2021-02-01,32.20942306518555,64.65193176269531,16.284242630004883,26.76392936706543,79.34288024902344,63.5498046875,56.25190353393555,31.770605087280273,26.813690185546875,106.60486602783203,79.83132934570312
2021-02-02,32.633052825927734,65.63886260986328,16.4610652923584,27.41181182861328,81.02885437011719,64.41053009033203,56.62895202636719,31.905834197998047,27.03265953063965,106.90953063964844,81.52670288085938
2021-02-03,32.696144104003906,66.52137756347656,17.164249420166016,27.566936492919922,81.08444213867188,64.18936920166016,56.71664810180664,31.779054641723633,26.946781158447266,106.15247344970703,81.07044982910156
2021-02-04,32.57897186279297,66.91992950439453,17.353410720825195,28.178321838378906,81.95521545410156,65.21358489990234,57.12876892089844,31.956546783447266,27.157175064086914,106.59561920166016,81.9349365234375
2021-02-05,33.13780212402344,67.7645034790039,17.501449584960938,28.18744468688965,82.43694305419922,65.06932067871094,57.66368103027344,32.0664176940918,27.30316162109375,106.78948211669922,82.71778869628906
2021-02-08,33.412715911865234,68.03022003173828,18.233413696289062,28.552444458007812,83.14096069335938,65.75213623046875,57.88289260864258,32.134037017822266,27.092769622802734,106.91873168945312,83.1884536743164
2021-02-09,33.16483688354492,68.2579574584961,18.04014015197754,28.561567306518555,83.35403442382812,65.6751937866211,57.83028793334961,32.2777214050293,27.13141441345215,107.07569885253906,82.7273941040039
2021-02-10,33.128787994384766,68.90322875976562,18.38556671142578,28.561567306518555,83.22431945800781,65.57904052734375,57.76890182495117,32.497467041015625,27.23875617980957,107.26957702636719,81.9109115600586
2021-02-11,33.16032791137695,68.9791488647461,18.101825714111328,28.47032356262207,83.04832458496094,66.30030059814453,57.514591217041016,32.43831253051758,27.084184646606445,107.47269439697266,81.68519592285156
2021-02-12,33.50284194946289,69.27334594726562,18.369115829467773,28.762325286865234,83.65045928955078,66.6417236328125,57.602298736572266,32.429847717285156,26.886672973632812,108.27587127685547,81.80046844482422
2021-02-16,33.439735412597656,69.60547637939453,18.829681396484375,29.25507926940918,83.56707763671875,66.42534637451172,57.4970703125,32.08332061767578,26.586122512817383,107.20497131347656,81.44505310058594
2021-02-17,33.421722412109375,69.80474090576172,19.10931396484375,29.401081085205078,83.33548736572266,65.83868408203125,57.70751190185547,32.108680725097656,26.607593536376953,107.59270477294922,81.91572570800781
2021-02-18,33.21441650390625,69.46310424804688,18.677532196044922,29.227705001831055,82.91862487792969,65.51652526855469,57.67244338989258,32.09177780151367,26.766460418701172,106.91873168945312,81.93973541259766
2021-02-19,33.822818756103516,68.77986145019531,18.99005699157715,29.57445526123047,84.2803726196289,65.42036437988281,56.94462966918945,32.19320297241211,26.367145538330078,105.62623596191406,81.4642562866211
2021-02-22,33.95351028442383,68.50467681884766,19.648008346557617,29.84821319580078,84.54904174804688,63.97777557373047,56.99724578857422,32.3791389465332,25.85191535949707,105.37696075439453,79.7448959350586
2021-02-23,34.07069396972656,69.03609466552734,19.972867965698242,30.03071403503418,84.80840301513672,63.799861907958984,57.07616424560547,32.497467041015625,26.066593170166016,105.20154571533203,79.22137451171875
2021-02-24,34.36813735961914,69.1594467163086,20.680166244506836,30.614717483520508,86.41102600097656,64.77599334716797,57.04109573364258,32.64959716796875,25.761747360229492,105.93089294433594,80.05223846435547
2021-02-25,33.574947357177734,67.65061950683594,20.281280517578125,30.05809211730957,84.81767272949219,62.511165618896484,56.41851043701172,32.117130279541016,25.52989387512207,104.86919403076172,77.07455444335938
2021-02-26,33.146827697753906,67.91635131835938,19.800155639648438,29.483203887939453,83.93762969970703,62.84295654296875,55.50655746459961,31.559309005737305,25.05759620666504,103.96442413330078,77.39631652832031
2021-03-01,33.985069274902344,69.65292358398438,20.314180374145508,30.404850006103516,86.08678436279297,64.86737060546875,56.06775665283203,31.593116760253906,25.61147117614746,105.32156372070312,79.2117691040039
2021-03-02,34.174346923828125,69.14047241210938,20.203155517578125,30.29534339904785,85.8366928100586,63.83832931518555,55.97129821777344,31.398717880249023,25.534189224243164,105.01690673828125,78.29924774169922
2021-03-03,33.83633804321289,68.15357208251953,20.499223709106445,30.53258514404297,85.92930603027344,62.23227310180664,55.70823669433594,31.009933471679688,25.233631134033203,103.68746185302734,76.45978546142578
2021-03-04,33.17835998535156,68.03022003173828,20.98857879638672,30.185836791992188,84.55829620361328,60.857025146484375,55.50655746459961,30.781734466552734,25.2121639251709,102.29340362548828,74.84127044677734
2021-03-05,33.93998718261719,69.62443542480469,21.774002075195312,30.760719299316406,86.55923461914062,62.00626754760742,56.734188079833984,31.136707305908203,25.624357223510742,104.34294128417969,75.3167495727539
2021-03-08,34.395179748535156,68.6944808959961,21.815122604370117,31.15310287475586,87.46707153320312,60.50600814819336,56.979713439941406,31.288850784301758,25.98501968383789,104.08443450927734,75.40799713134766
2021-03-09,34.60698699951172,69.46310424804688,21.43269157409668,30.87022590637207,87.10578918457031,62.56406021118164,56.927085876464844,31.64382553100586,26.328506469726562,104.69376373291016,78.25603485107422
2021-03-10,35.17933654785156,69.75727081298828,21.97550392150879,31.499862670898438,88.39344024658203,62.31401443481445,57.67244338989258,31.956546783447266,26.50884246826172,104.93383026123047,78.6546630859375
2021-03-11,35.36861801147461,71.07632446289062,21.983726501464844,31.40860366821289,88.4582748413086,63.64599609375,57.53214645385742,32.429847717285156,26.440143585205078,105.57083892822266,79.86016845703125
2021-03-12,35.463253021240234,70.87705993652344,22.028959274291992,31.727981567382812,89.64401245117188,63.18918991088867,58.00566101074219,32.9876708984375,26.796510696411133,105.80164337158203,80.09550476074219
2021-03-15,35.50382614135742,71.37998962402344,21.778118133544922,31.54549217224121,90.39435577392578,63.862361907958984,58.25994873046875,33.359554290771484,27.14000129699707,106.53099822998047,81.17131042480469
2021-03-16,35.21088409423828,72.12965393066406,21.15717887878418,31.21697425842285,89.10672760009766,64.34321594238281,58.33011245727539,33.359554290771484,27.17435073852539,106.46637725830078,80.33080291748047
2021-03-17,35.526363372802734,72.1391372680664,21.321664810180664,31.42685317993164,90.13499450683594,64.29034423828125,58.24241638183594,33.3088493347168,26.73210334777832,106.07860565185547,81.45945739746094
2021-03-18,35.32805633544922,70.9434585571289,20.363527297973633,31.59110450744629,90.05162048339844,62.50634765625,58.00566101074219,33.0975456237793,26.63335418701172,105.85706329345703,79.46631622314453
2021-03-19,35.15230178833008,71.560302734375,20.367639541625977,31.226102828979492,89.36610412597656,62.3188362121582,58.20732879638672,32.658050537109375,26.70634651184082,106.23556518554688,79.9417953491211
2021-03-22,35.17401885986328,72.16204071044922,20.17231559753418,30.823734283447266,89.31592559814453,63.544227600097656,58.82183837890625,33.01828384399414,26.667850494384766,107.16012573242188,80.46806335449219
2021-03-23,34.440853118896484,71.62969970703125,19.87725257873535,30.392953872680664,87.75486755371094,63.14908218383789,59.068687438964844,33.120723724365234,27.065814971923828,106.07620239257812,79.71281433105469
2021-03-24,34.68976593017578,69.82350158691406,20.37594985961914,30.502941131591797,88.39601135253906,62.3829231262207,58.8394660949707,32.9755973815918,27.074460983276367,105.9557876586914,78.5342788696289
2021-03-25,35.19212341308594,69.48128509521484,20.45075035095215,31.016218185424805,89.80842590332031,62.3443603515625,59.41252517700195,33.25728988647461,27.36427879333496,106.40045928955078,79.22215270996094
2021-03-26,36.06559371948242,68.72077178955078,20.957761764526367,31.501977920532227,91.36021423339844,63.92973327636719,60.46165084838867,34.068241119384766,27.45512580871582,108.41081237792969,79.88117980957031
2021-03-29,35.943397521972656,69.42423248291016,20.70841407775879,31.227020263671875,91.37879180908203,63.59723663330078,61.069969177246094,33.991416931152344,27.749269485473633,108.92036437988281,79.44345092773438
2021-03-30,35.83931350708008,69.42423248291016,20.529714584350586,31.446992874145508,91.77835845947266,62.994903564453125,60.417564392089844,33.8463020324707,27.498376846313477,107.9383544921875,80.22273254394531
2021-03-31,35.66280746459961,69.69994354248047,20.38841438293457,31.208694458007812,91.48100280761719,63.9971809387207,60.22361373901367,33.7097282409668,27.701684951782227,108.15140533447266,80.84806823730469
2021-04-01,35.97507858276367,70.89771270751953,20.907894134521484,31.5936336517334,91.78764343261719,65.28376770019531,59.93267822265625,34.24750900268555,27.675729751586914,107.82717895507812,81.49748229980469
2021-04-05,36.41859817504883,72.39021301269531,20.409196853637695,31.841108322143555,92.9212875366211,66.63301086425781,60.699676513671875,34.42676544189453,27.978530883789062,108.57756042480469,83.34947967529297
2021-04-06,36.500064849853516,72.57081604003906,20.35516929626465,31.776958465576172,92.69827270507812,66.34870910644531,60.95536804199219,34.51213073730469,28.125598907470703,108.16067504882812,83.71024322509766
2021-04-07,35.87098693847656,73.13169860839844,20.425819396972656,31.93277359008789,92.27083587646484,66.7004623413086,60.805484771728516,34.5548095703125,28.09099769592285,107.9197998046875,83.46011352539062
2021-04-08,35.91624450683594,73.14117431640625,20.15984535217285,31.94192886352539,92.49385070800781,67.6642074584961,60.86720657348633,34.384090423583984,28.069366455078125,108.0865707397461,83.85456085205078
2021-04-09,36.2285041809082,73.12218475341797,20.026857376098633,32.21691131591797,93.39517974853516,68.31473541259766,60.76139450073242,34.435302734375,28.039091110229492,109.27238464355469,84.65308380126953
2021-04-12,36.3552360534668,72.82749938964844,19.868942260742188,32.3543815612793,93.73897552490234,67.98706817626953,61.087608337402344,34.64017868041992,28.06504249572754,109.38357543945312,85.19666290283203
2021-04-13,36.269248962402344,72.92253875732422,19.889724731445312,32.051918029785156,93.28367614746094,68.62794494628906,60.76139450073242,34.84503936767578,28.398120880126953,109.83750915527344,86.09619140625
2021-04-14,36.5317497253418,72.17155456542969,20.442441940307617,32.2443962097168,93.40446472167969,67.90032958984375,60.70849609375,34.631649017333984,28.523563385009766,109.8282470703125,85.24954986572266
2021-04-15,36.96168899536133,73.09365844726562,20.27621078491211,32.21691131591797,93.77615356445312,69.06646728515625,61.193397521972656,35.2889289855957,28.839340209960938,111.70890808105469,85.86048126220703
2021-04-16,37.409732818603516,73.04611206054688,20.1141357421875,32.4460334777832,93.98058319091797,69.052001953125,61.54603576660156,35.34014129638672,29.072933197021484,112.54268646240234,86.5242919921875
2021-04-19,37.23775100708008,72.63736724853516,20.093353271484375,32.3543815612793,93.59030151367188,68.47857666015625,61.30799865722656,35.451114654541016,28.925859451293945,112.57048797607422,85.55262756347656
2021-04-20,36.880226135253906,72.24760437011719,19.561410903930664,31.749465942382812,92.55890655517578,67.87141418457031,61.64302444458008,35.843788146972656,29.293537139892578,113.00590515136719,84.4750747680664
2021-04-21,37.550025939941406,72.37118530273438,19.810758590698242,32.18939971923828,93.8226318359375,68.55565643310547,61.951595306396484,36.00597381591797,29.046974182128906,114.33997344970703,85.60072326660156
2021-04-22,36.91642761230469,71.8388442993164,19.578033447265625,31.831947326660156,93.34871673583984,67.7509536743164,61.49315643310547,35.852325439453125,28.839340209960938,113.83042907714844,84.65308380126953
2021-04-23,37.522884368896484,72.67538452148438,19.756732940673828,32.427711486816406,94.37085723876953,68.76287078857422,61.33444595336914,36.05719757080078,28.800411224365234,114.58084106445312,85.53819274902344
2021-04-26,37.74464797973633,72.82749938964844,19.889724731445312,32.556026458740234,94.09208679199219,69.11465454101562,60.646785736083984,36.1340217590332,28.636030197143555,114.19173431396484,85.91340637207031
2021-04-27,37.645076751708984,72.53279113769531,20.13075828552246,32.81266784667969,94.87262725830078,68.94599914550781,60.60271453857422,36.1340217590332,28.415422439575195,113.53398132324219,85.81239318847656
2021-04-28,37.749168395996094,73.19823455810547,20.824777603149414,32.94097900390625,94.67749786376953,68.30511474609375,60.646785736083984,36.00597381591797,28.376497268676758,113.19120788574219,85.71134948730469
2021-04-29,37.984500885009766,75.2230453491211,21.057504653930664,33.5275764465332,95.34651947021484,68.24727630615234,61.290374755859375,36.27060317993164,28.636030197143555,112.73725128173828,85.73542022705078
2021-04-30,37.58171844482422,74.1963882446289,20.525562286376953,33.234275817871094,94.71466064453125,67.3172607421875,61.343284606933594,36.509605407714844,28.860971450805664,112.40372467041016,86.06732940673828
2021-05-03,38.14289474487305,73.80662536621094,21.090749740600586,33.399253845214844,95.6903305053711,67.12934112548828,61.845802307128906,36.31327819824219,28.856643676757812,113.68220520019531,85.658447265625
2021-05-04,38.55927276611328,73.14117431640625,21.10321807861328,33.665061950683594,96.10846710205078,65.92465209960938,61.528411865234375,36.09132766723633,28.748502731323242,113.80261993408203,84.76371765136719
2021-05-05,39.048038482666016,72.99861145019531,21.784770965576172,33.94001007080078,96.20140838623047,65.76565551757812,61.48432922363281,35.56209182739258,28.264026641845703,114.0064468383789,84.4991455078125
2021-05-06,39.3784294128418,73.85417175292969,21.8969783782959,34.44412612915039,96.87042999267578,66.42581939697266,62.27780532836914,35.73280715942383,28.480304718017578,114.15467834472656,84.68194580078125
2021-05-07,39.767642974853516,74.4150390625,22.287626266479492,34.627437591552734,97.8925552368164,66.9944076538086,62.27780532836914,36.16816711425781,28.56682777404785,114.942138671875,85.44198608398438
2021-05-10,39.59114456176758,72.98908233642578,22.295936584472656,34.599945068359375,97.9854736328125,65.30307006835938,62.75386047363281,36.330360412597656,28.856643676757812,115.09039306640625,83.92190551757812
2021-05-11,39.72237777709961,72.77995300292969,21.72243309020996,33.98585510253906,96.5359115600586,65.10547637939453,62.20726013183594,35.90353775024414,28.501937866210938,113.84896087646484,82.9742431640625
2021-05-12,38.722190856933594,71.35401153564453,21.82632827758789,33.63756561279297,94.22217559814453,63.274375915527344,61.378543853759766,35.03284454345703,27.835784912109375,112.7743148803711,80.16499328613281
2021-05-13,39.31507110595703,71.86734771728516,21.56035804748535,34.17832946777344,95.98768615722656,64.11284637451172,62.242523193359375,35.47673416137695,28.372169494628906,113.79337310791016,80.73263549804688
2021-05-14,39.78574752807617,73.28378295898438,22.229440689086914,34.71910095214844,97.31645965576172,65.52471923828125,62.515838623046875,35.80963897705078,28.51059341430664,114.36774444580078,82.13243865966797
2021-05-17,40.13423156738281,72.70389556884766,22.744766235351562,34.78325653076172,97.01909637451172,65.0428466796875,62.42766189575195,35.82671356201172,28.277002334594727,114.15467834472656,81.98330688476562
2021-05-18,39.69070816040039,71.96240997314453,22.216976165771484,34.29747772216797,95.6067123413086,64.52241516113281,62.23370361328125,35.89500427246094,28.27267837524414,114.19173431396484,81.34353637695312
2021-05-19,39.08425521850586,72.07649230957031,21.664257049560547,34.086666107177734,95.06775665283203,64.74888610839844,62.03094482421875,35.7584228515625,28.225095748901367,113.9971694946289,80.66046905517578
2021-05-20,39.10688400268555,73.31229400634766,21.63100814819336,34.10500717163086,95.28146362304688,65.98731231689453,62.60398864746094,36.20231628417969,28.47165870666504,115.1922607421875,81.48786163330078
2021-05-21,39.19286346435547,73.06514739990234,21.67671775817871,34.44412612915039,95.74607849121094,65.62590026855469,62.61281204223633,36.142555236816406,28.618732452392578,115.21082305908203,81.07897186279297
2021-05-24,39.54136276245117,74.39600372314453,21.892820358276367,34.60910415649414,96.34078979492188,66.79203796386719,62.797935485839844,36.535213470458984,28.56682777404785,115.32197570800781,81.8823013305664
2021-05-25,39.206443786621094,74.37701416015625,21.44815444946289,34.26081848144531,96.05274200439453,66.8113021850586,62.81557846069336,36.63764953613281,28.220762252807617,114.97920227050781,82.14205932617188
2021-05-26,39.22003173828125,74.8618392944336,21.639314651489258,34.36164474487305,96.35936737060547,66.80648040771484,62.68333053588867,36.723026275634766,28.225095748901367,114.31216430664062,82.92616271972656
2021-05-27,39.53230667114258,75.14701080322266,21.65593719482422,34.75574493408203,97.67884826660156,66.4547348022461,62.29542922973633,36.68033981323242,28.034761428833008,114.0620346069336,83.2580795288086
2021-05-28,39.4915771484375,74.89984893798828,21.697498321533203,34.81991195678711,97.67884826660156,66.69084167480469,62.42766189575195,36.927894592285156,28.18616485595703,114.5067367553711,83.1426010131836
2021-06-01,40.0437126159668,74.9473876953125,22.532817840576172,35.030723571777344,98.05982971191406,66.36317443847656,62.21608352661133,37.55957794189453,28.013139724731445,112.62606048583984,82.98389434814453
2021-06-02,39.708805084228516,74.71923065185547,22.952552795410156,35.085716247558594,97.78107452392578,66.82093048095703,62.445289611816406,38.080291748046875,28.16020393371582,112.40372467041016,82.59905242919922
2021-06-03,39.69975662231445,74.21540832519531,23.014890670776367,35.1682014465332,97.56735229492188,66.1993408203125,62.83321762084961,38.00345993041992,28.32891082763672,112.74650573730469,81.61772155761719
2021-06-04,39.78574752807617,75.28011322021484,23.168655395507812,35.25986862182617,97.88326263427734,67.4714584350586,63.05361557006836,38.0376091003418,28.28565788269043,113.1078109741211,82.27192687988281
2021-06-07,39.301490783691406,75.66986083984375,23.06891632080078,35.030723571777344,97.20494842529297,67.45701599121094,62.94782257080078,38.39613342285156,28.337562561035156,113.51545715332031,82.27192687988281
2021-06-08,39.373905181884766,75.45122528076172,23.268394470214844,34.939064025878906,97.4558334350586,67.46183013916016,62.41885757446289,38.60100173950195,28.09531593322754,113.16340637207031,82.93577575683594
2021-06-09,39.066158294677734,75.37516021728516,23.122941970825195,34.60910415649414,96.46158599853516,67.51000213623047,62.11909866333008,38.643680572509766,28.346214294433594,114.25658416748047,82.47877502441406
2021-06-10,38.830814361572266,75.78394317626953,23.093856811523438,34.20581817626953,95.98768615722656,68.00634765625,62.50701904296875,39.036354064941406,28.53221893310547,116.21136474609375,82.86844635009766
2021-06-11,38.97563934326172,75.8694839477539,23.014890670776367,34.42579650878906,96.18283081054688,68.4111099243164,62.54227066040039,38.788787841796875,28.59710121154785,115.38684844970703,83.32062530517578
2021-06-14,38.49591064453125,76.37332153320312,22.91515350341797,34.06834030151367,95.74607849121094,69.10499572753906,62.50701904296875,39.0107421875,28.65765953063965,115.48873901367188,83.34465026855469
2021-06-15,38.41445541381836,75.93604278564453,23.351512908935547,34.13249969482422,96.15493774414062,68.68095397949219,62.35713577270508,38.6522216796875,28.744176864624023,115.52579498291016,82.902099609375
2021-06-16,37.98903274536133,75.27059173583984,23.226839065551758,34.09583282470703,95.24430847167969,68.30992126464844,61.528411865234375,38.30222702026367,28.311603546142578,115.08111572265625,82.9405746459961
2021-06-17,37.14271926879883,75.58432006835938,22.43723487854004,33.087623596191406,93.77615356445312,69.10017395019531,61.74880599975586,38.447349548339844,28.46733283996582,115.96121978759766,83.25325775146484
2021-06-18,36.54079055786133,74.70020294189453,21.77229881286621,32.29022216796875,92.55890655517578,68.46893310546875,60.65559768676758,37.841278076171875,27.72764015197754,114.63642883300781,82.81551361083984
2021-06-21,37.29941177368164,75.42496490478516,22.700122833251953,33.04385757446289,94.59471130371094,69.20270538330078,61.351295471191406,38.59303283691406,28.086843490600586,116.01382446289062,83.45384979248047
2021-06-22,37.44941329956055,76.07254028320312,22.85126304626465,33.09906768798828,94.69723510742188,69.8302993774414,61.44002914428711,38.421207427978516,27.916831970214844,116.26493835449219,84.23908996582031
2021-06-23,37.20851516723633,75.99634552001953,22.91423988342285,33.16347885131836,94.48284912109375,69.75305938720703,61.0584716796875,38.30091857910156,27.620405197143555,115.78131103515625,84.88945770263672
2021-06-24,37.326690673828125,76.71060180664062,23.111555099487305,33.577571868896484,95.21924591064453,70.19236755371094,61.36015319824219,38.1204948425293,27.59424591064453,116.37654113769531,85.17851257324219
2021-06-25,37.33122634887695,76.80584716796875,23.233306884765625,33.982444763183594,95.40567016601562,70.11029052734375,61.83047103881836,38.395423889160156,27.890676498413086,116.90666961669922,85.71807861328125
2021-06-28,37.33122634887695,77.67243957519531,22.448230743408203,33.73398971557617,94.9023208618164,70.84406280517578,61.88369369506836,38.4126091003418,28.06940460205078,117.08336639404297,85.73734283447266
2021-06-29,37.313053131103516,77.2534408569336,22.339073181152344,33.614376068115234,94.71589660644531,71.36062622070312,61.608619689941406,38.386837005615234,27.616044998168945,117.21358489990234,85.94931030273438
2021-06-30,37.413055419921875,77.11058044433594,22.61615562438965,33.761592864990234,95.4522933959961,71.28337097167969,62.08778381347656,38.08613204956055,27.56372833251953,117.13916015625,86.01673889160156
2021-07-01,37.61759567260742,77.68197631835938,23.010793685913086,34.02845764160156,96.13274383544922,71.40408325195312,61.901451110839844,38.24077606201172,27.864519119262695,118.18082427978516,86.50332641601562
2021-07-02,37.67214584350586,78.22481536865234,22.960418701171875,33.99164962768555,96.28189849853516,72.345458984375,62.05229187011719,38.421207427978516,27.90811538696289,119.31548309326172,87.26448059082031
2021-07-06,37.113067626953125,78.03433227539062,22.213119506835938,33.45793914794922,95.35906219482422,72.62061309814453,61.794952392578125,38.76486587524414,28.025815963745117,119.20387268066406,87.36567687988281
2021-07-07,37.499420166015625,77.9200668334961,21.85207176208496,33.503944396972656,96.30986785888672,73.0164566040039,62.123291015625,38.96246337890625,28.208904266357422,119.95721435546875,87.31747436523438
2021-07-08,36.990333557128906,77.06295013427734,21.726118087768555,32.832210540771484,94.96755981445312,72.32615661621094,61.892581939697266,38.928096771240234,28.12607192993164,119.296875,87.1007080078125
2021-07-09,37.717594146728516,77.74864196777344,22.18793296813965,33.78000259399414,96.46835327148438,72.9923324584961,62.24751663208008,39.44359588623047,28.16094970703125,119.70612335205078,87.91484832763672
2021-07-12,37.84031677246094,78.3010025024414,22.15435028076172,34.111270904541016,96.59884643554688,73.05026245117188,62.1498908996582,39.78724670410156,28.25249481201172,119.93863677978516,88.51702880859375
2021-07-13,37.494869232177734,78.10101318359375,21.986413955688477,33.74319839477539,95.66666412353516,73.34957122802734,62.13216018676758,39.271751403808594,28.038890838623047,119.82701110839844,87.45720672607422
2021-07-14,37.417598724365234,78.0438461303711,21.331485748291016,33.586769104003906,95.65736389160156,73.8902587890625,62.68232727050781,39.61541748046875,28.283010482788086,119.71540832519531,87.2981948852539
2021-07-15,37.42213439941406,77.49151611328125,21.033401489257812,33.69718933105469,95.84378051757812,73.28199768066406,62.939632415771484,39.67555618286133,28.60123634338379,119.296875,86.82609558105469
2021-07-16,36.858516693115234,77.00582885742188,20.437253952026367,33.23710250854492,94.99553680419922,72.557861328125,63.037254333496094,39.71852111816406,28.88895034790039,119.62239837646484,85.75662231445312
2021-07-19,36.067623138427734,75.8344497680664,19.715145111083984,32.307708740234375,93.01005554199219,71.55856323242188,62.85089874267578,39.09992599487305,28.431228637695312,118.3668212890625,84.77384185791016
2021-07-20,36.47670364379883,76.69155883789062,19.979637145996094,33.10826873779297,95.61075592041016,72.62061309814453,62.8686637878418,39.804443359375,28.553285598754883,119.80841064453125,86.33952331542969
2021-07-21,36.8766975402832,77.32962036132812,20.67655372619629,33.67879104614258,96.5242691040039,73.32061004638672,62.70893859863281,39.68415069580078,28.23941993713379,120.00370788574219,87.13440704345703
2021-07-22,36.89033889770508,77.59627532958984,20.445648193359375,33.310699462890625,96.17003631591797,73.86128234863281,62.602439880371094,39.40062713623047,28.283010482788086,120.88726043701172,87.51016235351562
2021-07-23,37.14942169189453,79.51998901367188,20.370075225830078,33.36592102050781,96.58016967773438,74.59506225585938,63.35669708251953,39.761474609375,28.644832611083984,122.28230285644531,88.29063415527344
2021-07-26,37.463050842285156,79.92949676513672,20.873868942260742,33.55915451049805,96.53358459472656,74.55645751953125,63.463172912597656,39.761474609375,28.653553009033203,121.49179077148438,88.94580841064453
2021-07-27,37.51304626464844,78.97714233398438,20.680747985839844,33.54995346069336,96.00224304199219,73.85165405273438,63.59627151489258,40.079368591308594,29.146150588989258,122.05912780761719,88.04492950439453
2021-07-28,37.62213897705078,79.5961685180664,20.869674682617188,33.503944396972656,95.7785415649414,73.7599105834961,63.037254333496094,39.838802337646484,28.923826217651367,122.49624633789062,87.76069641113281
2021-07-29,38.03577423095703,78.73907470703125,21.071191787719727,33.87202835083008,96.53358459472656,74.10267639160156,63.347843170166016,39.71852111816406,29.002290725708008,122.79385375976562,88.748291015625
2021-07-30,38.1903076171875,78.47241973876953,20.735328674316406,33.60517501831055,96.3471450805664,74.05438232421875,63.45431900024414,39.84739303588867,28.7581787109375,122.90547180175781,86.92244720458984
2021-08-02,37.7266845703125,78.2914810180664,20.57999038696289,33.614376068115234,95.6853256225586,73.78887939453125,63.188114166259766,39.86457061767578,28.980501174926758,123.07286834716797,87.17296600341797
2021-08-03,38.11758041381836,77.9391098022461,20.932647705078125,33.99164962768555,96.93438720703125,74.26197814941406,63.4720344543457,40.027809143066406,29.146150588989258,124.78416442871094,87.8185043334961
2021-08-04,37.75395202636719,78.15815734863281,20.365875244140625,33.706390380859375,95.62007141113281,74.41162109375,62.64681625366211,39.8989372253418,29.102556228637695,124.25401306152344,86.9658203125
2021-08-05,37.69940948486328,78.87239074707031,20.596782684326172,34.1480827331543,96.0675048828125,74.82199096679688,62.94851303100586,40.21683120727539,29.420787811279297,123.74250030517578,87.79923248291016
2021-08-06,38.24483871459961,78.87239074707031,20.785707473754883,34.83822250366211,96.51493072509766,74.75921630859375,62.94851303100586,40.148094177246094,29.40334701538086,123.64020538330078,87.20185089111328
2021-08-09,38.19940185546875,78.72954559326172,20.49182891845703,34.93022918701172,96.13274383544922,74.51783752441406,63.179222106933594,39.96767044067383,29.394630432128906,124.114501953125,87.08142852783203
2021-08-10,38.77666091918945,78.88191223144531,20.85287857055664,35.29832077026367,97.11149597167969,73.98198699951172,63.631797790527344,39.53809356689453,29.425140380859375,123.82622528076172,87.42347717285156
2021-08-11,39.32211685180664,79.03431701660156,21.016613006591797,35.703189849853516,98.36991119384766,73.99163055419922,63.844730377197266,39.75288391113281,29.69977378845215,122.59857177734375,87.67880249023438
2021-08-12,39.25847625732422,79.1771469116211,20.99561882019043,35.767601013183594,98.1834945678711,74.41647338867188,63.80925369262695,39.89034652709961,29.730289459228516,123.5658187866211,87.71733093261719
2021-08-13,39.294837951660156,79.2247543334961,20.747920989990234,35.50075149536133,97.8758773803711,74.82199096679688,64.34165954589844,40.15669250488281,29.939537048339844,124.33773040771484,87.46681213378906
2021-08-16,39.09938430786133,79.35808563232422,20.365875244140625,35.408729553222656,98.21145629882812,75.159912109375,64.7143325805664,40.199642181396484,30.122621536254883,125.75137329101562,87.06214904785156
2021-08-17,38.64939498901367,78.70098876953125,20.155960083007812,35.16028594970703,97.14878845214844,74.53713989257812,64.74983978271484,40.27696228027344,30.140071868896484,127.23948669433594,84.99542999267578
2021-08-18,38.19940185546875,78.10101318359375,19.736133575439453,34.72780227661133,96.08615112304688,73.50887298583984,63.94236755371094,39.85598373413086,29.987491607666016,125.30496978759766,85.29894256591797
2021-08-19,37.85850143432617,78.11051940917969,19.22394371032715,34.47014236450195,95.41499328613281,74.2281723022461,64.45700073242188,40.19104766845703,30.10955238342285,125.87229919433594,84.75455474853516
2021-08-20,38.08122634887695,78.78669738769531,19.265928268432617,34.681785583496094,95.66666412353516,75.18403625488281,64.56350708007812,40.380062103271484,30.484451293945312,126.58843231201172,85.5687255859375
2021-08-23,38.40849685668945,79.7390365600586,19.98802947998047,34.96704864501953,96.44969177246094,76.15436553955078,64.35940551757812,40.22542190551758,30.092111587524414,126.63494110107422,86.67193603515625
2021-08-24,38.64939498901367,79.99615478515625,20.319700241088867,35.17868423461914,96.93438720703125,76.06748962402344,63.871360778808594,39.924713134765625,29.89594841003418,126.18852233886719,87.28374481201172
2021-08-25,38.8266716003418,80.11996459960938,20.475034713745117,35.59276580810547,97.55895233154297,76.02403259277344,63.7648811340332,39.881752014160156,29.952613830566406,125.8443832397461,87.62098693847656
2021-08-26,38.55848693847656,79.42474365234375,20.164356231689453,35.417938232421875,97.1301498413086,75.54609680175781,63.4720344543457,39.90753936767578,29.87850570678711,125.35145568847656,86.8116226196289
2021-08-27,39.06757736206055,80.68183135986328,20.701744079589844,35.88722610473633,97.80130767822266,76.27505493164062,63.69387435913086,40.2340087890625,29.869789123535156,125.21195220947266,87.60172271728516
2021-08-30,39.02666473388672,81.23418426513672,20.45823860168457,35.38113021850586,97.68946075439453,77.09573364257812,63.977840423583984,40.72372055053711,29.913381576538086,125.91876983642578,88.26171112060547
2021-08-31,38.913021087646484,81.53894805908203,20.319700241088867,35.33511734008789,97.41912078857422,76.69023132324219,64.11983489990234,40.96428680419922,29.87850570678711,125.75137329101562,88.47368621826172
2021-09-01,38.81303405761719,81.94844055175781,20.021615982055664,35.1326789855957,97.04627227783203,76.70952606201172,64.45700073242188,41.668785095214844,30.270837783813477,125.78858184814453,88.4688720703125
2021-09-02,39.063026428222656,81.3960952758789,20.529611587524414,35.25230407714844,98.09028625488281,76.62747192382812,64.70547485351562,41.866390228271484,30.545475006103516,127.13716125488281,88.46405792236328
2021-09-03,38.80393981933594,81.3960952758789,20.412059783935547,35.031463623046875,97.49369812011719,76.93158721923828,64.6256103515625,41.866390228271484,30.292633056640625,127.27666473388672,88.41107940673828
2021-09-07,38.54940414428711,81.5865478515625,20.290311813354492,34.819820404052734,95.80650329589844,76.95092010498047,63.880226135253906,41.40244674682617,29.891584396362305,126.53263092041016,88.67119598388672
2021-09-08,38.18122863769531,81.16752624511719,20.030014038085938,34.737003326416016,95.93700408935547,76.65641784667969,64.4303970336914,41.651611328125,30.42778205871582,126.47686004638672,88.77238464355469
2021-09-09,38.194862365722656,80.76753997802734,20.072002410888672,34.83822250366211,95.470947265625,76.36679077148438,64.0577163696289,40.76667404174805,30.262121200561523,125.01663970947266,88.65673828125
2021-09-10,38.18577194213867,80.24375915527344,20.063602447509766,34.580562591552734,95.04212951660156,75.61369323730469,63.782623291015625,40.251190185546875,29.839275360107422,123.87268829345703,88.11236572265625
2021-09-13,38.17668151855469,80.44376373291016,20.638769149780273,34.97624588012695,95.2938232421875,75.63783264160156,63.94236755371094,40.47456359863281,29.78696632385254,123.11004638671875,88.32917022705078
2021-09-14,37.75850296020508,79.74855041503906,20.340688705444336,34.506954193115234,94.14728546142578,75.54126739501953,63.649505615234375,40.38865661621094,29.68670082092285,123.09148406982422,88.0353012084961
2021-09-15,38.15848922729492,80.13899993896484,21.100576400756836,34.83822250366211,95.18199157714844,76.2026596069336,63.880226135253906,40.54330062866211,29.647464752197266,123.89128112792969,88.60377502441406
2021-09-16,37.74486541748047,80.06282806396484,20.861270904541016,34.737003326416016,94.52945709228516,76.24609375,63.66726303100586,40.620628356933594,29.398988723754883,123.5750732421875,89.00843811035156
2021-09-17,36.96760940551758,79.1771469116211,20.705942153930664,34.580562591552734,93.5227279663086,75.05851745605469,63.321197509765625,40.251190185546875,28.945621490478516,123.6959457397461,88.69527435302734
2021-09-20,36.25725173950195,77.58592224121094,20.073646545410156,33.77839279174805,92.45011138916016,73.6913833618164,62.689048767089844,39.9755859375,28.892473220825195,122.40519714355469,86.67132568359375
2021-09-21,36.170501708984375,77.26158905029297,20.120384216308594,33.732181549072266,91.96382141113281,73.72039031982422,62.61760711669922,39.98422622680664,28.81341552734375,122.59186553955078,86.80159759521484
2021-09-22,36.544857025146484,77.22341918945312,20.740785598754883,34.29592514038086,92.6932601928711,74.73111724853516,62.79619598388672,40.321170806884766,28.795846939086914,122.79721069335938,87.98365783691406
2021-09-23,37.065303802490234,78.01521301269531,21.46741485595703,35.13691329956055,94.11468505859375,75.7322006225586,63.028324127197266,40.122459411621094,28.642118453979492,123.68387603759766,88.87622833251953
2021-09-24,37.01052474975586,78.65438842773438,21.628881454467773,35.32175064086914,94.31108093261719,75.78538513183594,63.055110931396484,39.66456604003906,28.61137580871582,123.17984771728516,89.2091293334961
2021-09-27,37.29813003540039,78.64482879638672,22.398008346557617,35.80231475830078,94.40458679199219,75.05030822753906,62.769405364990234,39.00794219970703,28.273168563842773,121.42520904541016,89.68678283691406
2021-09-28,36.83704376220703,76.72736358642578,22.47449493408203,35.21084976196289,93.31044006347656,72.82572174072266,62.0283088684082,38.774681091308594,27.91739273071289,119.34391021728516,87.95953369140625
2021-09-29,36.686378479003906,76.66059112548828,22.47449493408203,35.23857498168945,93.41331481933594,72.73384857177734,62.5908317565918,39.02522277832031,28.281944274902344,120.28656768798828,88.04638671875
2021-09-30,36.1157341003418,76.42211151123047,22.134552001953125,34.6840705871582,91.4962387084961,72.21155548095703,61.4658088684082,38.403175354003906,28.057941436767578,118.8119125366211,86.57964324951172
2021-10-01,36.690956115722656,77.70994567871094,22.878175735473633,35.2570686340332,92.74934387207031,73.2996597290039,61.62651443481445,38.81787109375,28.057941436767578,118.83991241455078,87.23100280761719
2021-10-04,36.531158447265625,76.0309829711914,23.252111434936523,34.95207977294922,92.2443618774414,71.60218811035156,61.430076599121094,38.86107635498047,28.444467544555664,117.0292739868164,86.54105377197266
2021-10-05,36.85529708862305,77.16619110107422,23.388090133666992,35.63596725463867,93.27304077148438,72.62262725830078,61.74258804321289,38.558692932128906,28.37418556213379,117.72925567626953,86.88844299316406
2021-10-06,36.78681945800781,77.29974365234375,23.141630172729492,35.67292785644531,93.68451690673828,73.09654235839844,62.34082794189453,38.9301872253418,28.81341552734375,117.51457977294922,87.16344451904297
2021-10-07,37.266170501708984,77.63362121582031,23.320100784301758,35.885494232177734,94.41394805908203,73.763916015625,62.61760711669922,38.973388671875,28.659685134887695,119.0732650756836,88.51921081542969
2021-10-08,37.06073760986328,77.2520523071289,24.038230895996094,36.06108474731445,94.40458679199219,73.4882583618164,62.54617691040039,38.550045013427734,28.448856353759766,118.47589874267578,88.1139144897461
2021-10-11,37.065303802490234,76.08821868896484,23.948999404907227,35.700660705566406,93.64712524414062,73.08203125,62.52832794189453,38.60188674926758,28.062334060668945,117.55191802978516,87.75687408447266
2021-10-12,37.11552047729492,75.38228607177734,23.97024154663086,35.589759826660156,93.33850860595703,72.70481872558594,62.555118560791016,39.12025833129883,28.251201629638672,116.98258972167969,88.45164489746094
2021-10-13,37.394004821777344,75.7352294921875,23.948999404907227,35.38644027709961,93.53488159179688,73.14973449707031,62.67119216918945,39.34489059448242,28.580629348754883,117.16925048828125,88.8858642578125
2021-10-14,38.302494049072266,76.8036880493164,24.24220085144043,35.9779167175293,95.30235290527344,74.79883575439453,63.376556396484375,39.897823333740234,28.9320068359375,118.84923553466797,89.8170394897461
2021-10-15,38.416622161865234,76.62242126464844,24.361177444458008,36.513919830322266,96.21879577636719,75.39849090576172,63.22476577758789,39.915103912353516,28.848556518554688,119.43724060058594,91.19209289550781
2021-10-18,38.38922882080078,77.2138900756836,24.378171920776367,36.52317810058594,96.2842788696289,76.0368423461914,62.84977340698242,39.98422622680664,28.571842193603516,118.62525177001953,92.3066177368164
2021-10-19,38.59009552001953,77.95797729492188,24.65437889099121,36.88359069824219,96.85472106933594,76.79125213623047,62.87656021118164,40.1656608581543,28.9320068359375,120.18388366699219,92.04606628417969
2021-10-20,38.90053176879883,78.11061096191406,24.854095458984375,37.179325103759766,97.46257781982422,76.57847595214844,63.24263000488281,40.77906799316406,29.38880729675293,121.9012222290039,91.97853088378906
2021-10-21,38.80009460449219,78.33956909179688,24.395174026489258,37.022220611572266,97.65895080566406,76.87348937988281,63.16228103637695,40.90865707397461,29.38880729675293,122.39585876464844,93.32945251464844
2021-10-22,38.72705078125,76.67967987060547,24.624635696411133,37.53975296020508,98.00497436523438,76.60749816894531,63.65335464477539,41.20241165161133,29.53814125061035,122.89053344726562,92.99654388427734
2021-10-25,39.1151008605957,77.01354217529297,24.985824584960938,37.49354553222656,98.22940063476562,76.85895538330078,63.608699798583984,41.32337951660156,29.410764694213867,123.03987121582031,95.30274963378906
2021-10-26,39.22467041015625,76.32670593261719,25.130298614501953,37.521270751953125,97.62152862548828,77.07659912109375,63.831932067871094,41.51344299316406,29.568891525268555,123.64653015136719,95.3172378540039
2021-10-27,38.66314697265625,76.11683654785156,24.407915115356445,36.90208053588867,96.48065948486328,77.00890350341797,63.456905364990234,41.2110481262207,29.371244430541992,122.66651153564453,95.52952575683594
2021-10-28,39.0466194152832,76.3648452758789,24.58213996887207,37.35491943359375,97.68700408935547,77.78266143798828,63.680152893066406,41.815826416015625,29.56450080871582,123.6932144165039,96.79841613769531
2021-10-29,38.85944366455078,76.60335540771484,24.42066764831543,37.20705032348633,97.71505737304688,78.11634063720703,63.61762619018555,41.31473159790039,29.38880729675293,124.89718627929688,97.04931640625
2021-11-01,38.950748443603516,76.72736358642578,24.84134864807129,37.22553634643555,97.98625946044922,78.0002670288086,63.715850830078125,41.409767150878906,29.494220733642578,124.74784088134766,98.8296127319336
2021-11-02,39.393585205078125,76.73692321777344,24.60763931274414,37.31795883178711,98.31355285644531,78.68698120117188,64.14443969726562,41.798553466796875,29.520578384399414,125.53182220458984,98.163818359375
2021-11-03,39.8044548034668,77.01354217529297,24.40367317199707,37.45658493041992,98.09846496582031,79.14641571044922,64.74267578125,42.04045486450195,29.410764694213867,126.26912689208984,99.92965698242188
2021-11-04,39.78163528442383,77.31883239746094,24.437665939331055,36.966773986816406,98.49125671386719,80.38443756103516,64.80517578125,41.565284729003906,29.248252868652344,125.40116119384766,101.2757568359375
2021-11-05,40.09204864501953,77.93889617919922,24.756362915039062,36.98525619506836,99.49185943603516,80.80033874511719,65.18017578125,41.660316467285156,29.52497100830078,124.00121307373047,101.9271011352539
2021-11-08,40.59423065185547,77.59546661376953,24.9815731048584,37.188575744628906,99.90335083007812,81.23558807373047,64.66230010986328,41.65167999267578,29.085739135742188,124.73851776123047,100.4845199584961
2021-11-09,40.78142547607422,77.40467071533203,25.083555221557617,36.98525619506836,100.15582275390625,80.90188598632812,64.88552856445312,41.80718994140625,29.235076904296875,124.28118133544922,98.62699127197266
2021-11-10,40.5029411315918,76.52705383300781,24.42066764831543,36.920562744140625,99.59474182128906,79.56714630126953,65.08196258544922,41.59984588623047,29.47225570678711,124.6358413696289,98.26031494140625
2021-11-11,40.82707595825195,76.37439727783203,24.514150619506836,37.022220611572266,99.18326568603516,79.93952178955078,65.03730773925781,41.61711120605469,29.292177200317383,124.2718505859375,97.99495697021484
2021-11-12,41.1329460144043,77.49052429199219,24.454662322998047,37.105403900146484,99.96879577636719,80.91156005859375,65.03730773925781,41.6343879699707,29.274606704711914,124.8878402709961,98.32303619384766
2021-11-15,40.945770263671875,77.70994567871094,24.658628463745117,37.105403900146484,100.15582275390625,80.82935333251953,65.34982299804688,41.8676643371582,29.6611270904541,124.11317443847656,98.24101257324219
2021-11-16,40.83163833618164,77.12803649902344,24.696866989135742,37.06843185424805,100.17454528808594,81.68048095703125,64.93909454345703,41.60847854614258,29.520578384399414,124.6358413696289,99.78974151611328
2021-11-17,40.562286376953125,76.8322982788086,24.31868553161621,36.643306732177734,99.57604217529297,81.433837890625,64.79624938964844,41.88494873046875,29.546924591064453,124.81316375732422,100.42662048339844
2021-11-18,40.38881301879883,76.27900695800781,24.17420768737793,36.45847702026367,99.37031555175781,82.24630737304688,64.56407165527344,41.876304626464844,29.39320182800293,124.85984802246094,101.56523132324219
2021-11-19,40.31576156616211,76.02143859863281,23.230863571166992,36.06108474731445,98.87466430664062,82.84597778320312,64.33193969726562,41.65167999267578,29.56010627746582,124.1038589477539,102.0042953491211
2021-11-22,40.37968444824219,75.09608459472656,23.643047332763672,36.569374084472656,99.14585876464844,81.92227935791016,64.84089660644531,41.44432830810547,29.74018669128418,123.54383850097656,101.74858093261719
2021-11-23,40.420753479003906,74.895751953125,24.36967658996582,37.14236831665039,99.31417846679688,81.73368072509766,65.26945495605469,41.88494873046875,29.770933151245117,123.67452239990234,101.01041412353516
2021-11-24,40.133155822753906,75.00068664550781,24.60763931274414,37.059181213378906,99.20198822021484,82.32852935791016,65.07303619384766,42.44651794433594,29.78850746154785,123.62787628173828,101.21786499023438
2021-11-26,39.44379425048828,73.6269760131836,23.6175537109375,35.830039978027344,96.51807403564453,80.2732162475586,64.2515869140625,41.297447204589844,29.322921752929688,123.1705322265625,98.45811462402344
2021-11-29,39.62641525268555,74.25658416748047,23.75353240966797,35.940948486328125,96.68638610839844,82.28014373779297,64.41230010986328,41.815826416015625,29.757755279541016,123.50652313232422,99.9875717163086
2021-11-30,38.64487838745117,71.90030670166016,23.196870803833008,35.081459045410156,94.23625183105469,81.59345245361328,62.76046371459961,40.94322967529297,28.888084411621094,121.07988739013672,98.63662719726562
2021-12-01,38.25226593017578,70.24040985107422,22.950414657592773,34.69331359863281,92.92705535888672,80.47632598876953,62.45689392089844,40.407562255859375,28.9407901763916,120.865234375,96.85630798339844
2021-12-02,39.032920837402344,71.42333221435547,23.6175537109375,35.72837829589844,95.68575286865234,81.21623229980469,63.11763381958008,41.51344299316406,29.309741973876953,121.45321655273438,98.23619842529297
2021-12-03,38.9461784362793,71.26113891601562,23.430585861206055,35.14616012573242,95.57355499267578,79.8573226928711,63.90335464477539,41.306087493896484,29.604026794433594,121.67720031738281,96.3255844116211
2021-12-06,39.516845703125,72.43450927734375,23.77902603149414,35.682167053222656,97.19137573242188,80.61656188964844,65.02839660644531,41.9022216796875,30.056432723999023,122.36788940429688,97.42562103271484
2021-12-07,40.11946105957031,73.17861938476562,24.335683822631836,36.319847106933594,98.1826400756836,83.43114471435547,65.17125701904297,42.64522933959961,30.280441284179688,123.94519805908203,99.69806671142578
2021-12-08,40.28836441040039,73.71282196044922,24.331430435180664,36.12577819824219,98.42579650878906,83.81318664550781,64.96590423583984,42.826663970947266,30.24968910217285,124.8785171508789,99.94896697998047
2021-12-09,40.06466293334961,73.13091278076172,24.144466400146484,36.05184555053711,98.11717224121094,82.9088363647461,65.14447021484375,42.28236389160156,30.210163116455078,125.1678237915039,98.21690368652344
2021-12-10,40.31119918823242,73.16908264160156,24.32293701171875,36.088809967041016,98.51929473876953,84.57244873046875,66.2426986694336,42.498355865478516,30.372676849365234,125.60651397705078,98.9020004272461
2021-12-13,40.06923294067383,72.7874984741211,23.647296905517578,35.700660705566406,97.49996185302734,83.31505584716797,67.1087875366211,43.06857681274414,30.74602699279785,126.79186248779297,96.35453796386719
2021-12-14,40.02815246582031,72.59669494628906,23.5495662689209,35.91321563720703,96.57416534423828,81.94646453857422,67.15345001220703,42.5933952331543,30.561546325683594,126.27853393554688,95.79487609863281
2021-12-15,40.11489486694336,73.35987854003906,23.434829711914062,36.01487350463867,97.41581726074219,84.11785125732422,67.83203887939453,43.22408676147461,31.06226348876953,128.86378479003906,97.01071166992188
2021-12-16,40.52576446533203,73.25493621826172,23.58356285095215,36.46772003173828,97.46257781982422,81.73368072509766,68.31417083740234,43.38824462890625,31.22039222717285,129.6291046142578,94.86853790283203
2021-12-17,40.019020080566406,72.9592056274414,23.10338592529297,35.663692474365234,95.79798126220703,81.18721008300781,67.14451599121094,43.241363525390625,30.75041961669922,128.72373962402344,94.22200012207031
2021-12-20,39.30415725708008,72.4496841430664,22.817153930664062,34.9709587097168,94.26321411132812,80.22156524658203,67.1642837524414,42.95817947387695,30.779632568359375,127.94430541992188,92.70092010498047
2021-12-21,39.79970169067383,73.82623291015625,23.46710205078125,35.69526290893555,96.14060974121094,82.251708984375,67.07439422607422,43.20215606689453,30.735370635986328,128.47833251953125,95.10240936279297
2021-12-22,40.11629867553711,74.00785827636719,23.61775779724121,35.86240768432617,96.412841796875,83.32733154296875,67.49693298339844,43.62912368774414,30.86817741394043,129.97735595703125,96.83708190917969
2021-12-23,40.52007293701172,74.66744995117188,23.63066864013672,36.04813003540039,97.54862976074219,83.79246520996094,67.6497573852539,43.498416900634766,30.86374282836914,130.5113983154297,98.18035888671875
2021-12-27,41.130332946777344,75.39396667480469,24.147184371948242,36.419578552246094,98.58118438720703,85.59002685546875,68.36894989013672,44.387210845947266,31.014251708984375,131.88870239257812,99.1370849609375
2021-12-28,41.36892318725586,75.3557357788086,24.129968643188477,36.438148498535156,99.07870483398438,85.1442642211914,68.75552368164062,44.57890701293945,31.293142318725586,131.5420379638672,99.1805419921875
2021-12-29,41.5386962890625,74.98289489746094,23.97500991821289,36.39171600341797,99.2570571899414,85.21697235107422,69.07017517089844,44.849029541015625,31.461360931396484,132.29151916503906,99.3786849975586
2021-12-30,41.39186096191406,75.2983627319336,23.828664779663086,36.32670211791992,98.90036010742188,84.6549072265625,68.85441589355469,45.049442291259766,31.576454162597656,132.56324768066406,99.0210952758789
2021-12-31,41.57540512084961,74.25638580322266,23.888931274414062,36.2617073059082,99.32276153564453,84.24308013916016,69.32189178466797,45.14529800415039,31.687131881713867,132.00112915039062,98.78433990478516
2022-01-03,41.03397750854492,74.7725830078125,24.6292667388916,36.70743942260742,98.506103515625,85.04251861572266,69.31289672851562,44.72704315185547,31.372831344604492,130.642578125,101.62069702148438
2022-01-04,41.5386962890625,74.61009979248047,25.48151969909668,37.673179626464844,100.48674011230469,84.14130401611328,69.78038024902344,44.552764892578125,31.275434494018555,128.9186553955078,101.002197265625
2022-01-05,41.53410339355469,72.7364730834961,25.477214813232422,37.23673629760742,99.52928161621094,81.55400085449219,69.71743774414062,43.10630798339844,31.257732391357422,128.00048828125,98.27699279785156
2022-01-06,41.01102828979492,73.06148529052734,26.045385360717773,37.784603118896484,99.98922729492188,81.14215087890625,69.5286636352539,43.158592224121094,30.9345703125,126.5201644897461,98.0208969116211
2022-01-07,40.974327087402344,73.07105255126953,26.40264320373535,38.23033142089844,99.96106719970703,80.39599609375,69.60057830810547,42.93203353881836,31.169189453125,125.87373352050781,96.38768768310547
2022-01-10,40.55678176879883,72.6122055053711,26.320863723754883,38.10032272338867,98.83464813232422,80.41056060791016,69.05218505859375,42.67934036254883,30.96555519104004,127.16663360595703,95.79820251464844
2022-01-11,41.00185775756836,73.52033996582031,27.216161727905273,38.43462371826172,99.42601776123047,81.3747329711914,68.97128295898438,42.60962677001953,30.68667221069336,128.1785125732422,96.72111511230469
2022-01-12,41.41482162475586,73.61593627929688,27.267810821533203,38.46247863769531,99.74518585205078,81.75750732421875,68.9982681274414,42.722904205322266,30.784055709838867,127.81310272216797,97.35892486572266
2022-01-13,41.09362030029297,72.8511734008789,27.13007164001465,38.313899993896484,99.96106719970703,79.64014434814453,69.12409973144531,42.57477569580078,30.9345703125,125.82685852050781,95.40199279785156
2022-01-14,40.74491500854492,73.18576049804688,27.767114639282227,37.914615631103516,99.36032104492188,80.31363677978516,69.2499771118164,42.07810592651367,30.722082138061523,125.61138916015625,94.95744323730469
2022-01-18,40.20805740356445,72.29674530029297,27.879024505615234,37.06958770751953,98.21510314941406,78.38524627685547,68.2520980834961,41.79054260253906,30.354656219482422,123.85000610351562,93.15994262695312
2022-01-19,40.107120513916016,72.17247009277344,27.676715850830078,36.44742965698242,97.11685943603516,77.29023742675781,68.68360900878906,41.250301361083984,30.491891860961914,123.34407043457031,91.47843933105469
2022-01-20,39.52439498901367,71.45552825927734,27.42276954650879,36.215274810791016,95.87775421142578,76.2921371459961,68.2341079711914,40.88432693481445,30.5317325592041,122.53829193115234,89.81141662597656
2022-01-21,38.56082534790039,69.03704833984375,26.880422592163086,35.47239685058594,94.99539947509766,74.77559661865234,68.28805541992188,40.858192443847656,30.474180221557617,121.30158996582031,87.17799377441406
2022-01-24,38.58377456665039,69.5436782836914,27.061203002929688,35.574546813964844,95.53983306884766,75.1632080078125,68.06327819824219,40.94532775878906,30.182008743286133,120.89873504638672,88.2265396118164
2022-01-25,38.23505401611328,68.1193618774414,28.111454010009766,35.723121643066406,94.60114288330078,73.42378997802734,67.30812072753906,40.83205032348633,29.70833969116211,120.12110137939453,86.73346710205078
2022-01-26,37.83586120605469,67.12519073486328,28.064109802246094,35.81599044799805,93.77509307861328,73.85499572753906,66.79570770263672,40.15238571166992,29.46487045288086,119.49335479736328,86.31307983398438
2022-01-27,37.964332580566406,67.20166015625,28.36971092224121,35.490970611572266,92.93966674804688,73.34626770019531,67.24520874023438,39.42915344238281,29.726049423217773,119.80254364013672,84.22085571289062
2022-01-28,38.1845817565918,69.12309265136719,28.24919319152832,35.95527648925781,93.58736419677734,76.55376434326172,68.03632354736328,40.79719924926758,30.084613800048828,122.24788665771484,86.05699920654297
2022-01-31,38.74895477294922,70.6907958984375,28.37401580810547,36.270992279052734,94.56360626220703,78.47731018066406,68.29702758789062,41.250301361083984,30.655685424804688,122.95055389404297,89.36688995361328
2022-02-01,39.34543991088867,71.30259704589844,29.38552474975586,36.772430419921875,95.86839294433594,78.6808090209961,68.2341079711914,40.971473693847656,30.248416900634766,123.27847290039062,89.90805053710938
2022-02-02,39.46933364868164,72.72691345214844,29.480226516723633,37.023155212402344,96.53485107421875,79.32038116455078,69.05218505859375,41.677284240722656,30.69552993774414,124.93681335449219,89.37171936035156
2022-02-03,38.78107452392578,67.86124420166016,29.20044708251953,36.61457824707031,94.99539947509766,77.01891326904297,69.07017517089844,41.250301361083984,30.558290481567383,124.40275573730469,86.63682556152344
2022-02-04,38.13869857788086,68.03334045410156,29.656700134277344,37.23673629760742,93.97224426269531,77.32901000976562,68.22511291503906,40.68391418457031,30.314821243286133,123.95304870605469,89.10110473632812
2022-02-07,37.9505729675293,66.84796905517578,30.03548240661621,37.34816360473633,94.04732513427734,76.81541442871094,68.35098266601562,40.6926383972168,30.270549774169922,123.73755645751953,88.91751861572266
2022-02-08,38.53788757324219,66.81929779052734,29.389833450317383,37.86818313598633,94.98602294921875,77.76508331298828,68.61166381835938,40.326656341552734,30.29268455505371,124.74942779541016,90.16898345947266
2022-02-09,39.37757110595703,68.70245361328125,29.635181427001953,38.109615325927734,96.29080200195312,79.48994445800781,68.6296615600586,41.302581787109375,30.42548942565918,125.71443176269531,91.36248016357422
2022-02-10,39.14814758300781,67.71784973144531,29.45009422302246,37.775325775146484,94.71377563476562,77.411376953125,67.89247131347656,40.126243591308594,29.655223846435547,123.7469482421875,89.7872543334961
2022-02-11,38.542476654052734,66.25527954101562,30.306659698486328,37.24602508544922,93.26823425292969,75.04692077636719,67.6497573852539,39.57728576660156,29.672931671142578,122.03238677978516,87.20700073242188
2022-02-14,38.22587966918945,66.26485443115234,29.592140197753906,36.82815170288086,92.92090606689453,75.02267456054688,67.4609603881836,39.15032196044922,29.420602798461914,120.78630065917969,87.7046890258789
2022-02-15,38.92790603637695,67.19210052490234,29.282228469848633,37.32959747314453,94.3195571899414,76.99468994140625,67.57784271240234,39.342018127441406,29.283369064331055,122.14480590820312,89.66647338867188
2022-02-16,39.21238327026367,66.72370910644531,29.518964767456055,37.357452392578125,94.81706237792969,76.91716003417969,67.70368194580078,39.446590423583984,29.34977149963379,122.33218383789062,89.92256927490234
2022-02-17,38.542476654052734,64.94566345214844,29.471616744995117,36.428855895996094,93.08047485351562,74.6156997680664,68.22511291503906,39.106754302978516,29.367477416992188,120.36470794677734,87.5162353515625
2022-02-18,38.478240966796875,64.43904113769531,29.290834426879883,36.419578552246094,92.31075286865234,73.85985565185547,68.35098266601562,38.9324836730957,29.314361572265625,119.46525573730469,86.97504425048828
2022-02-22,37.93223190307617,63.779422760009766,28.817358016967773,36.23385238647461,91.41899871826172,73.17668151855469,67.82058715820312,38.82791519165039,29.283369064331055,119.16545104980469,84.43829345703125
2022-02-23,37.44584655761719,62.70880126953125,29.11435890197754,35.6024055480957,89.7387466430664,71.34521484375,67.27217864990234,38.32252883911133,28.787565231323242,118.56582641601562,81.61642456054688
2022-02-24,37.33572769165039,64.46770477294922,28.886232376098633,35.17525100708008,90.88394927978516,73.78234100341797,66.11245727539062,38.98476028442383,29.017765045166016,119.04365539550781,83.4815673828125
2022-02-25,38.698482513427734,65.50965881347656,29.64809799194336,36.30814743041992,93.05232238769531,74.78528594970703,68.24309539794922,39.9606819152832,29.916404724121094,122.68820190429688,85.13410186767578
2022-02-28,38.25799560546875,65.4332046508789,30.37982749938965,35.769554138183594,93.76571655273438,74.6496353149414,67.33509826660156,39.27231216430664,30.071338653564453,121.76068878173828,85.73324584960938
2022-03-01,37.37702560424805,64.61109161376953,30.68543243408203,34.45094680786133,92.3670654296875,73.15731048583984,66.9395523071289,39.19389724731445,29.810157775878906,121.08612060546875,84.43346405029297
2022-03-02,38.19834899902344,65.16553497314453,31.38703727722168,35.3423957824707,94.33831787109375,74.74168395996094,67.6497573852539,39.89097213745117,30.173158645629883,122.91307830810547,86.206787109375
2022-03-03,38.244224548339844,64.48682403564453,31.473121643066406,35.23097229003906,94.44157409667969,73.85017395019531,68.1981430053711,40.326656341552734,30.704381942749023,123.54080963134766,84.25466918945312
2022-03-04,38.11116409301758,63.55956268310547,32.3813362121582,34.5716667175293,94.23506927490234,72.55651092529297,68.2071304321289,40.66648864746094,31.381681442260742,124.15918731689453,82.9162368774414
2022-03-07,36.789703369140625,61.44697952270508,32.859107971191406,33.30876922607422,91.70997619628906,69.90135955810547,66.96650695800781,39.92583084106445,31.788938522338867,121.99491119384766,78.85255432128906
2022-03-08,36.601585388183594,61.294044494628906,33.37562561035156,33.11377716064453,91.14675903320312,69.56219482421875,65.15951538085938,39.56857681274414,31.297571182250977,119.50272369384766,79.016845703125
2022-03-09,37.734920501708984,63.12940979003906,32.35550308227539,34.33022689819336,92.79888153076172,72.31425476074219,65.60003662109375,40.230804443359375,31.07622718811035,121.76068878173828,81.55844116210938
2022-03-10,37.83586120605469,62.661006927490234,33.34548568725586,34.042354583740234,92.67684936523438,71.0496597290039,64.97972869873047,40.370235443115234,31.284286499023438,121.71383666992188,82.13829040527344
2022-03-11,37.55596923828125,61.53301239013672,33.07862854003906,33.800926208496094,91.93527221679688,69.79962158203125,64.22454833984375,39.969398498535156,31.178041458129883,120.8050308227539,80.55823516845703
2022-03-14,37.50091552734375,60.816070556640625,32.08863830566406,34.22808837890625,92.24503326416016,68.50594329833984,64.5661849975586,39.72541427612305,31.14263153076172,121.65764617919922,79.21495819091797
2022-03-15,37.93223190307617,61.982303619384766,30.913558959960938,34.71095275878906,93.70939636230469,70.80738830566406,66.0135726928711,40.03910827636719,31.541046142578125,124.08422088623047,81.8676986694336
2022-03-16,38.528709411621094,63.69340133666992,30.77151870727539,35.68598175048828,94.9484634399414,73.1088638305664,66.08547973632812,40.48350143432617,31.483495712280273,125.57391357421875,84.6605453491211
2022-03-17,39.26744079589844,64.38168334960938,31.830381393432617,36.13170623779297,96.16876983642578,73.6272964477539,66.54399108886719,41.05860137939453,31.616302490234375,127.56014251708984,86.07150268554688
2022-03-18,39.50603103637695,65.22290802001953,31.80024528503418,36.215274810791016,96.53485107421875,75.1341552734375,66.69680786132812,41.154457092285156,31.346263885498047,128.34715270996094,87.88347625732422
2022-03-21,39.83442306518555,64.61241149902344,33.0821647644043,36.179847717285156,96.75241088867188,74.99143981933594,66.7825927734375,40.94325637817383,31.555709838867188,128.24942016601562,87.14741516113281
2022-03-22,40.05088806152344,65.8199462890625,32.83882141113281,36.76716232299805,97.27982330322266,76.06904602050781,67.279296875,40.969547271728516,31.600276947021484,128.277587890625,89.31060791015625
2022-03-23,39.866661071777344,64.9190902709961,33.40373611450195,36.08662796020508,96.34744262695312,74.89920043945312,66.7374496459961,40.50507354736328,31.64484214782715,125.97501373291016,88.20238494873047
2022-03-24,40.66805648803711,65.98287200927734,33.486297607421875,36.37562561035156,97.08204650878906,76.84569549560547,67.20704650878906,40.820560455322266,31.97015953063965,127.47874450683594,88.88956451416016
2022-03-25,41.1240119934082,66.29911804199219,34.22068786621094,36.841739654541016,97.68479919433594,76.80203247070312,67.7669677734375,41.30255889892578,32.43362045288086,128.07086181640625,88.7347183227539
2022-03-28,40.93978500366211,66.50997924804688,33.37331771850586,36.73919677734375,97.71304321289062,77.71461486816406,68.04690551757812,41.828372955322266,32.64306640625,129.00125122070312,91.10118865966797
2022-03-29,41.28521728515625,67.66958618164062,33.28639602661133,36.82309341430664,98.6172103881836,79.36499786376953,68.65196228027344,43.05526351928711,32.946102142333984,129.76254272460938,92.6884994506836
2022-03-30,41.14704132080078,67.19039916992188,33.67314910888672,36.56207275390625,98.50418853759766,78.30680084228516,68.69712829589844,42.81864929199219,33.21794891357422,130.01629638671875,91.28023529052734
2022-03-31,40.59897232055664,65.91578674316406,33.21687316894531,35.72305679321289,96.98786163330078,77.14666748046875,68.53459930419922,42.34541702270508,33.18230438232422,128.74754333496094,89.52838134765625
2022-04-01,41.02729415893555,66.40455627441406,33.486297607421875,35.62984085083008,96.23441314697266,76.91852569580078,69.22091674804688,43.18671417236328,33.64575958251953,129.76254272460938,89.6396713256836
2022-04-04,41.0364990234375,68.23499298095703,33.52975082397461,35.47135925292969,96.11197662353516,78.37960052490234,69.00418090820312,43.05526351928711,33.38729476928711,128.6817169189453,91.6528549194336
2022-04-05,40.70949935913086,67.36290740966797,33.003944396972656,35.24762725830078,94.7463607788086,76.72920227050781,69.06739807128906,43.090309143066406,33.59674072265625,128.9542999267578,89.5041732788086
2022-04-06,40.239723205566406,66.10745239257812,33.19950485229492,35.00524139404297,94.01171875,74.91376495361328,69.943359375,43.73005676269531,34.265201568603516,130.91851806640625,87.2199935913086
2022-04-07,40.50223922729492,65.53243255615234,33.634033203125,34.96794891357422,94.33194732666016,75.0302734375,70.79226684570312,43.37075424194336,34.18052673339844,133.43728637695312,87.66519165039062
2022-04-08,40.75095748901367,65.24494171142578,34.55963134765625,35.32220458984375,93.80452728271484,73.98178100585938,71.09027862548828,43.52849197387695,34.296390533447266,134.23614501953125,86.85704040527344
2022-04-11,40.548301696777344,64.40157318115234,33.52106857299805,35.16372299194336,93.50315856933594,72.1177978515625,70.8012924194336,42.93257522583008,33.82847213745117,131.56703186035156,85.24551391601562
2022-04-12,40.55751037597656,63.87449645996094,34.07727813720703,34.78150939941406,93.35245513916016,71.79741668701172,70.81935119628906,42.801124572753906,33.95770263671875,130.28880310058594,85.43425750732422
2022-04-13,41.15625,64.81367492675781,34.58570098876953,34.78150939941406,94.22835540771484,72.95269012451172,71.21671295166016,42.97638702392578,33.890865325927734,130.9279327392578,87.55875396728516
2022-04-14,41.01807403564453,63.7115592956543,34.69868087768555,34.38997268676758,94.12476348876953,71.18093872070312,71.19863891601562,42.731014251708984,33.90869140625,130.2982635498047,86.33438110351562
2022-04-18,41.054935455322266,63.5007209777832,35.20710754394531,34.59506607055664,93.79510498046875,71.41393280029297,70.61166381835938,42.625858306884766,33.725982666015625,128.86029052734375,86.5957260131836
2022-04-19,41.441810607910156,64.76575469970703,34.92030334472656,35.07050323486328,95.49979400634766,72.75367736816406,71.68630981445312,43.51972961425781,33.94434356689453,130.0914764404297,89.10735321044922
2022-04-20,41.70432662963867,61.9577751159668,35.055015563964844,35.31288146972656,96.01779174804688,72.68572235107422,72.76097869873047,44.343502044677734,34.220638275146484,131.83956909179688,87.96041870117188
2022-04-21,41.02268981933594,60.194393157958984,33.94257354736328,34.75354766845703,95.03831481933594,71.4527816772461,72.69774627685547,44.05431365966797,33.654666900634766,130.38282775878906,87.10869598388672
2022-04-22,39.48900604248047,58.766441345214844,33.11257553100586,33.71875762939453,92.7026138305664,69.45286560058594,71.55987548828125,43.26559066772461,33.08871841430664,125.62727355957031,85.08583068847656
2022-04-25,39.378456115722656,59.57146453857422,32.017520904541016,33.774696350097656,92.7026138305664,70.49649810791016,71.87596130371094,43.064029693603516,32.8614387512207,126.47313690185547,85.70043182373047
2022-04-26,38.77051544189453,57.616416931152344,32.060977935791016,32.926368713378906,90.67772674560547,67.87042999267578,70.76516723632812,42.38924026489258,32.53166580200195,124.24571990966797,81.3643569946289
2022-04-27,39.34160614013672,56.332210540771484,32.53029251098633,32.898399353027344,91.01676940917969,68.87522888183594,71.0270767211914,42.135093688964844,32.37569046020508,123.97318267822266,81.3740234375
2022-04-28,39.96337127685547,58.58435821533203,33.516719818115234,33.31790542602539,92.04335021972656,71.63236999511719,72.07463073730469,42.906280517578125,32.736656188964844,125.68367004394531,83.04361724853516
2022-04-29,39.16199493408203,56.600555419921875,32.656307220458984,32.17125701904297,89.60404968261719,68.64707946777344,70.11495971679688,40.83808898925781,31.756256103515625,122.45064544677734,78.82369995117188
2022-05-02,39.0422477722168,58.16267013549805,33.177772521972656,32.18059539794922,89.79241180419922,69.69074249267578,69.19381713867188,39.7776985168457,31.430927276611328,121.68937683105469,79.97545623779297
2022-05-03,39.479793548583984,58.31602096557617,34.107704162597656,32.6000862121582,90.38575744628906,69.81207275390625,68.99516296386719,40.25968933105469,31.55126190185547,122.07470703125,79.77703857421875
2022-05-04,40.76015853881836,60.318973541259766,35.524330139160156,33.59757995605469,93.00401306152344,72.26342010498047,70.54843139648438,40.732933044433594,32.255367279052734,124.78144073486328,82.11930084228516
2022-05-05,39.49821090698242,58.0955924987793,34.989837646484375,32.61873245239258,90.5741195678711,68.78784942626953,69.21188354492188,39.690067291259766,31.92559242248535,122.35665893554688,77.51705169677734
2022-05-06,38.93171310424805,56.897640228271484,36.032752990722656,32.38567352294922,89.9619369506836,68.2344970703125,69.28412628173828,39.28695297241211,32.17960739135742,121.97134399414062,76.53466033935547
2022-05-09,37.702003479003906,55.421775817871094,33.05175018310547,31.611928939819336,87.78636169433594,65.59384155273438,69.25702667236328,37.455360412597656,31.938962936401367,118.8134994506836,73.27291107177734
2022-05-10,37.46710968017578,55.67094421386719,33.35158157348633,31.33226203918457,87.21186065673828,66.59378814697266,68.77841186523438,36.622833251953125,31.55126190185547,119.2364501953125,73.05514526367188
2022-05-11,37.485530853271484,54.664676666259766,33.79917526245117,31.04326629638672,86.42073822021484,64.49193572998047,68.48039245605469,36.57024383544922,31.778533935546875,118.44697570800781,70.43706512451172
2022-05-12,37.416446685791016,55.258853912353516,33.94257354736328,30.810209274291992,86.58081817626953,63.826942443847656,68.46234130859375,36.841915130615234,31.457672119140625,119.59356689453125,70.92098236083984
2022-05-13,37.992156982421875,56.55262756347656,35.102813720703125,31.257678985595703,87.6827621459961,65.94819641113281,69.49183654785156,37.7620849609375,31.832006454467773,120.86233520507812,73.71329498291016
2022-05-16,37.92307662963867,56.1884651184082,36.028404235839844,30.99665069580078,87.5603256225586,65.3656997680664,69.80790710449219,37.455360412597656,31.930057525634766,121.75518798828125,72.12115478515625
2022-05-17,38.99618911743164,57.41515350341797,36.44557189941406,31.826339721679688,89.54753875732422,67.25880432128906,69.32928466796875,37.858489990234375,32.25981903076172,123.42808532714844,73.94074249267578
2022-05-18,37.784908294677734,55.53677749633789,35.51129913330078,30.950035095214844,86.2135238647461,64.1812744140625,64.86808776855469,36.754276275634766,31.9478759765625,120.2420425415039,69.1062240600586
2022-05-19,38.052024841308594,55.46010208129883,35.380924224853516,30.744956970214844,85.44123840332031,63.47743606567383,63.71213912963867,36.68416976928711,31.881031036376953,120.50519561767578,69.15461730957031
2022-05-20,37.95991134643555,55.60386657714844,35.53302001953125,30.68901824951172,84.51825714111328,63.61820602416992,63.84759521484375,37.11358642578125,31.97015953063965,121.97134399414062,67.94963836669922
2022-05-23,38.65537643432617,56.437625885009766,36.47164535522461,31.686508178710938,85.9027328491211,65.07929992675781,65.16610717773438,37.5955810546875,32.3534049987793,123.0427474975586,68.45777130126953
2022-05-24,38.43429946899414,54.434669494628906,36.61069869995117,31.621244430541992,85.85565185546875,64.11332702636719,66.23172760009766,38.033756256103516,32.99959182739258,123.40925598144531,66.69622802734375
2022-05-25,38.60470962524414,55.163021087646484,37.366817474365234,31.872940063476562,86.35479736328125,64.86087036132812,66.24977111816406,38.244083404541016,32.97730255126953,123.3716812133789,68.5787353515625
2022-05-26,39.31398391723633,56.504722595214844,37.779640197753906,32.60941696166992,88.10655975341797,66.4190444946289,66.95419311523438,38.200260162353516,33.07088851928711,123.89800262451172,71.94209289550781
2022-05-27,40.2351188659668,57.71224594116211,38.4705696105957,33.1594352722168,89.91484832763672,68.66651153564453,67.73084259033203,39.27817916870117,33.58782958984375,125.95623016357422,74.41016387939453
2022-05-31,39.62256622314453,57.67390823364258,37.89261245727539,33.06620407104492,89.18966674804688,68.17623138427734,67.25220489501953,38.75236892700195,33.124359130859375,124.27392578125,74.78765106201172
2022-06-01,39.226478576660156,57.01264572143555,38.50967788696289,32.53483581542969,88.64341735839844,67.97235870361328,66.37622833251953,38.33171844482422,33.07088851928711,122.48823547363281,74.00851440429688
2022-06-02,40.308807373046875,58.40226745605469,38.38800811767578,32.9823112487793,90.33866882324219,69.617919921875,67.3425064086914,38.91011047363281,33.29370880126953,123.45626068115234,76.27333068847656
2022-06-03,39.917327880859375,57.137237548828125,38.896427154541016,32.50686264038086,89.99020385742188,67.95294189453125,66.66519927978516,38.419349670410156,33.13328170776367,122.0089111328125,74.04239654541016
2022-06-06,40.29499053955078,57.42473602294922,38.852970123291016,32.6000862121582,90.3669204711914,67.95780944824219,66.6922836303711,38.30542755126953,33.28034210205078,122.0277328491211,74.7828140258789
2022-06-07,40.585147857666016,57.836830139160156,40.01321029663086,32.8517951965332,91.58184814453125,68.7684326171875,67.04449462890625,38.75236892700195,33.480873107910156,123.61604309082031,74.5988998413086
2022-06-08,39.742313385009766,57.683494567871094,40.100120544433594,32.2738037109375,89.92427062988281,67.99178314208984,66.22270202636719,37.823429107666016,32.825782775878906,122.63864135742188,74.15853118896484
2022-06-09,38.802757263183594,55.91053771972656,39.21365737915039,31.462766647338867,88.15364837646484,66.17634582519531,65.22931671142578,36.95583724975586,32.0369987487793,119.8661117553711,72.81803131103516
2022-06-10,37.61449432373047,54.34840774536133,38.54878616333008,30.325443267822266,85.55425262451172,63.63277053833008,64.94935607910156,36.07948684692383,31.79190444946289,117.93944549560547,69.91441345214844
2022-06-13,36.14528274536133,51.7800178527832,36.536827087402344,29.421184539794922,82.98309326171875,60.812522888183594,63.549583435058594,34.34429931640625,30.330204010009766,114.36809539794922,66.68653869628906
2022-06-14,35.86893844604492,51.63626480102539,36.60635757446289,29.16948127746582,82.77590942382812,61.19599914550781,62.80002212524414,34.09892654418945,29.563703536987305,113.27789306640625,66.63330841064453
2022-06-15,35.8597297668457,52.79587936401367,35.79808807373047,29.49576187133789,83.57645416259766,62.487186431884766,62.86323165893555,34.878883361816406,29.75533103942871,114.42446899414062,68.50614166259766
2022-06-16,34.5655403137207,50.86957931518555,33.78178787231445,28.74997901916504,80.78868865966797,59.943626403808594,62.38460922241211,34.04635238647461,29.18045997619629,112.74217987060547,65.15245819091797
2022-06-17,34.50566101074219,51.597930908203125,31.934955596923828,28.833877563476562,80.58148193359375,60.49214553833008,62.158851623535156,34.24790954589844,28.90861701965332,112.67639923095703,65.86385345458984
2022-06-21,35.02739334106445,51.962982177734375,33.58938217163086,29.409320831298828,82.05148315429688,62.0315055847168,63.817527770996094,34.8857307434082,29.45889663696289,115.70976257324219,67.74778747558594
2022-06-22,34.57754898071289,52.04944610595703,32.2447509765625,29.34371566772461,81.5974349975586,61.76869583129883,63.772029876708984,35.45110321044922,29.768842697143555,117.31424713134766,67.61682891845703
2022-06-23,34.104515075683594,52.69309616088867,31.049528121948242,29.231252670288086,81.18120574951172,62.693382263183594,65.00943756103516,36.14899444580078,30.469606399536133,119.94742584228516,68.67911529541016
2022-06-24,35.45867919921875,54.7009162902832,31.458181381225586,30.309030532836914,84.01907348632812,64.94668579101562,66.28323364257812,36.93522644042969,30.999670028686523,121.9388427734375,71.29842376708984
2022-06-27,35.16651153564453,54.18215560913086,32.3809700012207,30.2059383392334,83.82041931152344,64.50867462158203,66.10127258300781,36.80271911621094,31.2512264251709,122.391845703125,70.55143737792969
2022-06-28,34.79087829589844,52.60663604736328,33.25542449951172,29.906038284301758,82.84608459472656,62.57659149169922,65.21868896484375,36.29917907714844,31.134431838989258,120.25888061523438,67.73326110839844
2022-06-29,34.54044723510742,52.76995849609375,32.09974670410156,29.737337112426758,82.36365509033203,62.70310592651367,65.62812805175781,36.069496154785156,31.156890869140625,121.30650329589844,67.67989349365234
2022-06-30,34.132347106933594,52.13590621948242,31.42302894592285,29.474925994873047,82.61905670166016,61.866031646728516,65.67362976074219,36.09598922729492,31.502779006958008,121.0328140258789,66.68551635742188
2022-07-01,34.373504638671875,52.664276123046875,31.89320945739746,29.877920150756836,83.33798217773438,62.007171630859375,66.61988830566406,36.740882873535156,32.27540969848633,122.391845703125,67.91273498535156
2022-07-05,33.682498931884766,53.884342193603516,30.627676010131836,29.774831771850586,82.08934020996094,62.78584671020508,66.19224548339844,36.590702056884766,31.17486000061035,121.68402099609375,69.43093872070312
2022-07-06,33.89582061767578,53.89394760131836,30.104766845703125,29.699853897094727,82.56229400634766,63.3260612487793,66.38331604003906,36.564205169677734,31.498287200927734,122.50511932373047,69.20297241210938
2022-07-07,34.197269439697266,54.739341735839844,31.190143585205078,30.130966186523438,83.53662109375,64.63521575927734,66.44700622558594,36.590702056884766,31.466838836669922,123.02424621582031,70.98798370361328
2022-07-08,33.863365173339844,54.479957580566406,31.176950454711914,30.06536102294922,83.15824127197266,64.66439819335938,66.3287353515625,36.42285919189453,31.363527297973633,123.3923110961914,70.99766540527344
2022-07-11,33.7706184387207,52.827606201171875,30.87814712524414,29.821685791015625,82.60014343261719,63.7738037109375,66.23774719238281,36.42285919189453,31.561182022094727,123.08084869384766,69.0526123046875
2022-07-12,33.7056884765625,52.79877853393555,30.27614402770996,29.634248733520508,82.3447494506836,62.90264129638672,66.04667663574219,36.193172454833984,31.408451080322266,121.51414489746094,68.6354751586914
2022-07-13,33.51091384887695,52.55860900878906,30.227802276611328,29.37183380126953,81.34202575683594,62.7371826171875,66.09217071533203,35.99882507324219,31.278179168701172,120.33438873291016,69.1981201171875
2022-07-14,32.89412307739258,51.895748138427734,29.656557083129883,28.80950927734375,80.87850952148438,63.31144332885742,66.14675903320312,35.64545440673828,31.278179168701172,119.98517608642578,69.13992309570312
2022-07-15,33.40888977050781,53.2310791015625,30.139915466308594,29.784198760986328,82.14608764648438,64.42593383789062,66.3651123046875,36.219669342041016,31.336580276489258,122.88262939453125,70.25556945800781
2022-07-18,33.48772048950195,52.96208953857422,30.829816818237305,29.671737670898438,81.6541748046875,63.803009033203125,65.71915435791016,35.866310119628906,30.900846481323242,120.28720092773438,70.45926666259766
2022-07-19,34.50798797607422,54.84501647949219,31.778968811035156,30.562070846557617,84.56771850585938,65.74969482421875,66.41061401367188,36.85572814941406,31.098495483398438,122.33523559570312,72.61775970458984
2022-07-20,34.568267822265625,55.748050689697266,32.08655548095703,30.67453956604004,85.22039794921875,66.77657318115234,65.96478271484375,36.67020797729492,30.685230255126953,121.1271743774414,73.81099700927734
2022-07-21,35.059844970703125,55.71923828125,31.524093627929688,30.871353149414062,85.83528137207031,67.71586608886719,66.16494750976562,37.050071716308594,30.766077041625977,123.04307556152344,75.49899291992188
2022-07-22,34.80942153930664,53.788272857666016,31.264841079711914,30.693281173706055,85.56095123291016,66.78143310546875,66.60167694091797,37.332767486572266,31.188339233398438,122.533447265625,75.06246948242188
2022-07-25,34.95319366455078,53.60574722290039,32.41173553466797,30.89008903503418,85.96771240234375,66.3580322265625,66.9292221069336,37.35926818847656,31.579145431518555,123.17520141601562,74.4173355102539
2022-07-26,34.7166748046875,52.52979278564453,32.1173210144043,30.458986282348633,85.50419616699219,65.2824935913086,66.7745590209961,37.42994689941406,31.767807006835938,123.80757141113281,72.02114868164062
2022-07-27,35.13405227661133,54.74894714355469,32.84236145019531,30.927583694458008,86.82854461669922,68.0905990600586,67.2294921875,37.633121490478516,31.79476547241211,124.58148956298828,74.74716186523438
2022-07-28,35.755489349365234,54.12451171875,33.02692413330078,31.152509689331055,88.64473724365234,69.12720489501953,68.3031234741211,39.02006530761719,32.93574523925781,125.37427520751953,76.03256225585938
2022-07-29,36.233150482177734,54.15332794189453,34.459442138671875,31.592994689941406,90.47042846679688,70.18815612792969,67.77540588378906,39.170257568359375,33.21875,124.95899963378906,78.9817123413086
2022-08-01,35.940982818603516,54.07646942138672,33.74757766723633,31.330581665039062,90.56501770019531,70.03729248046875,68.62157440185547,38.81688690185547,33.25468063354492,124.03407287597656,79.3746109008789
2022-08-02,35.57461166381836,53.99001693725586,33.668479919433594,30.983814239501953,89.609619140625,69.54087829589844,68.07566833496094,38.30451202392578,33.18730163574219,123.59049224853516,78.83133697509766
2022-08-03,35.611717224121094,55.286930084228516,32.701744079589844,31.452415466308594,90.4515151977539,71.3902359008789,68.521484375,38.46352767944336,33.39393615722656,124.72306823730469,80.75215911865234
2022-08-04,35.63490676879883,55.527099609375,31.488950729370117,31.349323272705078,90.7825927734375,71.71630859375,68.06655883789062,38.498863220214844,33.4658088684082,124.10958099365234,81.08199310302734
2022-08-05,35.7601203918457,54.84501647949219,32.1129264831543,31.57425308227539,90.92448425292969,71.55085754394531,67.91188049316406,38.62253952026367,33.34452438354492,124.06240844726562,79.6995849609375
2022-08-08,35.95954132080078,55.16204071044922,32.279903411865234,31.555500030517578,90.89611053466797,70.94251251220703,67.87548828125,38.90523147583008,33.39393615722656,124.35497283935547,80.05852508544922
2022-08-09,35.78330993652344,54.624053955078125,32.84675598144531,31.714832305908203,90.56501770019531,70.23196411132812,67.77540588378906,39.214420318603516,33.76677322387695,123.97744750976562,78.7828369140625
2022-08-10,36.79893493652344,56.1611442565918,33.08404541015625,32.42709732055664,92.551513671875,72.14945220947266,68.27583312988281,39.74446487426758,33.915008544921875,125.32707214355469,81.00439453125
2022-08-11,36.92414474487305,56.218788146972656,34.22214126586914,32.81135177612305,93.04339599609375,71.8671875,68.11204528808594,39.55895233154297,33.91051483154297,124.51541900634766,80.59208679199219
2022-08-12,37.61977767944336,57.2178955078125,34.48140335083008,33.326812744140625,94.44340515136719,73.29801177978516,68.70346069335938,40.2303352355957,34.463043212890625,126.11044311523438,82.41590118408203
2022-08-15,37.596588134765625,57.41962814331055,33.8090934753418,33.31744384765625,94.6704330444336,73.76036834716797,69.38585662841797,40.40702438354492,34.75053787231445,126.74275207519531,82.98341369628906
2022-08-16,37.80527877807617,57.534908294677734,33.72999954223633,33.56111526489258,95.09612274169922,73.5608139038086,70.16834259033203,40.248008728027344,34.849361419677734,126.40302276611328,83.90017700195312
2022-08-17,37.2858772277832,56.42052459716797,34.0112190246582,33.39241409301758,94.33936309814453,73.03518676757812,69.96817016601562,40.1331672668457,34.790958404541016,125.66685485839844,82.99797821044922
2022-08-18,37.401817321777344,56.33407211303711,34.92522430419922,33.429901123046875,94.71773529052734,73.4148178100586,70.20472717285156,39.85931396484375,34.92123031616211,125.11004638671875,82.97371673583984
2022-08-19,36.715457916259766,55.42142105102539,34.91643142700195,32.764488220214844,93.49745178222656,72.08131408691406,69.9772720336914,39.470611572265625,34.903263092041016,125.44976806640625,81.26146697998047
2022-08-22,36.131126403808594,53.836307525634766,34.850521087646484,32.04285430908203,91.71908569335938,70.07135009765625,69.26756286621094,38.64904022216797,34.42710494995117,123.80757141113281,79.00596618652344
2022-08-23,36.48822021484375,53.37519073486328,36.10726547241211,31.91164207458496,91.88935089111328,69.88642883300781,68.96732330322266,38.06599044799805,34.22046661376953,122.08042907714844,79.22908782958984
2022-08-24,36.567054748535156,53.69221115112305,36.551082611083984,32.08033752441406,92.19204711914062,69.93021392822266,69.14019012451172,38.36635208129883,34.32828140258789,122.23140716552734,79.5686264038086
2022-08-25,37.39718246459961,54.739341735839844,36.83230972290039,32.57705307006836,93.60151672363281,71.11284637451172,69.45864868164062,38.95823287963867,34.53941345214844,123.58106231689453,80.51932525634766
2022-08-26,36.25170135498047,52.99092102050781,36.40167236328125,31.602367401123047,90.35689544677734,68.07601928710938,67.73899841308594,37.96881866455078,34.00934982299805,120.13619232177734,77.45377349853516
2022-08-29,35.99663543701172,52.57781982421875,36.950958251953125,31.377437591552734,89.95014953613281,67.17562866210938,67.62982177734375,37.641963958740234,34.11266326904297,119.29621124267578,77.04148864746094
2022-08-30,35.40766525268555,52.11669158935547,35.698604583740234,31.208742141723633,88.65419006347656,66.47482299804688,66.9292221069336,37.10307312011719,33.61404800415039,118.50341796875,76.18292999267578
2022-08-31,34.971744537353516,52.24158477783203,35.37342834472656,30.974445343017578,87.90689849853516,65.8275375366211,66.51980590820312,36.970558166503906,33.39393615722656,117.74838256835938,75.43109130859375
2022-09-01,34.51262664794922,52.721923828125,34.50337600708008,31.068172454833984,88.0298843383789,65.50634765625,66.89283752441406,37.10307312011719,33.87458419799805,119.68316650390625,76.119873046875
2022-09-02,34.480159759521484,51.72282791137695,35.136146545410156,30.824487686157227,87.17854309082031,64.65467834472656,66.01936340332031,36.46702194213867,33.51072311401367,117.9654541015625,75.42138671875
2022-09-06,34.373504638671875,51.079158782958984,34.810970306396484,30.7495174407959,87.32041931152344,64.22640228271484,65.64633178710938,36.846893310546875,33.59607696533203,118.07869720458984,75.26618194580078
2022-09-07,35.32419204711914,52.10708999633789,34.406715393066406,31.358694076538086,88.72041320800781,65.25328826904297,66.82913970947266,37.553611755371094,34.64720916748047,120.00405883789062,77.57504272460938
2022-09-08,35.66737365722656,51.982215881347656,34.55610275268555,31.91164207458496,88.98529052734375,65.47713470458984,66.6562728881836,37.65961837768555,34.620269775390625,122.08985137939453,78.29776763916016
2022-09-09,36.205326080322266,53.432823181152344,35.4173698425293,32.202171325683594,90.13934326171875,66.77171325683594,67.31138610839844,38.021827697753906,34.759521484375,123.16580963134766,79.78205108642578
2022-09-12,36.54386520385742,53.71141815185547,36.06772232055664,32.46459197998047,90.67853546142578,67.84239196777344,67.57523345947266,38.33985137939453,35.09193420410156,123.98690032958984,80.81037139892578
2022-09-13,35.2407112121582,50.76213836669922,35.158119201660156,31.25560188293457,87.26366424560547,64.24099731445312,65.31877899169922,36.88222885131836,34.15757751464844,119.89080810546875,76.64373016357422
2022-09-14,34.80942153930664,50.848602294921875,36.15120315551758,31.161882400512695,87.09339904785156,64.474609375,65.29148864746094,36.43169021606445,34.43609619140625,119.95686340332031,77.62838745117188
2022-09-15,34.350303649902344,50.62765121459961,35.219642639160156,31.26497459411621,86.1852798461914,62.9902458190918,64.74559020996094,35.63663101196289,33.5781135559082,120.62696075439453,77.23066711425781
2022-09-16,33.807716369628906,50.08966827392578,34.46822738647461,30.983814239501953,84.38799285888672,62.63984680175781,64.90023803710938,35.64545440673828,33.452335357666016,120.28720092773438,76.60978698730469
2022-09-19,34.36737823486328,50.37848663330078,34.48865509033203,31.33522605895996,85.53330993652344,63.15065383911133,65.33157348632812,35.577701568603516,33.900508880615234,119.63908386230469,77.69371032714844
2022-09-20,33.714439392089844,49.59869384765625,34.24878692626953,30.873592376708984,84.46876525878906,62.77985382080078,64.97442626953125,34.64168167114258,33.407562255859375,118.2366714477539,76.37645721435547
2022-09-21,32.977569580078125,48.385677337646484,33.746822357177734,30.23293685913086,83.34721374511719,61.79924011230469,64.72716522216797,34.13356018066406,32.950782775878906,116.27523040771484,74.56829071044922
2022-09-22,32.581138610839844,48.21238708496094,33.626888275146484,29.724191665649414,82.09258270263672,61.16987991333008,64.6355972290039,33.81264114379883,32.83320999145508,116.8911361694336,72.84759521484375
2022-09-23,31.914220809936523,47.278564453125,31.3080997467041,29.253124237060547,80.55281829833984,60.369754791259766,63.53665542602539,33.39365768432617,32.453311920166016,116.2941665649414,71.170654296875
2022-09-26,31.39654541015625,46.50840759277344,30.53960609436035,28.791479110717773,79.7068862915039,59.95018005371094,63.58244705200195,32.49329376220703,31.67092514038086,115.18553161621094,71.0102310180664
2022-09-27,31.466503143310547,46.258094787597656,30.881654739379883,28.669004440307617,79.44075775146484,60.02825164794922,62.48351287841797,32.065399169921875,31.137271881103516,114.83493041992188,71.23383331298828
2022-09-28,32.27798843383789,47.83692932128906,32.24982833862305,29.234281539916992,81.18964385986328,60.662479400634766,63.23444366455078,32.67158508300781,31.471939086914062,117.3459701538086,73.15867614746094
2022-09-29,31.802291870117188,46.672061920166016,32.24982833862305,28.86684799194336,79.78292083740234,59.08176040649414,62.190467834472656,31.762304306030273,30.210166931152344,116.36050415039062,70.63109588623047
2022-09-30,31.718347549438477,46.10405349731445,31.992185592651367,28.603055953979492,78.7374038696289,57.94989013671875,61.109840393066406,32.10105895996094,29.626766204833984,114.7591323852539,69.24091339111328
2022-10-03,32.749046325683594,47.39408874511719,33.80012130737305,29.37560272216797,81.11357116699219,59.745277404785156,62.163002014160156,32.698326110839844,30.49508285522461,117.1185531616211,69.30897521972656
2022-10-04,33.95229721069336,48.84777069091797,35.252708435058594,30.46847152709961,83.93651580810547,61.75044631958008,63.10625076293945,33.215362548828125,31.141796112060547,119.83805847167969,71.72962188720703
2022-10-05,33.56986618041992,48.472320556640625,35.981204986572266,30.23293685913086,83.48027801513672,61.95534896850586,62.73994064331055,32.60026550292969,30.449857711791992,120.23603820800781,71.3067398071289
2022-10-06,33.21541213989258,48.21238708496094,36.620872497558594,29.808977127075195,82.52030944824219,61.447975158691406,61.82413864135742,31.530536651611328,29.445865631103516,118.70098114013672,70.80122375488281
2022-10-07,32.394596099853516,46.9127311706543,36.336578369140625,29.102380752563477,80.9425277709961,58.920772552490234,60.89921951293945,30.781707763671875,28.835329055786133,116.1899642944336,68.36599731445312
2022-10-10,32.46455001831055,46.7875862121582,35.59030532836914,28.970483779907227,81.22763061523438,57.93037796020508,61.1190071105957,30.434053421020508,28.88507843017578,115.46031951904297,67.94313049316406
2022-10-11,32.212703704833984,45.911521911621094,35.30601119995117,28.603055953979492,81.20865631103516,57.04244613647461,61.62268829345703,30.719310760498047,28.78106117248535,116.07622528076172,67.38898468017578
2022-10-12,31.970190048217773,45.85375213623047,35.59030532836914,28.537107467651367,80.57180786132812,56.86680603027344,61.952362060546875,30.30924415588379,27.822296142578125,115.50770568847656,67.56398010253906
2022-10-13,32.90760803222656,46.96086883544922,37.042884826660156,29.714765548706055,82.34920501708984,58.63291931152344,62.978031158447266,30.87977409362793,28.518760681152344,118.19876861572266,68.3028335571289
2022-10-14,31.797626495361328,46.190704345703125,35.661380767822266,29.21544075012207,80.54331970214844,56.9838981628418,61.842464447021484,30.10420799255371,28.10721206665039,117.40282440185547,65.75092315673828
2022-10-17,32.59046936035156,47.46147155761719,36.1055908203125,29.950300216674805,82.30168914794922,58.720733642578125,62.51097106933594,31.22743797302246,28.695140838623047,119.28845977783203,68.41947937011719
2022-10-18,33.229400634765625,47.81767654418945,36.420982360839844,30.430788040161133,84.2881851196289,59.21836471557617,63.3260383605957,31.63750648498535,29.219741821289062,119.95176696777344,69.3624496459961
2022-10-19,32.837646484375,47.85618209838867,37.49597930908203,29.931459426879883,83.68939208984375,59.0476188659668,63.032981872558594,30.844120025634766,28.839853286743164,118.27458190917969,68.58474731445312
2022-10-20,32.59980010986328,47.971717834472656,37.53151321411133,29.450973510742188,82.0450668334961,59.08176040649414,62.15385055541992,30.69257164001465,28.111736297607422,117.27017974853516,67.25775909423828
2022-10-21,33.72843551635742,48.27977752685547,38.615394592285156,30.327150344848633,84.29769897460938,60.662479400634766,63.10625076293945,30.906517028808594,28.631816864013672,119.90438842773438,69.21662902832031
2022-10-24,33.53254699707031,48.616729736328125,38.79751968383789,30.732267379760742,85.41925048828125,61.50162887573242,64.24181365966797,30.888683319091797,28.871509552001953,122.2164306640625,69.50340270996094
2022-10-25,34.36270523071289,49.90675735473633,38.83749771118164,31.099700927734375,86.56932830810547,62.67741394042969,65.08432006835938,32.1099739074707,29.450389862060547,123.14505767822266,71.24353790283203
2022-10-26,34.605224609375,48.327911376953125,39.36611557006836,31.175065994262695,86.87348937988281,61.2820930480957,65.51473999023438,32.047576904296875,29.43682289123535,124.50950622558594,70.66999053955078
2022-10-27,34.5166130065918,46.03667449951172,39.508262634277344,31.429445266723633,87.89049530029297,60.58442687988281,65.56968688964844,32.065399169921875,29.67198944091797,123.85572814941406,70.3978042602539
2022-10-28,34.86172866821289,47.2015495300293,39.64596939086914,32.21140670776367,89.93400573730469,63.218955993652344,67.00745391845703,32.8231315612793,30.48603630065918,125.89297485351562,70.46098327636719
2022-10-31,34.549259185791016,46.41212463378906,39.979122161865234,32.013553619384766,89.67738342285156,62.38469696044922,66.61365509033203,32.742897033691406,30.20111656188965,125.7887191772461,70.00892639160156
2022-11-01,34.63786697387695,46.11368942260742,40.3655891418457,32.09835433959961,89.59183502197266,61.8626594543457,66.40303039550781,32.68941116333008,30.318706512451172,125.86453247070312,69.29926300048828
2022-11-02,33.737754821777344,44.814029693603516,39.392765045166016,31.693235397338867,88.01404571533203,59.72575759887695,65.2491455078125,31.833620071411133,30.024744033813477,123.7230453491211,66.67933654785156
2022-11-03,33.9942626953125,43.716548919677734,40.12127685546875,31.37291145324707,88.93600463867188,57.96940612792969,65.02937316894531,31.815799713134766,30.15589714050293,123.201904296875,66.28075408935547
2022-11-04,35.17420196533203,44.01498031616211,40.60990524291992,31.94761848449707,90.3617172241211,59.02809524536133,65.79862213134766,32.26151657104492,30.3413143157959,123.9504623413086,66.83489227294922
2022-11-07,35.44935607910156,44.80440139770508,41.30731964111328,32.26793670654297,91.3311996459961,60.013614654541016,66.38472747802734,32.25260925292969,29.762435913085938,125.27705383300781,66.36824035644531
2022-11-08,36.06032943725586,44.8525390625,41.34729766845703,32.45637130737305,92.12960052490234,60.58930206298828,66.57704162597656,32.4487190246582,29.970470428466797,125.9024658203125,66.2029800415039
2022-11-09,35.477352142333984,44.24604034423828,39.326133728027344,31.909927368164062,90.8464584350586,59.01346206665039,65.85357666015625,32.09214401245117,29.735305786132812,124.54743194580078,64.18092346191406
2022-11-10,37.4407958984375,46.92236328125,40.201236724853516,33.520973205566406,94.65788269042969,63.86294174194336,67.4012222290039,34.55253982543945,31.137271881103516,127.7122573852539,68.87151336669922
2022-11-11,37.8931884765625,48.154624938964844,41.3695068359375,33.794189453125,94.60083770751953,64.95579528808594,67.3279800415039,34.53471374511719,30.789037704467773,126.14881896972656,70.52416229248047
2022-11-14,37.841880798339844,47.96208953857422,41.356178283691406,33.31370162963867,94.02104187011719,64.39960479736328,66.79681396484375,33.61652374267578,30.42271614074707,126.26251983642578,69.40618896484375
2022-11-15,37.78592300415039,48.67448806762695,41.791507720947266,33.38907241821289,94.66736602783203,65.18022918701172,67.3554458618164,34.035499572753906,30.75737762451172,126.1014175415039,70.35403442382812
2022-11-16,37.41748809814453,48.19314193725586,40.938629150390625,33.22890853881836,93.9830322265625,64.28742218017578,67.68513488769531,33.79481887817383,31.033254623413086,126.04459381103516,69.27981567382812
2022-11-17,37.05836486816406,47.827308654785156,41.0274658203125,33.04990768432617,93.82144927978516,64.37035369873047,67.66682434082031,33.49171829223633,30.490556716918945,125.98772430419922,68.43891143798828
2022-11-18,37.305538177490234,47.682899475097656,40.703189849853516,33.3231201171875,94.51529693603516,64.4435043334961,68.39027404785156,33.91960906982422,31.137271881103516,127.51335144042969,68.53126525878906
2022-11-21,37.43146896362305,47.28819274902344,40.15237045288086,33.426761627197266,94.8194580078125,63.750732421875,69.04047393798828,34.16030502319336,31.2774658203125,127.57015228271484,67.5396728515625
2022-11-22,38.280277252197266,47.990966796875,41.409488677978516,33.76592254638672,95.55130767822266,64.98506164550781,69.54415130615234,34.329673767089844,31.544296264648438,128.6787872314453,68.3028335571289
2022-11-23,38.42951583862305,48.597469329833984,40.96083068847656,33.907249450683594,95.9124984741211,65.56076049804688,69.78226470947266,34.38315963745117,31.897050857543945,129.1904754638672,69.28955078125
2022-11-25,38.41552734375,48.327911376953125,40.80980682373047,34.02029800415039,96.28318786621094,65.18022918701172,69.82804870605469,34.588199615478516,32.08246612548828,129.95799255371094,69.32843780517578
2022-11-28,37.55739212036133,47.5577507019043,39.69038391113281,33.436187744140625,94.53430938720703,63.78489303588867,69.56248474121094,33.61652374267578,31.75233268737793,128.98204040527344,68.90067291259766
2022-11-29,37.68331527709961,47.577003479003906,40.29007339477539,33.6340217590332,95.11409759521484,63.160423278808594,69.2968978881836,34.178131103515625,31.517160415649414,128.65982055664062,68.68195343017578
2022-11-30,38.592750549316406,49.58906555175781,40.48997497558594,34.20873260498047,96.68238830566406,66.33159637451172,70.68888854980469,34.980438232421875,32.304073333740234,131.72994995117188,71.04911041259766
2022-12-01,38.639381408691406,49.87788009643555,40.3567008972168,34.0108757019043,96.71089172363281,66.42430114746094,70.36834716796875,34.909114837646484,32.27695083618164,132.1089630126953,71.03939819335938
2022-12-02,39.06378936767578,50.00302505493164,40.11683654785156,33.85071563720703,97.26216888427734,66.03889465332031,70.68888854980469,34.73974609375,32.1231689453125,132.45010375976562,70.94703674316406
2022-12-05,38.28961181640625,49.21360778808594,38.926334381103516,33.0122184753418,95.63687133789062,64.94114685058594,69.80058288574219,34.15139389038086,31.942277908325195,131.1803741455078,68.90067291259766
2022-12-06,37.94915008544922,47.798431396484375,37.90020751953125,32.72016143798828,94.50579833984375,63.55071258544922,69.37015533447266,33.89287185668945,32.141265869140625,130.18539428710938,67.82645416259766
2022-12-07,37.865203857421875,47.5577507019043,37.811363220214844,32.58827209472656,94.38224792480469,63.22871780395508,69.6632080078125,33.96418380737305,31.99201774597168,131.25621032714844,67.41817474365234
2022-12-08,38.14502716064453,47.46147155761719,37.64257049560547,32.61653137207031,94.94302368164062,64.26300811767578,70.03868865966797,34.21379089355469,32.20005416870117,132.44064331054688,68.06950378417969
2022-12-09,37.76726531982422,47.596256256103516,36.72748565673828,32.53173828125,94.16362762451172,63.86783981323242,69.49838256835938,34.14247512817383,32.03272247314453,130.74449157714844,67.77299499511719
2022-12-12,38.093727111816406,47.971717834472656,37.691429138183594,32.96512222290039,95.77943420410156,65.2631607055664,70.23098754882812,34.427730560302734,32.76536178588867,132.1374053955078,67.94313049316406
2022-12-13,38.62073516845703,48.78038787841797,38.406612396240234,33.04990768432617,96.140625,66.03400421142578,70.1302490234375,35.18546676635742,32.8648567199707,132.54486083984375,67.94313049316406
2022-12-14,38.205650329589844,48.144996643066406,38.17118835449219,32.63536834716797,95.96002197265625,65.47782135009766,70.08448791503906,34.84672164916992,32.824161529541016,132.75332641601562,67.43761444091797
2022-12-15,37.03970718383789,46.267723083496094,37.9401969909668,31.99471664428711,93.64086151123047,63.0286865234375,68.89395904541016,34.4455680847168,32.426185607910156,130.318115234375,66.3293685913086
2022-12-16,36.88114547729492,46.258094787597656,37.4737663269043,31.749767303466797,93.24166107177734,62.19442367553711,68.55511474609375,33.42931365966797,31.87443733215332,128.42295837402344,65.08988189697266
2022-12-19,36.401893615722656,45.17527389526367,37.469276428222656,31.664445877075195,92.75078582763672,61.36508560180664,68.51177215576172,33.03352737426758,31.7476863861084,127.94342041015625,64.04488372802734
2022-12-20,36.64128112792969,45.484100341796875,38.03475570678711,31.797170639038086,92.86540222167969,61.45805740356445,68.45642852783203,32.961395263671875,31.756805419921875,127.91493225097656,63.29915237426758
2022-12-21,36.960472106933594,46.08244705200195,38.75728988647461,32.2901496887207,94.6130599975586,62.47574996948242,69.13897705078125,33.29498291015625,32.19906997680664,129.5989532470703,64.30807495117188
2022-12-22,36.60373306274414,45.686771392822266,37.864219665527344,32.0057373046875,93.40974426269531,60.90028381347656,68.98217010498047,33.132694244384766,32.00301742553711,129.41819763183594,62.655784606933594
2022-12-23,36.857208251953125,46.130706787109375,39.071449279785156,32.18585968017578,93.9636459350586,60.96388244628906,69.34186553955078,33.43021774291992,32.331298828125,129.49432373046875,63.08469772338867
2022-12-27,36.89005661010742,45.715721130371094,39.48881912231445,32.17638397216797,94.25015258789062,60.38653564453125,69.67391967773438,33.40317153930664,32.53191375732422,129.16131591796875,62.061153411865234
2022-12-28,36.326786041259766,45.04981994628906,38.60470962524414,32.062618255615234,93.0181884765625,59.41287612915039,68.8069076538086,32.871246337890625,32.221866607666016,128.32403564453125,61.53962326049805
2022-12-29,36.7210807800293,46.29476547241211,39.00862121582031,32.50820541381836,94.16421508789062,60.96877670288086,69.1020736694336,33.60152053833008,32.45439910888672,129.72265625,63.123687744140625
2022-12-30,36.46290588378906,46.31407165527344,39.255455017089844,32.42287063598633,93.79175567626953,60.885597229003906,68.76080322265625,33.29498291015625,32.144351959228516,129.25645446777344,62.953102111816406
2023-01-03,36.425357818603516,46.912410736083984,37.87767791748047,32.53663635253906,93.99230194091797,60.30825424194336,68.5025405883789,33.421207427978516,32.144351959228516,128.88539123535156,62.577796936035156
2023-01-04,37.059043884277344,47.79064178466797,37.873191833496094,33.05805969238281,94.82316589355469,60.464813232421875,68.77001953125,34.18753433227539,32.4361686706543,129.22792053222656,63.484378814697266
2023-01-05,36.4723014831543,47.85820007324219,38.564327239990234,32.81156921386719,93.8012924194336,59.290557861328125,68.07826232910156,33.186790466308594,31.734004974365234,127.90534210205078,62.89460372924805
2023-01-06,37.72559356689453,48.63990783691406,39.29584884643555,33.54155349731445,96.37029266357422,61.02749252319336,69.8952865600586,34.15147399902344,32.372337341308594,129.08514404296875,64.37144470214844
2023-01-09,37.96498489379883,48.71711349487305,39.15672302246094,33.418312072753906,95.94052124023438,61.736942291259766,69.21276092529297,34.13343811035156,32.59119415283203,126.92535400390625,64.76136016845703
2023-01-10,38.34519958496094,49.45056915283203,39.43497085571289,33.6079216003418,96.46578216552734,62.11857604980469,69.12051391601562,34.23262023925781,32.60030746459961,127.99100494384766,65.57533264160156
2023-01-11,38.94602966308594,49.80765151977539,39.55614471435547,33.9207763671875,97.39215850830078,63.19499206542969,69.15741729736328,35.47677993774414,32.8647575378418,128.71408081054688,67.34459686279297
2023-01-12,39.0915412902832,50.357749938964844,40.31010055541992,33.98713302612305,97.96516418457031,63.664695739746094,68.61323547363281,35.873477935791016,32.64133834838867,128.3050079345703,67.45671081542969
2023-01-13,39.33094024658203,50.52180480957031,40.368446350097656,34.243106842041016,97.85055541992188,63.84572982788086,68.93605041503906,35.66611099243164,32.522796630859375,128.8758544921875,68.09033966064453
2023-01-17,38.936641693115234,50.048919677734375,40.453712463378906,34.01557159423828,97.01968383789062,64.1343994140625,68.98217010498047,35.675132751464844,32.477195739746094,128.2764434814453,68.13908386230469
2023-01-18,38.387447357177734,49.44091796875,39.713226318359375,33.3803825378418,95.19560241699219,63.307518005371094,67.1005859375,35.12516403198242,31.697526931762695,126.46863555908203,67.25199890136719
2023-01-19,38.09171676635742,49.69184494018555,40.20688247680664,32.991695404052734,93.23783111572266,62.5687141418457,66.46415710449219,34.95387268066406,31.378374099731445,126.77311706542969,66.13584899902344
2023-01-20,38.85684585571289,51.24562072753906,40.60630798339844,33.513118743896484,94.5366439819336,64.26161193847656,66.98068237304688,35.359580993652344,31.565309524536133,127.41060638427734,67.73939514160156
2023-01-23,38.983585357666016,52.143131256103516,40.660160064697266,33.901817321777344,95.56806945800781,65.72454833984375,67.19281005859375,35.4587516784668,31.574417114257812,127.84827423095703,68.79707336425781
2023-01-24,39.007049560546875,51.998374938964844,40.50308609008789,33.9207763671875,96.19837951660156,65.69519805908203,67.46951293945312,35.612022399902344,31.734004974365234,127.00145721435547,68.71908569335938
2023-01-25,39.08684158325195,52.181739807128906,40.507572174072266,34.18622589111328,95.66357421875,65.55818939208984,67.63553619384766,35.648075103759766,31.3054141998291,127.03955078125,69.07002258300781
2023-01-26,39.27460861206055,52.992408752441406,41.78661346435547,34.3663444519043,96.1888198852539,66.6052474975586,67.39572143554688,36.05379104614258,31.41028594970703,127.27738952636719,70.48347473144531
2023-01-27,39.14786911010742,53.359134674072266,40.94289779663086,34.3663444519043,96.58993530273438,66.88410949707031,67.20204162597656,36.37834930419922,31.41028594970703,126.41156768798828,72.08216857910156
2023-01-30,38.880313873291016,52.51951599121094,40.00493240356445,34.19569778442383,95.64448547363281,65.60712432861328,67.28504180908203,35.936588287353516,31.268939971923828,125.26982116699219,70.85391998291016
2023-01-31,39.734619140625,53.15647888183594,40.35947036743164,34.66024398803711,97.26797485351562,66.52206420898438,68.01370239257812,36.5947265625,31.501468658447266,126.8873062133789,72.47697448730469
2023-02-01,39.99748611450195,53.78376388549805,39.565120697021484,34.66024398803711,97.97470092773438,68.0877685546875,68.55787658691406,36.865203857421875,31.55618667602539,127.48670959472656,73.85144805908203
2023-02-02,39.870750427246094,57.315956115722656,38.663055419921875,34.75505065917969,98.73872375488281,69.9469985961914,67.96759796142578,37.71268081665039,31.624576568603516,126.62085723876953,76.1130142211914
2023-02-03,39.15256881713867,56.167510986328125,38.57777786254883,34.68868637084961,98.2229995727539,69.36476135253906,67.70010375976562,36.928314208984375,30.96345329284668,126.24981689453125,73.76859283447266
2023-02-06,38.72071075439453,55.49195098876953,38.40275192260742,34.67919921875,97.98424530029297,68.518310546875,67.78309631347656,36.693904876708984,31.227903366088867,125.5457534790039,73.6613540649414
2023-02-07,39.24174880981445,56.52458953857422,39.650390625,35.07738494873047,98.28986358642578,70.23078918457031,67.4971923828125,36.54964828491211,31.214223861694336,126.35447692871094,73.83194732666016
2023-02-08,38.92725372314453,54.74885177612305,39.29584884643555,34.86880874633789,97.7359619140625,69.38433074951172,66.98068237304688,36.45048141479492,30.689884185791016,125.98340606689453,73.20320892333984
2023-02-09,38.36397171020508,53.55215835571289,38.959259033203125,34.48011016845703,96.85733795166016,69.002685546875,66.6855239868164,36.0988655090332,30.27041244506836,124.87970733642578,73.06673431396484
2023-02-10,38.50478744506836,53.0406494140625,40.48512649536133,34.59387969970703,97.54495239257812,68.68465423583984,67.30349731445312,36.17098617553711,30.872255325317383,126.05951690673828,72.20890045166016
2023-02-13,38.706642150878906,53.793418884277344,40.38190841674805,34.99205780029297,98.43312072753906,69.87361145019531,68.06903839111328,36.504573822021484,31.059206008911133,127.10610961914062,73.26657104492188
2023-02-14,38.79582214355469,53.812713623046875,40.3953742980957,34.80244445800781,98.16571044921875,70.17207336425781,67.4510726928711,36.12590789794922,30.926977157592773,126.35447692871094,74.14388275146484
2023-02-15,38.96480941772461,54.30491638183594,39.708740234375,34.84036636352539,98.77690887451172,70.49987030029297,67.58020782470703,36.22509002685547,31.127592086791992,125.72652435302734,75.01146697998047
2023-02-16,38.52356719970703,53.474945068359375,39.31828308105469,34.489601135253906,97.75504302978516,69.27669525146484,67.09134674072266,35.89150619506836,30.890499114990234,124.47056579589844,73.37378692626953
2023-02-17,38.16213607788086,53.41703414916992,37.91806411743164,34.49907684326172,98.39491271972656,68.41067504882812,67.9583740234375,35.71118927001953,31.223344802856445,125.58379364013672,73.3884048461914
2023-02-21,37.533138275146484,52.239646911621094,37.72957229614258,33.788047790527344,96.14108276367188,66.7862777709961,67.70010375976562,35.007965087890625,30.639724731445312,123.956787109375,70.936767578125
2023-02-22,37.814781188964844,52.34579849243164,37.47825241088867,33.750118255615234,95.90232849121094,66.68842315673828,67.5986557006836,34.69241714477539,30.52118492126465,123.53813934326172,71.29745483398438
2023-02-23,37.85702133178711,52.104530334472656,38.04372787475586,33.778564453125,96.35116577148438,67.79418182373047,67.51563262939453,35.025997161865234,30.361600875854492,123.87113952636719,71.23897552490234
2023-02-24,38.110496520996094,51.38072967529297,37.99436950683594,33.807003021240234,95.79727935791016,66.58566284179688,67.06369018554688,34.376869201660156,30.37071990966797,122.27268981933594,70.1179428100586
2023-02-27,38.23723602294922,51.54478454589844,38.106563568115234,33.79752731323242,96.647216796875,66.94285583496094,66.98989868164062,34.43095779418945,30.165542602539062,121.90162658691406,70.98550415039062
2023-02-28,38.41091537475586,51.63164520263672,37.55903625488281,33.8638916015625,96.4275894165039,66.79605865478516,66.43648529052734,34.448997497558594,29.636640548706055,120.99773406982422,70.936767578125
2023-03-01,38.711334228515625,51.2359619140625,38.29953384399414,33.750118255615234,96.80958557128906,66.30679321289062,65.9476547241211,33.91706466674805,29.14878273010254,120.79792785644531,70.04483795166016
2023-03-02,39.15256881713867,51.718505859375,38.6361198425293,33.58895492553711,97.94605255126953,67.1238784790039,66.85154724121094,34.35883712768555,29.700475692749023,121.54005432128906,69.81085968017578
2023-03-03,39.71114730834961,52.84763717651367,39.16120910644531,34.11986541748047,99.00611114501953,68.56725311279297,66.9068832397461,34.93583679199219,30.206573486328125,122.90066528320312,71.31208038330078
2023-03-06,39.06806945800781,52.84763717651367,39.179168701171875,34.14830017089844,98.82466888427734,68.89506530761719,67.08213806152344,34.800601959228516,30.35247802734375,122.84357452392578,70.79055786132812
2023-03-07,38.29825973510742,52.307193756103516,38.49699783325195,33.266624450683594,97.55451202392578,68.03882598876953,66.41804504394531,33.92608642578125,29.855499267578125,120.8645248413086,69.82548522949219
2023-03-08,38.486019134521484,52.33615493774414,38.10207748413086,33.143375396728516,97.78369140625,68.60147857666016,66.52872467041016,34.40391540527344,30.08347511291504,120.217529296875,69.69876861572266
2023-03-09,37.495582580566406,51.15876388549805,37.56352233886719,31.797170639038086,96.34162902832031,67.6180419921875,65.91075134277344,33.61955261230469,29.841815948486328,118.99967193603516,68.03671264648438
2023-03-10,36.69761276245117,50.4349479675293,37.08332443237305,31.218862533569336,94.54620361328125,66.42911529541016,65.58794403076172,32.54667663574219,29.372190475463867,118.12429809570312,67.35922241210938
2023-03-13,36.32208251953125,50.4349479675293,36.3293571472168,29.98641586303711,94.01139831542969,66.7911605834961,65.91997528076172,33.06958770751953,29.823585510253906,119.22799682617188,67.5005874633789
2023-03-14,36.78679275512695,51.86326599121094,36.68838119506836,30.59316062927246,95.0046157836914,68.33238220214844,66.51951599121094,33.41218566894531,30.215696334838867,120.29364013671875,68.64598083496094
2023-03-15,35.594512939453125,52.42300796508789,34.718204498291016,29.777849197387695,92.66484069824219,68.37152862548828,66.9530029296875,33.43021774291992,30.626052856445312,120.1889877319336,68.54362487792969
2023-03-16,36.002899169921875,53.600399017333984,35.09519577026367,30.346670150756836,93.85859680175781,70.28949737548828,66.9991226196289,33.43021774291992,30.831222534179688,121.31172180175781,69.78163146972656
2023-03-17,35.444305419921875,53.08891296386719,34.543182373046875,29.370193481445312,92.3210220336914,70.19164276123047,66.5102767944336,32.66388702392578,30.534860610961914,119.7513198852539,68.88967895507812
2023-03-20,36.17363357543945,53.485679626464844,35.234718322753906,29.69698143005371,93.54367065429688,70.38091278076172,67.43242645263672,33.014366149902344,30.77370262145996,121.26909637451172,69.18790435791016
2023-03-21,36.61207580566406,54.62758255004883,36.45456314086914,30.449649810791016,94.62725830078125,70.94974517822266,67.37681579589844,32.82369613647461,30.153636932373047,122.00457763671875,71.09947204589844
2023-03-22,35.96148681640625,53.66953659057617,35.67912673950195,29.74462127685547,92.81488037109375,70.24360656738281,66.75586700439453,31.625150680541992,29.561124801635742,120.16108703613281,69.51544952392578
2023-03-23,35.91905975341797,54.540489196777344,35.184844970703125,29.544546127319336,92.54638671875,71.38614654541016,66.49639129638672,31.434463500976562,29.25798225402832,119.93184661865234,69.44212341308594
2023-03-24,36.21134948730469,54.82112503051758,35.320884704589844,29.525489807128906,92.92996978759766,71.57249450683594,67.6270523071289,32.242576599121094,30.17201042175293,121.59384155273438,69.21722412109375
2023-03-27,36.48006820678711,54.51145935058594,36.07365036010742,29.93516731262207,93.70668029785156,71.01838684082031,67.98848724365234,32.13362503051758,30.20874786376953,122.09053802490234,69.35902404785156
2023-03-28,36.65450668334961,54.06630325317383,36.631412506103516,29.925642013549805,94.18614959716797,70.6849365234375,68.10896301269531,32.024662017822266,30.291427612304688,121.35505676269531,69.2759017944336
2023-03-29,37.163658142089844,54.78240966796875,37.13930892944336,30.363903045654297,95.55742645263672,72.16583251953125,68.48893737792969,32.78736877441406,30.73236656188965,121.68937683105469,70.59102630615234
2023-03-30,37.41823959350586,55.043697357177734,37.302555084228516,30.297210693359375,95.75880432128906,73.00432586669922,68.68356323242188,33.21413040161133,30.86556053161621,122.34843444824219,71.20703125
2023-03-31,38.026390075683594,56.098506927490234,37.561031341552734,30.630672454833984,97.02459716796875,74.04878997802734,69.2396469116211,33.940513610839844,31.09062957763672,123.65705871582031,73.10879516601562
2023-04-03,38.26683044433594,56.33076477050781,39.26155471801758,30.687833786010742,97.19718933105469,73.93109893798828,69.60107421875,33.622711181640625,30.87934112548828,125.04203033447266,72.43903350830078
2023-04-04,37.71524429321289,56.504947662353516,38.54961013793945,30.402015686035156,95.02040100097656,73.52411651611328,69.4620590209961,33.631797790527344,31.035507202148438,125.06111907958984,72.32170104980469
2023-04-05,37.6303825378418,56.32108688354492,39.13005065917969,30.363903045654297,93.78340911865234,72.68559265136719,69.78644561767578,33.45927810668945,31.83930206298828,127.2198257446289,70.84034729003906
2023-04-06,37.54080581665039,57.027523040771484,38.5359992980957,30.47823143005371,93.75463104248047,73.09750366210938,69.84205627441406,33.686275482177734,32.064353942871094,127.53506469726562,70.85501861572266
2023-04-10,37.71996307373047,56.90171432495117,38.8443603515625,30.544925689697266,94.60808563232422,73.05826568603516,69.84205627441406,33.85879135131836,32.000057220458984,127.44905853271484,71.16791534423828
2023-04-11,38.01224899291992,56.756561279296875,39.211673736572266,30.811691284179688,95.17384338378906,72.37177276611328,70.04594421386719,34.02223205566406,32.02762222290039,127.87889862060547,71.28034973144531
2023-04-12,38.0405387878418,56.166259765625,39.23888397216797,30.744998931884766,95.49031066894531,71.9598617553711,69.7308349609375,33.9223518371582,31.99547004699707,127.9171142578125,70.17544555664062
2023-04-13,38.431827545166016,57.337188720703125,39.48375701904297,31.021299362182617,95.84510040283203,73.29853820800781,70.12008666992188,33.813392639160156,32.000057220458984,129.5791015625,71.7252426147461
2023-04-14,38.153682708740234,57.31783676147461,39.55630874633789,31.326173782348633,95.73003387451172,72.89153289794922,69.67522430419922,33.232276916503906,31.641796112060547,128.53799438476562,71.8181381225586
2023-04-17,38.37525939941406,56.98881530761719,39.089237213134766,31.688215255737305,96.48757934570312,73.15634155273438,70.12008666992188,33.98591232299805,31.816335678100586,128.4329376220703,72.32659149169922
2023-04-18,38.53554916381836,56.698490142822266,39.2434196472168,31.783491134643555,96.9478759765625,73.38191223144531,70.333251953125,33.93143081665039,31.65097999572754,127.55415344238281,72.44390869140625
2023-04-19,38.427120208740234,56.272701263427734,39.10737609863281,31.859703063964844,96.87115478515625,73.17105102539062,70.28690338134766,34.13118362426758,31.8944149017334,127.9457778930664,72.3754653930664
2023-04-20,38.384681701660156,55.692073822021484,38.76273727416992,31.764434814453125,96.69855499267578,72.69049835205078,70.45372009277344,33.722591400146484,31.885229110717773,127.42041015625,71.26078033447266
2023-04-21,38.04524612426758,55.82754898071289,38.5359992980957,31.650108337402344,96.47798919677734,72.45513153076172,70.96345520019531,33.758914947509766,31.97709846496582,128.2801055908203,72.04792022705078
2023-04-24,38.30454635620117,55.76948928833008,39.125511169433594,31.573888778686523,96.70813751220703,72.13640594482422,71.2507553100586,33.668113708496094,32.13785171508789,128.9964599609375,72.03812408447266
2023-04-25,37.474815368652344,54.8985481262207,38.390899658203125,31.03082275390625,94.92451477050781,70.5966796875,71.15807342529297,33.359405517578125,32.10569763183594,127.62100219726562,70.61055755615234
2023-04-26,37.03165817260742,54.31791305541992,37.87846374511719,30.735469818115234,93.13134002685547,71.64602661132812,70.60201263427734,33.08700180053711,31.352436065673828,125.8061752319336,70.24879455566406
2023-04-27,37.536094665527344,57.47267150878906,38.01449966430664,31.230894088745117,94.97248077392578,73.16615295410156,71.38977813720703,33.88602828979492,31.729066848754883,126.46522521972656,72.10167694091797
2023-04-28,37.97453689575195,57.966209411621094,38.60401916503906,31.60246467590332,95.89305114746094,73.96052551269531,71.76974487304688,34.276466369628906,31.683134078979492,127.54459381103516,72.28748321533203
2023-05-01,37.95568084716797,57.956520080566406,38.1686897277832,31.5167293548584,96.4108657836914,74.00465393066406,71.82535552978516,33.958675384521484,31.73824691772461,128.20364379882812,71.57368469238281
2023-05-02,37.587955474853516,56.88235855102539,36.50898361206055,30.802169799804688,95.40398406982422,73.3132553100586,71.63072967529297,33.37755584716797,31.352436065673828,127.64964294433594,71.64703369140625
2023-05-03,37.173091888427734,56.65978240966797,35.81970977783203,30.449649810791016,95.03959655761719,72.6954116821289,71.04685974121094,33.168724060058594,31.26515769958496,127.4777603149414,71.07991790771484
2023-05-04,36.932655334472656,55.7501335144043,35.420650482177734,30.059022903442383,94.00395965576172,72.34724426269531,70.87077331542969,33.47743606567383,31.503997802734375,126.46522521972656,70.5323486328125
2023-05-05,37.55495834350586,56.4468879699707,36.38201141357422,30.802169799804688,95.42316436767578,74.16156005859375,71.5287857055664,33.9949836730957,31.70609474182129,127.60188293457031,71.95991516113281
2023-05-08,37.432376861572266,57.0178337097168,36.38201141357422,30.849803924560547,95.07795715332031,74.12232971191406,71.31562805175781,33.758914947509766,31.609642028808594,127.32491302490234,72.204345703125
2023-05-09,37.09293746948242,56.65978240966797,36.39561080932617,30.735469818115234,95.2889404296875,73.55352783203125,71.09320831298828,33.64995574951172,31.56831169128418,126.47479248046875,72.1847915649414
2023-05-10,37.11651611328125,57.16299819946289,35.98295593261719,30.563982009887695,94.94369506835938,74.45088958740234,70.98198699951172,33.967750549316406,31.857667922973633,126.82820129394531,72.55148315429688
2023-05-11,36.75350570678711,57.733951568603516,35.55215835571289,30.516340255737305,94.36834716796875,74.11744689941406,71.19514465332031,33.6136360168457,31.531566619873047,126.43656921386719,72.88880157470703
2023-05-12,36.81949996948242,57.7823371887207,35.60657501220703,30.392486572265625,94.43547058105469,74.01936340332031,71.47319030761719,33.67719268798828,31.70609474182129,126.2646713256836,72.27279663085938
2023-05-15,37.13066101074219,58.05329513549805,35.787967681884766,30.64019775390625,94.89575958251953,74.6323013305664,71.2970962524414,33.6136360168457,31.306501388549805,126.04496765136719,72.36568450927734
2023-05-16,36.51778030395508,57.985557556152344,34.90822982788086,30.354379653930664,93.61078643798828,74.71076202392578,70.69468688964844,32.71472930908203,30.612945556640625,124.99427032470703,72.07234954833984
2023-05-17,36.75822448730469,58.691993713378906,35.57936096191406,30.96413230895996,95.2218017578125,75.70619201660156,70.65760803222656,33.141483306884766,30.502710342407227,125.1471176147461,73.5732421875
2023-05-18,36.97508239746094,59.746795654296875,35.83784103393555,31.192790985107422,95.91222381591797,77.25572204589844,70.31471252441406,32.93264389038086,30.410846710205078,124.8414306640625,74.71725463867188
2023-05-19,37.069366455078125,59.427459716796875,36.114463806152344,31.05940818786621,95.68208312988281,77.22138214111328,70.36105346679688,32.8781623840332,30.364919662475586,125.42410278320312,74.09147644042969
2023-05-22,36.87608337402344,59.96937942504883,35.96481704711914,31.116573333740234,95.66290283203125,77.36849975585938,69.29524993896484,33.09608459472656,30.374101638793945,125.54826354980469,73.86170196533203
2023-05-23,36.305633544921875,59.224239349365234,36.35027313232422,30.754526138305664,94.5121841430664,76.2259750366211,68.7855224609375,32.6874885559082,30.268463134765625,124.17282104492188,73.1870346069336
2023-05-24,35.89076232910156,58.95326232910156,36.50898361206055,30.354379653930664,93.29434967041016,75.6669692993164,68.34066009521484,31.970178604125977,30.07095718383789,123.32272338867188,72.91813659667969
2023-05-25,35.76348114013672,58.95326232910156,35.86051940917969,30.3448486328125,93.6011962890625,78.56986999511719,67.82167053222656,32.04281234741211,29.666759490966797,122.06188201904297,72.59058380126953
2023-05-26,35.942623138427734,60.15324020385742,35.719940185546875,30.592559814453125,94.30122375488281,80.8010025024414,68.0533676147461,32.41508865356445,29.666759490966797,121.81354522705078,74.29680633544922
2023-05-30,35.74932861328125,60.25000762939453,35.35262680053711,30.583030700683594,94.15738677978516,81.23251342773438,67.27487182617188,32.514976501464844,29.551939010620117,121.05894470214844,74.79549407958984
2023-05-31,35.367462158203125,60.23066711425781,34.73136901855469,30.25909996032715,92.87242126464844,80.55581665039062,67.34901428222656,32.72380828857422,29.822935104370117,122.10009765625,74.12081146240234
2023-06-01,35.83891296386719,61.043540954589844,35.162174224853516,30.583030700683594,94.06148529052734,81.37471771240234,67.29341125488281,32.732887268066406,29.602460861206055,122.90242767333984,74.99592590332031
2023-06-02,37.041080474853516,61.120967864990234,36.23236083984375,31.24995231628418,96.79444122314453,81.8405532836914,68.22019958496094,33.42296600341797,29.910198211669922,124.47848510742188,76.75592803955078
2023-06-05,37.01280212402344,61.27579116821289,35.992027282714844,31.087989807128906,96.1231918334961,81.36983489990234,67.9699478149414,33.26859664916992,30.052583694458008,124.92742156982422,76.9857177734375
2023-06-06,37.24851608276367,61.52739715576172,36.282249450683594,31.47861099243164,96.7273178100586,81.3501968383789,67.6270523071289,33.468360900878906,30.029621124267578,123.88626098632812,77.78749084472656
2023-06-07,37.69166946411133,60.8403205871582,37.24361038208008,31.60246467590332,98.28079986572266,80.13410186767578,67.40463256835938,34.08578109741211,30.53945541381836,123.39910888671875,77.25949096679688
2023-06-08,37.55495834350586,61.14998245239258,37.08488845825195,31.573888778686523,98.45338439941406,81.00203704833984,67.8680191040039,33.876949310302734,30.672649383544922,124.19193267822266,78.40351867675781
2023-06-09,37.24380111694336,61.169342041015625,36.880836486816406,31.583419799804688,98.1944808959961,81.40413665771484,67.75679779052734,33.70443344116211,30.493518829345703,124.57398223876953,78.80928802490234
2023-06-12,37.41352462768555,61.8951301574707,36.527122497558594,31.573888778686523,98.89449310302734,83.17433166503906,67.73826599121094,33.686275482177734,30.43840217590332,125.02291107177734,80.16351318359375
2023-06-13,38.280967712402344,62.09834671020508,36.699440002441406,31.764434814453125,100.04522705078125,83.67938995361328,68.01628875732422,33.93143081665039,30.433813095092773,125.65335083007812,80.99462890625
2023-06-14,38.12068557739258,62.20479965209961,36.32305908203125,31.64057731628418,99.77672576904297,84.54241943359375,68.43334197998047,34.11302947998047,30.415437698364258,124.36384582519531,80.93596649169922
2023-06-15,38.445980072021484,63.19187545776367,36.72211456298828,32.059791564941406,101.28224182128906,85.63101959228516,69.1191635131836,34.258296966552734,30.746145248413086,126.29330444335938,81.46397399902344
2023-06-16,38.540260314941406,62.66930389404297,36.66769790649414,31.99309730529785,101.11920928955078,84.9249038696289,69.20255279541016,34.22198486328125,30.911495208740234,126.28375244140625,81.34172821044922
2023-06-20,38.0186653137207,62.36397171020508,35.84700012207031,31.75384521484375,100.36824798583984,84.35096740722656,68.67616271972656,33.85438537597656,30.54896354675293,126.14183044433594,81.95114135742188
2023-06-21,38.141841888427734,61.7436408996582,36.130638122558594,31.715557098388672,100.92668151855469,83.10284423828125,68.9188232421875,33.707706451416016,30.79435920715332,126.16101837158203,80.96647644042969
2023-06-22,38.051815032958984,62.22827911376953,35.64571762084961,31.46674346923828,100.19496154785156,83.78096008300781,69.32017517089844,33.23101806640625,30.558225631713867,127.02421569824219,82.0001220703125
2023-06-23,37.74388122558594,62.09257888793945,35.38953399658203,31.332754135131836,99.43437957763672,82.87188720703125,68.86282348632812,32.87349319458008,30.109107971191406,126.60218811035156,81.04975891113281
2023-06-26,38.13710403442383,61.472232818603516,36.02541732788086,31.265766143798828,100.26233673095703,82.27732849121094,68.9561538696289,33.60686492919922,30.405431747436523,125.88285827636719,80.01123809814453
2023-06-27,38.67717361450195,62.50936508178711,36.107757568359375,31.514591217041016,101.4658203125,83.89888000488281,69.16150665283203,33.97355270385742,30.41469383239746,125.59512329101562,81.73068237304688
2023-06-28,38.4118766784668,62.79047393798828,36.47372817993164,31.43802261352539,101.4658203125,83.94803619384766,68.69480895996094,34.06521987915039,29.9655818939209,125.19230651855469,82.05400848388672
2023-06-29,38.89510726928711,62.45121765136719,36.894596099853516,31.9835205078125,102.44783782958984,84.09545135498047,68.62950134277344,34.37691116333008,29.9655818939209,126.00753021240234,82.1421890258789
2023-06-30,39.259891510009766,63.081260681152344,37.13248062133789,32.26106643676758,103.3239517211914,85.43201446533203,69.22684478759766,34.55108642578125,30.2989444732666,127.30233764648438,83.18561553955078
2023-07-03,39.40675354003906,63.29449462890625,37.219398498535156,32.442893981933594,103.34320068359375,85.25019836425781,69.76818084716797,34.82610321044922,30.52581024169922,126.25691986083984,84.18985748291016
2023-07-05,38.43556594848633,63.77914047241211,37.01354217529297,32.37590408325195,102.78480529785156,84.72441101074219,69.64685821533203,35.000274658203125,30.873062133789062,126.18977355957031,84.22415924072266
2023-07-06,38.156044006347656,63.27510070800781,36.18095397949219,32.09836959838867,102.01459503173828,84.49838256835938,69.46951293945312,34.807769775390625,30.49803352355957,125.18272399902344,82.86720275878906
2023-07-07,38.48767852783203,63.05216598510742,36.95864486694336,32.146217346191406,102.24564361572266,84.12984466552734,68.56416320800781,34.642757415771484,30.275793075561523,123.724853515625,82.97007751464844
2023-07-10,38.478206634521484,62.88739013671875,37.246849060058594,32.289772033691406,103.69942474365234,84.35096740722656,68.54549407958984,34.761932373046875,30.146148681640625,124.70315551757812,83.22482299804688
2023-07-11,38.857200622558594,63.98268508911133,38.065711975097656,32.67257308959961,104.92213439941406,84.53277587890625,68.64816284179688,35.15612030029297,30.521181106567383,124.73191833496094,83.92044067382812
2023-07-12,39.368858337402344,64.75812530517578,38.41796112060547,32.88311767578125,104.73921966552734,85.49097442626953,68.80683135986328,35.32112503051758,30.965665817260742,124.39622497558594,84.67484283447266
2023-07-13,39.67679977416992,65.7080307006836,38.27157211303711,32.99796676635742,104.87399291992188,86.6064224243164,69.09616088867188,35.55947494506836,31.07215690612793,124.44419860839844,85.46842956542969
2023-07-14,39.44466018676758,65.08768463134766,37.26057815551758,32.7778434753418,104.56591033935547,86.4786605834961,69.32951354980469,35.55947494506836,30.951772689819336,126.31444549560547,85.68888854980469
2023-07-17,39.48256301879883,64.85504913330078,37.187381744384766,33.09366989135742,104.96063995361328,87.58427429199219,69.1241683959961,35.2569580078125,30.59526824951172,125.7389907836914,86.03669738769531
2023-07-18,39.790504455566406,65.30091857910156,37.562503814697266,33.46689987182617,105.54793548583984,88.57685852050781,69.04950714111328,34.96361541748047,30.359132766723633,126.66934967041016,86.389404296875
2023-07-19,39.57730484008789,65.4850845336914,37.782081604003906,33.610450744628906,105.49980926513672,88.35575103759766,69.74951934814453,35.348628997802734,30.669342041015625,127.25436401367188,86.69313049316406
2023-07-20,39.67205047607422,64.18624877929688,38.2258186340332,33.859283447265625,105.97156524658203,86.59169006347656,70.34687042236328,35.229461669921875,31.22957992553711,129.3644256591797,83.73918151855469
2023-07-21,39.67679977416992,63.54650115966797,38.56435012817383,33.74443435668945,105.4709243774414,86.54744720458984,70.58951568603516,35.38529586791992,31.69721031188965,130.66880798339844,83.7587661743164
2023-07-24,39.79997634887695,63.66282653808594,39.18650817871094,34.069820404052734,105.71160888671875,86.69976806640625,70.86021423339844,35.724483489990234,31.613874435424805,130.3810577392578,84.30744171142578
2023-07-25,40.51533889770508,63.86637878417969,39.392356872558594,33.84970474243164,105.57682037353516,87.6923828125,70.84154510498047,35.458641052246094,31.669431686401367,130.32351684570312,84.11148834228516
2023-07-26,40.37794876098633,64.86473846435547,39.406089782714844,34.05068588256836,106.31814575195312,86.5130615234375,70.92554473876953,35.586971282958984,31.669431686401367,130.23719787597656,84.09190368652344
2023-07-27,40.11738967895508,65.40753936767578,39.15447998046875,33.62002944946289,105.40352630615234,86.26244354248047,70.30018615722656,34.835269927978516,31.10919952392578,129.27809143066406,83.21992492675781
2023-07-28,40.396907806396484,66.69669342041016,39.27342224121094,33.68701934814453,106.05819702148438,87.4368667602539,71.02820587158203,34.73442459106445,31.039749145507812,129.66175842285156,84.63075256347656
2023-07-31,40.610084533691406,66.67732238769531,40.01909637451172,33.811424255371094,106.30851745605469,87.6383285522461,70.7015380859375,35.00944519042969,31.053632736206055,128.66424560546875,85.11083221435547
2023-08-01,40.43006134033203,66.59008026123047,39.83152770996094,33.811424255371094,106.62623596191406,87.78572845458984,70.31885528564453,34.94527816772461,30.673974990844727,127.99290466308594,84.1457748413086
2023-08-02,39.927879333496094,65.33968353271484,39.31002426147461,33.524322509765625,105.50940704345703,85.61381530761719,70.57085418701172,34.7985954284668,30.673974990844727,128.07920837402344,82.636962890625
2023-08-03,39.68153381347656,65.17491149902344,39.7080192565918,33.54346466064453,104.84512329101562,85.26493835449219,70.37487030029297,34.321903228759766,29.974836349487305,127.43661499023438,82.8329086303711
2023-08-04,39.59152603149414,65.0295181274414,39.762908935546875,33.40947723388672,104.2096939086914,84.10527038574219,69.67485809326172,33.982723236083984,29.627588272094727,126.98582458496094,84.03800964355469
2023-08-07,39.85208511352539,66.03756713867188,39.80864715576172,33.87841796875,105.49017333984375,84.34114074707031,70.24419403076172,34.41357421875,29.622955322265625,128.4532470703125,84.90018463134766
2023-08-08,39.43044662475586,65.8534164428711,40.00537109375,33.572174072265625,105.00878143310547,83.69252014160156,69.74018096923828,34.23939895629883,29.76185417175293,129.44117736816406,84.22415924072266
2023-08-09,39.269371032714844,65.14583587646484,40.50857925415039,33.32334518432617,104.9510269165039,82.61145782470703,69.84285736083984,34.321903228759766,29.826677322387695,129.4027862548828,83.22482299804688
2023-08-10,39.297794342041016,65.36878204345703,40.504005432128906,33.35205841064453,104.66219329833984,82.62129211425781,69.70285034179688,34.21189498901367,29.734081268310547,129.3164520263672,83.4256591796875
2023-08-11,39.1888313293457,65.05859375,41.12615203857422,33.41904830932617,104.83547973632812,82.01197814941406,69.81486511230469,34.27606964111328,29.896127700805664,130.12210083007812,83.14152526855469
2023-08-14,39.274105072021484,65.53355407714844,40.95232009887695,33.35205841064453,104.87399291992188,83.31906127929688,69.46951293945312,34.09272766113281,29.659996032714844,130.51535034179688,83.3962631225586
2023-08-15,38.634544372558594,64.95198059082031,40.1014404296875,32.73957061767578,103.5357666015625,82.49844360351562,68.72282409667969,33.744380950927734,29.1784725189209,130.0358123779297,82.25977325439453
2023-08-16,38.37397766113281,64.17654418945312,39.75375747680664,32.69171142578125,102.95809936523438,81.71222686767578,68.56416320800781,33.33185958862305,29.30811309814453,129.0478973388672,81.2408218383789
2023-08-17,38.29817199707031,63.439876556396484,40.229522705078125,32.529022216796875,102.09161376953125,80.93585968017578,67.90147399902344,33.08434295654297,29.24329376220703,128.0216522216797,79.8642807006836
2023-08-18,38.2934455871582,63.06186294555664,40.62752151489258,32.51945114135742,102.28416442871094,81.05870056152344,68.15348052978516,33.17601013183594,29.39608383178711,128.06961059570312,79.68302917480469
2023-08-21,38.29817199707031,63.517417907714844,40.371337890625,32.481170654296875,102.15901184082031,82.60655975341797,67.6961441040039,32.89182662963867,29.21088218688965,128.2039031982422,80.59908294677734
2023-08-22,38.26500701904297,63.517417907714844,40.060264587402344,32.17491912841797,101.9183120727539,82.51319122314453,67.31348419189453,32.9926643371582,29.29422378540039,127.75312042236328,80.71665954589844
2023-08-23,38.326602935791016,64.54488372802734,39.95962142944336,32.4907341003418,102.96772766113281,84.00209045410156,67.76148223876953,33.47852325439453,29.409975051879883,128.1367645263672,81.36328125
2023-08-24,38.165523529052734,63.30418395996094,39.68513488769531,32.37590408325195,101.71613311767578,82.06602478027344,67.22013092041016,33.32268142700195,29.238664627075195,127.02421569824219,79.77119445800781
2023-08-25,38.279232025146484,63.37204360961914,40.06940841674805,32.529022216796875,102.57299041748047,82.90138244628906,67.59346008300781,33.41435623168945,29.460905075073242,127.95454406738281,80.66278076171875
2023-08-28,38.55874252319336,64.14745330810547,40.339317321777344,32.71085739135742,103.41059875488281,83.5794906616211,67.90147399902344,33.680213928222656,29.456275939941406,128.25184631347656,80.98609161376953
2023-08-29,39.19830322265625,65.57233428955078,40.4491081237793,33.00752639770508,104.20006561279297,85.25511169433594,68.14415740966797,34.06521987915039,29.567392349243164,129.4027862548828,83.00926208496094
2023-08-30,39.2883186340332,65.58202362060547,40.650394439697266,33.026676177978516,104.67182159423828,85.8988265991211,68.25615692138672,34.18439865112305,29.43312644958496,129.30686950683594,83.36686706542969
2023-08-31,39.269371032714844,65.64986419677734,40.67784118652344,32.90226364135742,104.20006561279297,86.31651306152344,67.91081237792969,33.93688201904297,29.150693893432617,127.7627182006836,83.62650299072266
2023-09-01,39.70995330810547,65.03919982910156,41.51042556762695,33.198936462402344,104.74884796142578,86.58186340332031,67.33213806152344,33.918556213378906,29.002531051635742,128.10800170898438,83.1170425415039
2023-09-05,38.97563934326172,65.0295181274414,41.730010986328125,32.86397171020508,102.98698425292969,86.89142608642578,66.7534408569336,33.57936096191406,28.558048248291016,126.78441619873047,83.17582702636719
2023-09-06,38.8903694152832,64.82596588134766,41.74831008911133,32.84483337402344,102.54411315917969,85.97254180908203,66.67877197265625,33.515193939208984,28.62287139892578,126.0938491821289,82.43610382080078
2023-09-07,38.7150764465332,64.70965576171875,41.70713424682617,32.75870895385742,102.2071533203125,84.72933197021484,66.83745574951172,33.79021453857422,28.997900009155273,126.65972900390625,82.66635131835938
2023-09-08,38.75297927856445,64.90352630615234,42.10971450805664,32.82569885253906,101.69686889648438,84.9062271118164,66.92146301269531,33.5702018737793,29.252553939819336,126.65972900390625,82.66635131835938
2023-09-11,38.918792724609375,65.88249206542969,41.556175231933594,32.97882080078125,101.72576141357422,85.34848022460938,67.50013732910156,33.58852767944336,29.372934341430664,127.53252410888672,84.89038848876953
2023-09-12,38.82878112792969,65.19429779052734,42.535152435302734,33.198936462402344,101.35990905761719,83.80061340332031,66.92146301269531,33.58852767944336,29.409975051879883,127.36945343017578,84.12129211425781
2023-09-13,38.601383209228516,65.40753936767578,42.21492385864258,33.198936462402344,100.68598175048828,84.01191711425781,67.12678527832031,33.249351501464844,29.76185417175293,127.38865661621094,84.78751373291016
2023-09-14,39.14618682861328,66.31866455078125,42.70899200439453,33.50518035888672,101.67761993408203,84.6212387084961,67.80814361572266,33.85438537597656,30.197084426879883,127.79150390625,85.62030792236328
2023-09-15,38.71034240722656,65.43663024902344,42.09140396118164,33.332923889160156,101.09032440185547,82.99474334716797,67.24813079833984,33.72604751586914,30.067441940307617,126.78441619873047,84.15557861328125
2023-09-18,38.5494384765625,65.48324584960938,42.44810104370117,33.42424392700195,101.20247650146484,83.39363098144531,67.22463989257812,33.43128204345703,30.04503631591797,126.59180450439453,83.24034118652344
2023-09-19,38.51611328125,65.53185272216797,42.05177307128906,33.38578796386719,100.7771224975586,83.34931182861328,67.06490325927734,33.255714416503906,29.881669998168945,126.69773864746094,82.82320404052734
2023-09-20,38.11148452758789,64.63787841796875,41.660064697265625,33.15507888793945,100.38077545166016,82.0394287109375,67.13066101074219,33.320396423339844,29.909677505493164,126.7073745727539,81.99874114990234
2023-09-21,37.34506607055664,63.8410758972168,41.088619232177734,32.607139587402344,98.73741912841797,80.78864288330078,66.26615905761719,32.16536331176758,29.59695053100586,125.599853515625,79.76095581054688
2023-09-22,37.306983947753906,63.763336181640625,41.15774154663086,32.357200622558594,98.3990707397461,80.96100616455078,65.90908813476562,31.9435977935791,29.540939331054688,125.33985137939453,78.97574615478516
2023-09-25,37.60211944580078,63.9188117980957,41.67388916015625,32.43410873413086,98.89209747314453,81.22199249267578,65.6741714477539,31.88814926147461,29.498933792114258,126.02361297607422,79.46159362792969
2023-09-26,37.059444427490234,63.2094612121582,41.43424987792969,32.00152587890625,97.38404083251953,79.75945281982422,65.18553924560547,31.324499130249023,28.616762161254883,124.95463562011719,78.01390075683594
2023-09-27,37.054683685302734,63.374656677246094,42.46653747558594,31.95346450805664,98.10906982421875,79.88257598876953,64.64991760253906,31.047286987304688,28.065994262695312,124.32865905761719,77.71453094482422
2023-09-28,37.45455551147461,64.07428741455078,42.51261901855469,32.18416976928711,98.52474212646484,80.44886779785156,64.84724426269531,31.370698928833008,27.459213256835938,124.92574310302734,78.58316802978516
2023-09-29,37.392677307128906,63.714752197265625,41.65545654296875,31.88616943359375,98.00273132324219,80.7246322631836,64.65931701660156,31.48158073425293,27.505884170532227,123.98197937011719,79.00029754638672
2023-10-02,36.89759826660156,64.19087982177734,40.82594299316406,31.617002487182617,97.04571533203125,81.59131622314453,64.21765899658203,30.90868377685547,26.226978302001953,123.80860900878906,79.0640869140625
2023-10-03,36.79762268066406,63.32606887817383,40.79828643798828,31.117130279541016,96.36903381347656,80.20757293701172,63.75722122192383,30.345029830932617,26.53036880493164,122.71074676513672,77.14036560058594
2023-10-04,37.23081970214844,63.928524017333984,39.517147064208984,31.34784507751465,96.67837524414062,81.20723724365234,64.26465606689453,30.668437957763672,26.502363204956055,123.23078918457031,78.66166687011719
2023-10-05,36.77858352661133,63.8410758972168,39.27290344238281,31.49203872680664,96.10802459716797,81.31554412841797,62.99608612060547,30.890201568603516,26.34833526611328,123.9049072265625,78.26908111572266
2023-10-06,37.12609100341797,65.016845703125,39.507930755615234,31.761198043823242,97.42271423339844,82.83716583251953,62.64839172363281,31.01032829284668,26.721738815307617,125.20501708984375,78.8187255859375
2023-10-09,37.1736946105957,65.71646881103516,40.82594299316406,31.780433654785156,98.9500732421875,83.26558685302734,62.70478820800781,31.416902542114258,26.98778533935547,125.63838195800781,78.90214538574219
2023-10-10,37.56880187988281,66.09542846679688,40.876625061035156,32.01113510131836,99.5494384765625,83.39363098144531,63.3437614440918,31.527782440185547,27.356523513793945,126.23546600341797,79.76585388183594
2023-10-11,37.65925216674805,66.69788360595703,40.35127258300781,32.0592041015625,100.14877319335938,84.16674041748047,62.91150665283203,32.16536331176758,27.799942016601562,125.67691040039062,80.05047607421875
2023-10-12,37.097530364990234,65.91081237792969,40.397361755371094,31.85732650756836,99.24009704589844,84.24553680419922,62.22554016113281,31.74030303955078,27.370527267456055,124.59830474853516,79.17697143554688
2023-10-13,36.95948028564453,65.17231750488281,41.286781311035156,31.92462158203125,98.36040496826172,83.03907012939453,62.770565032958984,31.731067657470703,27.678585052490234,125.37835693359375,78.01390075683594
2023-10-16,37.321266174316406,66.22176361083984,41.56328201293945,32.26108169555664,99.40442657470703,83.8368148803711,63.41893005371094,32.054473876953125,27.963306427001953,126.3221435546875,79.27510833740234
2023-10-17,37.68781661987305,66.45497131347656,41.9964714050293,32.414886474609375,99.71377563476562,83.44778442382812,63.69144821166992,31.88814926147461,27.88862419128418,126.1488037109375,79.46159362792969
2023-10-18,36.71194076538086,65.30835723876953,42.378971099853516,31.85732650756836,97.30673217773438,82.59095001220703,63.92636489868164,31.185894012451172,27.64591407775879,125.05094909667969,77.59675598144531
2023-10-19,36.28350830078125,65.24031829833984,42.30524826049805,31.434364318847656,96.40769958496094,82.11821746826172,63.45652389526367,30.418949127197266,27.370527267456055,123.8182601928711,75.61415100097656
2023-10-20,35.84555435180664,64.63787841796875,41.595550537109375,30.953716278076172,95.41200256347656,80.72956085205078,63.21219253540039,30.261865615844727,27.085803985595703,123.32708740234375,74.44127655029297
2023-10-23,35.445674896240234,64.97798156738281,40.9227180480957,30.76145362854004,94.96734619140625,80.82312774658203,63.09003829956055,30.003141403198242,26.857099533081055,122.55667114257812,74.52958679199219
2023-10-24,35.864593505859375,65.74562072753906,40.34666061401367,30.972936630249023,95.68268585205078,81.37956237792969,63.625667572021484,30.38199234008789,27.547895431518555,122.93223571777344,75.3246078491211
2023-10-25,35.445674896240234,62.898529052734375,40.27293014526367,30.857580184936523,94.45499420166016,80.41931915283203,63.8417854309082,29.744409561157227,27.701923370361328,121.83438110351562,73.80328369140625
2023-10-26,35.6932258605957,61.528411865234375,39.959556579589844,30.7902889251709,94.05866241455078,78.88291931152344,63.4283332824707,30.372745513916016,27.939970016479492,120.63057708740234,72.65003204345703
2023-10-27,35.678932189941406,61.30492401123047,39.001007080078125,30.232742309570312,93.22730255126953,79.34088134765625,62.5638313293457,29.892253875732422,27.41253662109375,118.58892059326172,73.41069030761719
2023-10-30,36.04548645019531,62.568145751953125,39.13004684448242,30.77106285095215,94.3873291015625,80.19281005859375,63.54109573364258,29.984655380249023,27.622575759887695,119.25342559814453,74.08301544189453
2023-10-31,36.207340240478516,62.88880920410156,39.25907516479492,31.10751724243164,95.0833511352539,80.76402282714844,63.76661682128906,30.585275650024414,27.860620498657227,119.93717956542969,74.6424789428711
2023-11-01,36.226383209228516,63.81193161010742,39.166908264160156,31.309389114379883,95.39268493652344,82.32502746582031,63.70083999633789,30.742359161376953,28.178014755249023,120.18758392333984,75.56507110595703
2023-11-02,36.92615509033203,64.65731048583984,40.35127258300781,32.04959487915039,97.35505676269531,83.71863555908203,64.52775573730469,31.694110870361328,28.705448150634766,122.09440612792969,77.53787994384766
2023-11-03,37.506919860839844,65.64844512939453,39.94573211669922,32.472557067871094,98.21540832519531,84.58037567138672,64.60293579101562,32.44257354736328,28.87347984313965,122.70112609863281,78.62732696533203
2023-11-06,37.321266174316406,65.47354888916016,39.49409866333008,32.37643051147461,97.95439910888672,85.13683319091797,64.70629119873047,31.99903678894043,28.798797607421875,123.51969909667969,78.72547149658203
2023-11-07,36.597686767578125,65.8233642578125,38.618507385253906,32.328369140625,97.71273040771484,86.06753540039062,64.86605072021484,31.731067657470703,28.588756561279297,123.60638427734375,79.6039047241211
2023-11-08,36.71194076538086,65.51241302490234,38.134620666503906,32.366817474365234,97.93506622314453,86.5550537109375,64.6123275756836,31.915870666503906,28.378719329833984,123.43302154541016,79.39289093017578
2023-11-09,36.39775085449219,65.49298858642578,38.01941680908203,32.232234954833984,97.72238159179688,86.1512451171875,64.3492202758789,31.426137924194336,28.00531578063965,120.88096618652344,77.91082763671875
2023-11-10,36.82619094848633,66.53270721435547,38.43878173828125,32.5975227355957,99.13375854492188,88.40167999267578,64.8002700805664,31.77726936340332,28.15467643737793,121.60326385498047,79.20640563964844
2023-11-13,36.77382278442383,66.38695526123047,38.71528625488281,32.549461364746094,99.22076416015625,87.88461303710938,65.00700378417969,31.509302139282227,27.818613052368164,122.3062515258789,79.5450210571289
2023-11-14,37.859188079833984,67.46553802490234,39.06092071533203,33.164695739746094,101.2121353149414,89.64259338378906,65.6741714477539,33.209510803222656,28.929489135742188,123.13449096679688,82.22449493408203
2023-11-15,38.02579879760742,67.7959213256836,38.987178802490234,33.34733963012695,101.4248046875,89.75586700439453,66.20039367675781,33.28342819213867,28.840805053710938,123.23078918457031,82.32263946533203
2023-11-16,38.140052795410156,68.09716796875,38.22679138183594,33.48192596435547,101.44413757324219,90.2039794921875,65.38285827636719,33.27419662475586,28.99483299255371,123.76045227050781,81.47854614257812
2023-11-17,38.21145248413086,68.0874252319336,39.028656005859375,33.65495681762695,102.09183502197266,90.01685333251953,65.29828643798828,33.23723602294922,29.074182510375977,123.51007080078125,82.02328491210938
2023-11-20,38.278099060058594,68.85509490966797,39.08395767211914,33.78953552246094,102.40115356445312,91.32179260253906,65.25132751464844,33.4959602355957,28.98550033569336,124.26123809814453,82.44532775878906
2023-11-21,38.42567443847656,68.62186431884766,38.996402740478516,33.77031326293945,102.32383728027344,90.58313751220703,65.4486312866211,33.32963562011719,29.046180725097656,125.01240539550781,82.23429870605469
2023-11-22,38.449466705322266,69.18545532226562,38.97797393798828,33.90489196777344,102.5461654663086,90.98694610595703,65.91848754882812,33.43128204345703,29.186203002929688,125.60948944091797,82.48458099365234
2023-11-24,38.616085052490234,68.9522476196289,39.139259338378906,34.01063537597656,102.7975082397461,90.8096694946289,66.16279602050781,33.56064224243164,29.260887145996094,126.28363800048828,82.56311798095703
2023-11-27,38.568485260009766,68.52471160888672,39.001007080078125,33.8952751159668,102.21749877929688,90.80474090576172,65.97486877441406,33.68076705932617,29.30756187438965,125.4939193725586,82.69561004638672
2023-11-28,38.6446533203125,68.68989562988281,39.010223388671875,33.885658264160156,101.97582244873047,90.97710418701172,66.27556610107422,33.865570068359375,29.40091323852539,124.84870910644531,83.171630859375
2023-11-29,38.84458541870117,68.19432830810547,38.71989440917969,34.12599182128906,102.36250305175781,91.0460433959961,65.73993682861328,34.124298095703125,29.16753578186035,124.88719940185547,82.94589233398438
2023-11-30,39.23017501831055,67.7959213256836,38.97797393798828,34.510501861572266,103.48385620117188,91.17900085449219,66.39772033691406,34.4015007019043,29.29355812072754,126.45697784423828,82.82811737060547
2023-12-01,39.67764663696289,67.93196868896484,39.18073654174805,34.77004623413086,105.1175537109375,91.38582611083984,66.67021942138672,35.12224197387695,29.65296173095703,126.957763671875,83.96173858642578
2023-12-04,39.21589279174805,67.25175476074219,39.001007080078125,34.731605529785156,105.29155731201172,90.2729263305664,66.75479125976562,35.31629180908203,29.536270141601562,127.19852447509766,83.64274597167969
2023-12-05,38.677974700927734,66.9408187866211,38.3189582824707,34.55857467651367,104.44087982177734,90.8145980834961,66.22858428955078,35.168453216552734,29.32623291015625,127.03479766845703,83.78997039794922
2023-12-06,38.597042083740234,66.76590728759766,37.747520446777344,34.38554000854492,104.9048843383789,90.04640197753906,66.0594482421875,35.0483283996582,29.718305587768555,127.131103515625,83.91266632080078
2023-12-07,38.85886764526367,68.1651611328125,37.48944854736328,34.5489501953125,105.00155639648438,91.13959503173828,66.34133911132812,35.094520568847656,29.65296173095703,126.9770278930664,84.60460662841797
2023-12-08,39.00167465209961,68.48583984375,37.894996643066406,34.731605529785156,105.3302230834961,91.91765594482422,65.88089752197266,35.02060317993164,29.59695053100586,127.18891906738281,84.99229431152344
2023-12-11,39.277774810791016,67.96112060546875,37.94107437133789,34.94308853149414,106.3355941772461,92.72029113769531,66.51048278808594,35.14072799682617,29.788318634033203,128.02674865722656,85.2180404663086
2023-12-12,39.50626754760742,68.24291229248047,37.420326232910156,35.19302749633789,106.81892395019531,93.33586120605469,66.72660827636719,35.1314811706543,29.666963577270508,128.57566833496094,85.48303985595703
2023-12-13,39.9870719909668,68.88422393798828,37.94107437133789,35.76018524169922,108.00794982910156,94.15821075439453,67.93879699707031,36.406646728515625,30.787174224853516,130.94476318359375,86.60194396972656
2023-12-14,40.64876174926758,69.18545532226562,39.05630874633789,36.115867614746094,109.39997863769531,93.92677307128906,66.94273376464844,37.4138298034668,30.385766983032227,130.30914306640625,87.76500701904297
2023-12-15,40.544036865234375,69.01055145263672,38.84893035888672,35.904380798339844,109.25496673583984,94.3995132446289,66.94273376464844,36.9610595703125,29.858333587646484,129.20164489746094,87.94659423828125
2023-12-18,40.60682678222656,69.86190795898438,39.16624450683594,36.024173736572266,109.2501220703125,94.68180847167969,67.63957214355469,36.85926818847656,29.790956497192383,129.4125213623047,88.4922866821289
2023-12-19,40.980735778808594,70.57299041748047,39.63615798950195,36.29467010498047,110.0957260131836,95.04207611083984,67.77214050292969,37.11140823364258,29.960573196411133,130.28314208984375,89.18547821044922
2023-12-20,40.35276794433594,70.02749633789062,39.26860046386719,35.64741897583008,108.3170166015625,93.6059341430664,66.45606994628906,36.64448547363281,29.352787017822266,128.3968048095703,87.55821228027344
2023-12-21,40.77939224243164,70.71910858154297,39.42214584350586,35.99518966674805,109.43478393554688,94.65713500976562,66.92001342773438,36.95265197753906,29.40460968017578,129.9639129638672,88.89051055908203
2023-12-22,41.03346633911133,70.72885131835938,39.538455963134766,36.072479248046875,109.95964813232422,94.780517578125,67.43128204345703,37.10206985473633,29.50355339050293,130.612060546875,88.23665618896484
2023-12-26,41.22521209716797,71.00159454345703,39.87809753417969,36.217384338378906,110.73724365234375,95.17533874511719,67.71532440185547,37.37289047241211,29.682592391967773,130.90225219726562,88.61029052734375
2023-12-27,41.32587432861328,71.0113296508789,39.701297760009766,36.33331298828125,110.9024658203125,95.1703872680664,68.02776336669922,37.587677001953125,29.663745880126953,131.4536590576172,88.91510009765625
2023-12-28,41.16768264770508,71.2061538696289,39.09645080566406,36.439579010009766,110.93163299560547,95.28390502929688,68.05616760253906,37.82114028930664,29.875764846801758,131.792236328125,88.45297241210938
2023-12-29,41.00470733642578,70.7775650024414,39.0080451965332,36.32365036010742,110.79554748535156,94.99271392822266,68.19818878173828,37.410247802734375,29.838075637817383,131.9276580810547,87.90725708007812
2024-01-02,40.932796478271484,70.37816619873047,39.42679214477539,36.478214263916016,109.67777252197266,92.50537872314453,68.96509552001953,37.755767822265625,30.271535873413086,134.24929809570312,87.09117126464844
2024-01-03,40.491783142089844,70.11518096923828,40.06886291503906,36.16908264160156,108.04486083984375,91.56275939941406,68.42542266845703,36.85926818847656,30.38460922241211,134.02682495117188,85.33116149902344
2024-01-04,40.36235427856445,69.88137817382812,39.366310119628906,36.31399154663086,108.18094635009766,90.89155578613281,68.33074188232422,36.7658805847168,30.290382385253906,134.6942901611328,84.73138427734375
2024-01-05,40.429466247558594,70.17362213134766,39.39887237548828,36.468563079833984,108.30729675292969,90.86688995361328,68.17926025390625,36.69117736816406,30.403451919555664,134.57818603515625,84.8641128540039
2024-01-08,40.60203170776367,71.26460266113281,38.942909240722656,36.70041275024414,109.01683807373047,93.14696502685547,68.68106079101562,37.195457458496094,30.624897003173828,135.76803588867188,86.30947875976562
2024-01-09,40.13705825805664,71.11849212646484,38.319454193115234,36.468563079833984,108.6766357421875,93.29501342773438,68.8609619140625,36.93397521972656,30.37518310546875,135.7487030029297,85.98992919921875
2024-01-10,40.08432388305664,71.78086853027344,37.942588806152344,36.526527404785156,109.23065948486328,94.08956909179688,68.71893310546875,36.990013122558594,30.37047576904297,136.36778259277344,86.67821502685547
2024-01-11,39.964481353759766,71.54708099365234,38.04029083251953,36.39126968383789,108.97795104980469,94.56829833984375,68.70946502685547,36.64448547363281,29.663745880126953,136.2710418701172,86.56513214111328
2024-01-12,40.00283432006836,71.89775085449219,38.46834182739258,36.32365036010742,108.9682388305664,94.87428283691406,68.92723846435547,36.92463684082031,29.83336067199707,135.93246459960938,85.52288818359375
2024-01-16,39.54264450073242,71.48863983154297,37.55176544189453,36.072479248046875,107.86991119384766,95.11116790771484,68.54850769042969,36.70051574707031,29.508264541625977,135.11990356445312,85.42456817626953
2024-01-17,39.25502014160156,71.05030059814453,37.24003219604492,36.00485610961914,107.14092254638672,94.64232635498047,68.50116729736328,36.028141021728516,29.07951545715332,134.8490447998047,84.67729187011719
2024-01-18,39.37965774536133,71.91724395751953,37.17954635620117,36.06281280517578,108.58915710449219,96.56211853027344,68.41596984863281,35.794677734375,28.768556594848633,134.8297119140625,85.15908813476562
2024-01-19,39.41801452636719,72.89134216308594,37.300514221191406,36.64244842529297,109.29871368408203,98.78788757324219,68.21712493896484,36.14019775390625,28.730867385864258,134.9071044921875,85.98009490966797
2024-01-22,39.53305435180664,73.03744506835938,37.44010543823242,36.816341400146484,110.14433288574219,99.2221908569336,67.88574981689453,36.30830001831055,28.584806442260742,135.49717712402344,85.60154724121094
2024-01-23,39.66248321533203,73.75828552246094,37.51918411254883,36.874298095703125,110.0568618774414,99.6219482421875,68.62425231933594,36.112186431884766,28.636632919311523,135.4004364013672,85.39505767822266
2024-01-24,39.1255989074707,74.21611022949219,38.05424499511719,37.01921463012695,109.37647247314453,100.30792999267578,67.7815933227539,35.61724090576172,28.24557876586914,134.16224670410156,85.0705795288086
2024-01-25,39.53785705566406,75.4239730834961,38.910343170166016,37.202754974365234,110.42620086669922,100.72743225097656,68.43489074707031,36.102848052978516,28.754419326782227,133.95907592773438,84.01851654052734
2024-01-26,39.5522346496582,75.66749572753906,39.198814392089844,37.3380126953125,110.25125122070312,99.56765747070312,68.76627349853516,35.944095611572266,28.839231491088867,134.72329711914062,84.40198516845703
2024-01-29,39.74876403808594,76.30065155029297,39.142982482910156,37.43461227416992,110.97050476074219,100.48068237304688,69.1639404296875,36.20556640625,29.022979736328125,135.6713104248047,85.6359634399414
2024-01-30,39.93092727661133,75.78439331054688,39.547760009765625,37.90798568725586,111.00939178466797,99.65155792236328,69.55211639404297,35.86937713623047,29.01355743408203,135.98089599609375,85.58679962158203
2024-01-31,39.40842056274414,73.91412353515625,38.807987213134766,37.444278717041016,109.72637176513672,97.55902099609375,69.04084777832031,35.60790252685547,28.95230484008789,135.79705810546875,84.02835083007812
2024-02-01,40.065155029296875,74.67391967773438,38.8033332824707,37.50223922729492,111.59256744384766,98.78788757324219,70.45158386230469,36.23358154296875,29.50355339050293,137.5576629638672,85.64579010009766
2024-02-02,39.830265045166016,77.67411804199219,38.85915756225586,37.65680694580078,112.34100341796875,99.80947875976562,70.22434997558594,35.775997161865234,28.971153259277344,137.35450744628906,87.17475891113281
2024-02-05,38.81880187988281,76.5831527709961,38.76145553588867,37.43461227416992,111.72864532470703,100.0364990234375,69.78881072998047,35.06626892089844,28.368078231811523,137.7801055908203,85.9457015991211
2024-02-06,39.504302978515625,76.349365234375,38.887081146240234,37.51190185546875,112.72978210449219,99.5775375366211,69.94976806640625,35.598567962646484,28.47172737121582,139.279541015625,86.4668197631836
2024-02-07,39.820674896240234,76.739013671875,38.9661750793457,37.79205322265625,113.47820281982422,100.89521789550781,69.88349151611328,35.57987976074219,28.49057388305664,139.65676879882812,87.43531036376953
2024-02-08,39.7679443359375,77.03123474121094,39.366310119628906,37.64714813232422,113.49765014648438,101.21107482910156,69.86457061767578,35.775997161865234,28.287982940673828,139.4149627685547,87.81877136230469
2024-02-09,39.85422897338867,77.11888122558594,38.76145553588867,37.753414154052734,113.67259216308594,102.57318878173828,69.22074127197266,35.86937713623047,28.396345138549805,139.3085479736328,88.44312286376953
2024-02-12,40.17061233520508,77.36239624023438,39.18950653076172,37.927303314208984,113.83784484863281,101.79342651367188,69.71308135986328,35.757320404052734,28.726154327392578,139.4923553466797,88.36940002441406
2024-02-13,39.60496520996094,76.27144622802734,38.794029235839844,37.41529083251953,112.67146301269531,100.06611633300781,68.96509552001953,35.10362243652344,28.250288009643555,138.1960906982422,86.60938262939453
2024-02-14,39.85902786254883,77.48904418945312,38.75680923461914,37.77273178100586,114.55709838867188,101.11237335205078,68.83255004882812,35.33708572387695,28.405771255493164,139.39561462402344,87.52379608154297
2024-02-15,40.61162185668945,78.12220764160156,39.83622741699219,38.41999435424805,115.41243743896484,100.900146484375,69.27754211425781,36.1868896484375,28.881635665893555,140.41131591796875,88.53654479980469
2024-02-16,40.82733154296875,76.90458679199219,39.81296157836914,38.28474426269531,114.72232818603516,99.97235107421875,69.3816909790039,35.81334686279297,28.848651885986328,140.86598205566406,88.01051330566406
2024-02-20,40.741050720214844,76.78771209716797,39.45005416870117,38.1784782409668,114.36270904541016,98.9556884765625,70.11073303222656,35.757320404052734,28.829805374145508,140.39199829101562,87.17965698242188
2024-02-21,40.96635055541992,76.70003509521484,40.18982696533203,38.29439926147461,114.81953430175781,98.33385467529297,70.36637878417969,36.018798828125,29.211437225341797,140.70152282714844,87.82368469238281
2024-02-22,41.37860107421875,77.84947204589844,40.25962448120117,38.73878479003906,116.23860931396484,101.55160522460938,70.5841293334961,36.112186431884766,28.985286712646484,142.355712890625,89.52962493896484
2024-02-23,41.623077392578125,77.65464782714844,39.994415283203125,38.9319953918457,116.85096740722656,101.3147201538086,70.80189514160156,36.15887451171875,29.192590713500977,143.03285217285156,89.1264877319336
2024-02-26,41.37380599975586,76.52469635009766,40.133995056152344,38.73878479003906,116.6760025024414,101.41342163085938,70.51786804199219,35.74797439575195,28.61779022216797,142.2976837158203,89.40180206298828
2024-02-27,41.5272102355957,77.14811706542969,39.96184539794922,38.845054626464844,116.85096740722656,101.50225067138672,70.52732849121094,35.775997161865234,29.15961265563965,141.9494171142578,89.69677734375
2024-02-28,41.65663528442383,76.62211608886719,39.88275146484375,38.98996353149414,117.24947357177734,101.02354431152344,70.60306549072266,36.23358154296875,29.24913215637207,141.24327087402344,90.05072784423828
2024-02-29,41.973018646240234,77.30397033691406,40.07816696166992,38.970645904541016,117.60910034179688,102.14876556396484,70.48944854736328,36.52307891845703,29.258554458618164,140.0921173095703,90.66036224365234
2024-03-01,42.16476058959961,77.9468765258789,40.543426513671875,38.922340393066406,118.1145248413086,104.0142593383789,70.4989242553711,36.92463684082031,29.07951545715332,141.5625,90.96025848388672
2024-03-04,42.47154998779297,76.924072265625,40.11073684692383,39.018943786621094,118.54219818115234,104.0142593383789,70.55572509765625,37.344879150390625,29.569515228271484,141.34967041015625,89.73119354248047
2024-03-05,42.24624252319336,76.30065155029297,40.40850067138672,39.02860641479492,117.57022094726562,101.45783233642578,70.72614288330078,36.86860656738281,29.48470687866211,140.2952423095703,88.6152114868164
2024-03-06,42.557838439941406,76.4078140258789,40.53412628173828,39.231483459472656,118.18257141113281,102.26228332519531,71.32264709472656,37.07405471801758,29.767398834228516,141.25294494628906,88.30056762695312
2024-03-07,43.080345153808594,77.64491271972656,40.87842559814453,39.17351531982422,119.1351089477539,103.87609100341797,71.72976684570312,37.07405471801758,29.960573196411133,141.91075134277344,88.97409057617188
2024-03-08,42.83106994628906,77.52802276611328,41.02265930175781,39.24113845825195,118.87267303466797,102.33137512207031,71.16168975830078,37.512962341308594,30.035953521728516,141.6495361328125,88.64469146728516
2024-03-11,43.31523513793945,77.38190460205078,41.44605255126953,39.30875778198242,118.26033020019531,102.05006408691406,71.54988098144531,37.32619857788086,30.186721801757812,141.57215881347656,88.40380859375
2024-03-12,43.3104362487793,78.06375885009766,41.38091278076172,39.472991943359375,118.78520202636719,104.142578125,71.91912841796875,37.23280715942383,29.894611358642578,142.2299346923828,89.16582489013672
2024-03-13,43.7370719909668,78.20013427734375,42.041595458984375,39.76280212402344,119.10594177246094,103.01736450195312,72.0990219116211,36.99934768676758,30.097206115722656,141.67857360839844,88.97901153564453
2024-03-14,43.506980895996094,78.01506042480469,42.47429656982422,39.444007873535156,118.60051727294922,103.03710174560547,71.54039764404297,36.47638702392578,29.85692024230957,141.17555236816406,88.41363525390625
2024-03-15,43.52614974975586,77.23577880859375,42.599910736083984,39.405372619628906,118.61996459960938,101.48251342773438,71.51200103759766,36.45771026611328,29.899322509765625,140.61447143554688,87.53363800048828
2024-03-18,43.605525970458984,78.8219985961914,42.7471923828125,39.63130187988281,118.8305435180664,101.9813003540039,71.97172546386719,36.45206832885742,30.037084579467773,140.5979766845703,88.20221710205078
2024-03-19,43.6103401184082,78.79268646240234,43.23497772216797,39.82524108886719,119.85428619384766,102.51023864746094,72.23877716064453,36.45206832885742,30.303112030029297,141.5299835205078,88.96589660644531
2024-03-20,44.048126220703125,79.72058868408203,43.174007415771484,40.300392150878906,121.2972640991211,103.65708923339844,72.45814514160156,36.602500915527344,30.34111213684082,141.2095947265625,90.2912368774414
2024-03-21,44.23093795776367,79.74988555908203,43.43197250366211,40.63009262084961,122.4964828491211,103.73123168945312,72.49629974365234,36.74353790283203,30.29361343383789,141.39407348632812,90.81843566894531
2024-03-22,43.95671844482422,79.91593170166016,43.338165283203125,40.16463088989258,122.07723999023438,103.7658462524414,72.14340209960938,36.311031341552734,30.336362838745117,141.1999053955078,90.02519226074219
2024-03-25,43.97115707397461,79.64244842529297,43.74153137207031,40.009483337402344,121.28750610351562,103.07872009277344,71.94310760498047,36.17000961303711,30.478879928588867,141.0057373046875,89.72955322265625
2024-03-26,43.93748092651367,79.47640991210938,43.403831481933594,40.145240783691406,120.84876251220703,102.6535873413086,71.98126220703125,36.01957321166992,30.132095336914062,141.520263671875,89.84288787841797
2024-03-27,44.56769943237305,79.88663482666016,43.80719757080078,40.62039566040039,122.78897857666016,103.17759704589844,72.73473358154297,36.931575775146484,30.97292137145996,143.40374755859375,90.88248443603516
2024-03-28,44.68797302246094,79.7596664428711,44.280914306640625,40.843414306640625,122.8084716796875,102.95514678955078,72.83010864257812,37.166629791259766,31.186695098876953,143.4231414794922,90.60164642333984
2024-04-01,44.58212661743164,80.375,44.60922622680664,40.62039566040039,121.86273956298828,103.24185943603516,72.2483139038086,36.517879486083984,30.996675491333008,142.1998748779297,89.92665100097656
2024-04-02,44.41856384277344,80.24801635742188,45.23303985595703,40.40705108642578,121.2972640991211,102.24823760986328,71.8763427734375,36.11358642578125,31.048931121826172,139.986328125,88.6012954711914
2024-04-03,44.683162689208984,80.88289642333984,45.542598724365234,40.387664794921875,121.92124938964844,102.52012634277344,71.08470153808594,36.13239669799805,30.9254207611084,139.8310089111328,88.66534423828125
2024-04-04,44.23093795776367,79.7889633178711,45.51445770263672,39.931907653808594,120.84876251220703,100.89871215820312,70.77950286865234,35.85033416748047,30.86366081237793,137.8116455078125,87.62576293945312
2024-04-05,44.63024139404297,80.59963989257812,46.00223922729492,40.31008529663086,122.5257339477539,102.05545043945312,70.89395904541016,36.085384368896484,30.953920364379883,139.04461669921875,88.11353302001953
2024-04-08,44.663909912109375,80.60941314697266,45.71144485473633,40.4846305847168,122.31124114990234,101.93681335449219,70.78904724121094,36.395660400390625,31.158184051513672,138.5980224609375,88.95111083984375
2024-04-09,44.769752502441406,80.69731140136719,45.72551345825195,40.25190734863281,122.02849578857422,102.45092010498047,71.13240051269531,36.856361389160156,31.329204559326172,139.09317016601562,89.3698959350586
2024-04-10,44.072181701660156,80.06244659423828,45.8662223815918,39.65069580078125,120.98526763916016,101.1953125,70.87487030029297,35.34261703491211,30.79240608215332,137.46214294433594,87.9903564453125
2024-04-11,44.03850555419922,80.76568603515625,45.83339309692383,39.369483947753906,121.12176513671875,103.21713256835938,70.70319366455078,35.38022232055664,30.730649948120117,136.89906311035156,88.69982147216797
2024-04-12,43.259151458740234,79.43733215332031,45.0876350402832,38.845855712890625,119.82503509521484,101.54627990722656,69.98786163330078,35.01354217529297,30.49787712097168,134.8602752685547,87.26116943359375
2024-04-15,43.052284240722656,78.4312973022461,44.66551971435547,38.65190887451172,118.96704864501953,99.61837768554688,69.70175170898438,34.40240478515625,30.217601776123047,134.58843994140625,85.8077163696289
2024-04-16,42.720333099365234,78.1675796508789,44.27621841430664,38.39009475708008,118.6940689086914,99.73701477050781,69.73035430908203,33.87588119506836,29.81856346130371,134.636962890625,85.31996154785156
2024-04-17,42.816551208496094,78.09921264648438,44.14958190917969,38.487060546875,118.07981872558594,98.29850769042969,69.98786163330078,33.59381866455078,30.440876007080078,134.4039764404297,84.90608978271484
2024-04-18,42.83097839355469,78.4801254272461,44.0135612487793,38.62282943725586,117.67033386230469,97.1763687133789,70.31216430664062,33.60322570800781,30.61189079284668,134.39425659179688,84.37890625
2024-04-19,42.79730987548828,77.62062072753906,44.54357147216797,39.15616226196289,117.45584106445312,95.17430114746094,70.99886322021484,33.73485565185547,31.08218002319336,134.8990936279297,83.63986206054688
2024-04-22,42.840606689453125,77.72807312011719,44.8343620300293,39.63130187988281,118.34306335449219,96.02457427978516,71.67606353759766,34.00751495361328,31.367210388183594,135.41366577148438,84.00938415527344
2024-04-23,42.47016906738281,78.90990447998047,45.08295440673828,39.883426666259766,119.99078369140625,97.4482421875,71.8763427734375,34.31778335571289,31.514474868774414,137.1806182861328,85.00955200195312
2024-04-24,42.4990348815918,78.95873260498047,45.11578369140625,39.87372589111328,119.0353012084961,97.89315032958984,72.41999053955078,34.44941711425781,31.704490661621094,136.75341796875,85.82249450683594
2024-04-25,42.8021240234375,76.145751953125,45.3221549987793,39.64100646972656,119.39604187011719,97.68058776855469,72.2483139038086,34.25196838378906,31.78999900817871,135.8408203125,85.89640045166016
2024-04-26,43.06671905517578,78.2457275390625,44.90472412109375,39.582820892333984,119.59105682373047,98.78295135498047,72.095703125,34.28017807006836,31.443218231201172,135.87966918945312,86.66993713378906
2024-04-29,43.427528381347656,77.3373794555664,45.20958709716797,39.52463150024414,120.3905258178711,99.20807647705078,72.32462310791016,34.66566467285156,31.870756149291992,136.3359375,88.68505859375
2024-04-30,42.63854217529297,76.04808044433594,43.86348342895508,39.13676071166992,118.47956085205078,97.02312469482422,72.0098648071289,34.02631378173828,31.704490661621094,136.23887634277344,86.52706146240234
2024-05-01,42.85984802246094,76.75132751464844,43.16462326049805,39.13676071166992,118.18706512451172,96.02950286865234,71.55205535888672,34.04511642456055,32.07027816772461,136.48158264160156,85.98509979248047
2024-05-02,42.63854217529297,77.52295684814453,43.413211822509766,39.233734130859375,118.86954498291016,97.41365051269531,72.15293884277344,34.53403091430664,32.241294860839844,136.38449096679688,87.06901550292969
2024-05-03,43.07152557373047,78.3434066772461,43.41789627075195,39.32100296020508,119.69828033447266,100.12753295898438,72.37229919433594,34.806697845458984,32.49782180786133,136.7242889404297,87.65532684326172
2024-05-06,43.3313102722168,79.40803527832031,43.76029586791992,39.82524108886719,120.90725708007812,101.3040542602539,72.41045379638672,34.816097259521484,32.664085388183594,137.2776641845703,88.59143829345703
2024-05-07,43.846073150634766,79.49592590332031,43.718074798583984,39.96099853515625,121.2387466430664,100.97284698486328,73.20208740234375,35.182777404785156,33.03462219238281,138.41357421875,87.95586395263672
2024-05-08,43.644020080566406,79.36896514892578,43.666481018066406,40.1064567565918,121.2387466430664,101.25955963134766,72.98271942138672,34.85370635986328,33.38139724731445,137.93785095214844,87.62576293945312
2024-05-09,44.129913330078125,79.76941680908203,44.252769470214844,40.40705108642578,122.4477310180664,101.22989654541016,73.6122055053711,35.68109130859375,33.88969802856445,139.122314453125,88.221923828125
2024-05-10,44.182830810546875,79.88663482666016,44.008880615234375,40.56221008300781,122.53546905517578,101.60559844970703,74.03187561035156,35.549461364746094,33.8564453125,139.40382385253906,87.74893951416016
2024-05-13,44.15397262573242,79.7401123046875,43.89162063598633,40.39735794067383,122.01873779296875,102.08511352539062,73.82205200195312,35.643489837646484,33.8564453125,139.26791381835938,87.63560485839844
2024-05-14,44.197265625,80.10150909423828,43.94790267944336,40.60099411010742,121.98948669433594,102.98973083496094,73.6789779663086,35.89734649658203,33.94670486450195,139.86013793945312,88.0346908569336
2024-05-15,44.27423858642578,80.60941314697266,44.04640197753906,40.90160369873047,122.78897857666016,105.30817413330078,73.7266616821289,36.508480072021484,34.45500564575195,141.937744140625,88.16771697998047
2024-05-16,43.95671844482422,80.55079650878906,43.92445373535156,40.90160369873047,122.0577392578125,104.9423599243164,74.77581024169922,36.442665100097656,34.33623504638672,141.77272033691406,87.59620666503906
2024-05-17,44.33197021484375,80.68755340576172,44.53887939453125,41.202205657958984,122.19425201416016,104.71003723144531,74.59458923339844,36.442665100097656,34.36473846435547,142.04452514648438,88.0445556640625
2024-05-20,44.394508361816406,80.92195892333984,44.24808120727539,40.63978576660156,122.42823791503906,105.94091796875,74.07957458496094,36.217018127441406,34.3077392578125,141.74356079101562,87.3892593383789
2024-05-21,44.394508361816406,80.81450653076172,44.032325744628906,40.90160369873047,122.02849578857422,106.11392974853516,74.5182876586914,36.18881607055664,34.61651611328125,141.98629760742188,87.95093536376953
2024-05-22,43.96152877807617,80.91219329833984,43.18807601928711,40.66887283325195,122.17474365234375,106.3512191772461,74.22261810302734,35.87853240966797,34.207977294921875,142.23867797851562,87.03451538085938
2024-05-23,43.57185363769531,79.99407958984375,42.79409408569336,40.1064567565918,120.73177337646484,105.48612976074219,73.34514617919922,35.11695861816406,33.628421783447266,140.68536376953125,85.62541961669922
2024-05-24,43.951908111572266,81.0196304321289,42.85507583618164,40.348876953125,121.34600067138672,106.37593841552734,73.5359115600586,35.11695861816406,33.96570587158203,140.20962524414062,86.48763275146484
2024-05-28,43.783531188964844,81.15637969970703,43.29594802856445,39.9028205871582,119.86404418945312,106.8257827758789,72.96365356445312,34.91012191772461,33.93244934082031,138.5106658935547,86.2757797241211
2024-05-29,43.15812301635742,80.72662353515625,42.53144073486328,39.582820892333984,118.16756439208984,106.14854431152344,72.4390640258789,34.5810432434082,33.495418548583984,137.43301391601562,85.70918273925781
2024-05-30,43.50931930541992,80.462890625,42.65338897705078,39.796146392822266,118.97679901123047,103.7262954711914,72.62982177734375,35.0793571472168,33.94670486450195,137.50100708007812,86.21665954589844
2024-05-31,44.033695220947266,81.32241821289062,43.7133903503418,40.377967834472656,120.4197769165039,103.8894271850586,73.76480865478516,35.775115966796875,34.54526138305664,139.5106201171875,86.69950866699219
2024-06-03,43.77390670776367,81.64472961425781,42.56896209716797,40.1258430480957,118.94755554199219,104.15142822265625,73.73619079589844,35.63408660888672,34.15097427368164,140.49118041992188,86.66007995605469
2024-06-04,43.28801727294922,81.95728302001953,42.16090774536133,39.94160842895508,118.65506744384766,104.36894226074219,74.3752212524414,35.972557067871094,34.13671875,140.89894104003906,86.74877166748047
2024-06-05,43.58628463745117,82.95356750488281,42.15621566772461,40.05796813964844,119.85428619384766,106.68736267089844,74.21308898925781,35.9255485534668,33.941951751708984,141.53968811035156,87.25624084472656
2024-06-06,43.63439178466797,83.00240325927734,42.37666702270508,40.038570404052734,119.14254760742188,106.33145141601562,74.4419937133789,35.981964111328125,33.59041976928711,142.0056915283203,87.8918228149414
2024-06-07,43.19660186767578,82.43589782714844,42.20780563354492,40.222816467285156,119.26930236816406,106.57861328125,74.07001495361328,35.69989776611328,33.224639892578125,142.16102600097656,87.53215789794922
2024-06-10,43.1533088684082,82.6410140991211,42.52675247192383,40.067665100097656,119.6397933959961,106.85049438476562,74.01278686523438,35.87853240966797,33.65217590332031,142.685302734375,87.81298828125
2024-06-11,43.13887405395508,82.79728698730469,42.44232177734375,39.61191177368164,118.9572982788086,108.83772277832031,73.97464752197266,35.76571273803711,33.44791030883789,142.0930938720703,87.58142852783203
2024-06-12,43.22065734863281,82.62146759033203,41.987361907958984,39.573123931884766,120.08828735351562,111.24512481689453,73.1639404296875,36.01957321166992,33.22938537597656,141.79214477539062,88.49290466308594
2024-06-13,43.20623016357422,81.90846252441406,41.60276412963867,39.544029235839844,119.31804656982422,112.12505340576172,73.25931549072266,36.19820785522461,33.305397033691406,141.67562866210938,88.5618896484375
2024-06-14,42.80693054199219,82.17217254638672,41.293209075927734,39.417972564697266,118.11882781982422,112.54522705078125,73.3928451538086,36.226417541503906,33.224639892578125,141.6270751953125,87.86225891113281
2024-06-17,43.12445068359375,82.56285858154297,41.401084899902344,39.76706314086914,119.42529296875,114.25067901611328,74.08910369873047,36.03837966918945,32.85885238647461,141.48143005371094,89.40438842773438
2024-06-18,43.07633590698242,82.07450103759766,41.574623107910156,40.01918029785156,120.06878662109375,114.39404296875,74.18447875976562,36.179405212402344,32.87310028076172,141.66592407226562,89.10385131835938
2024-06-20,43.1196403503418,82.4261245727539,42.33913803100586,40.23251724243164,120.14677429199219,113.10877990722656,74.0223388671875,36.085384368896484,33.15813064575195,142.1318817138672,89.21717071533203
2024-06-21,43.12445068359375,82.96331787109375,42.095245361328125,40.07736587524414,119.8932876586914,112.91104888916016,74.07957458496094,36.179405212402344,32.963356018066406,142.52996826171875,89.97098541259766
2024-06-24,43.402381896972656,83.24144744873047,43.15666580200195,40.489166259765625,120.40299224853516,110.14285278320312,74.8694839477539,36.423492431640625,33.39674377441406,143.36134338378906,89.58685302734375
2024-06-25,42.85133361816406,84.17179870605469,43.25595474243164,40.18737030029297,119.37574768066406,112.16327667236328,74.38899993896484,35.910621643066406,33.0806884765625,142.9130096435547,89.22640991210938
2024-06-26,42.82233428955078,84.18158721923828,42.83043670654297,39.93424987792969,119.05289459228516,112.03453826904297,74.23523712158203,35.863136291503906,32.94181442260742,142.40618896484375,90.52005004882812
2024-06-27,42.70148849487305,84.66144561767578,42.929725646972656,39.88557434082031,119.1800765991211,112.0890121459961,73.91812133789062,36.18605041503906,32.99927520751953,142.17225646972656,91.07305145263672
2024-06-28,42.68698501586914,83.88780212402344,43.0952033996582,40.02186965942383,119.22901153564453,112.02957916259766,73.59138488769531,36.48047637939453,32.63054656982422,142.05531311035156,90.06085968017578
2024-07-01,42.029598236083984,83.53524780273438,43.11884307861328,40.10948944091797,117.9473876953125,112.87638854980469,73.07245635986328,36.12907028198242,32.40547180175781,141.25608825683594,90.36698150634766
2024-07-02,42.106937408447266,84.2795181274414,43.08574676513672,40.576786041259766,118.59308624267578,113.44091033935547,73.58177185058594,36.28103256225586,32.57307815551758,140.73953247070312,92.124755859375
2024-07-03,42.42113494873047,84.30889892578125,43.274864196777344,40.45022201538086,119.0235595703125,114.97107696533203,73.45685577392578,36.243038177490234,32.76941680908203,139.6674346923828,92.71231079101562
2024-07-05,42.48880386352539,85.94434356689453,42.5987663269043,40.440486907958984,118.59308624267578,115.32268524169922,74.36016082763672,36.376007080078125,32.82688522338867,140.749267578125,93.46776580810547
2024-07-08,42.61448669433594,85.17068481445312,42.3387336730957,40.333404541015625,118.73983001708984,116.11004638671875,74.24485778808594,36.46148681640625,32.86040115356445,140.59332275390625,93.51219940185547
2024-07-09,42.17945098876953,85.43509674072266,41.9652214050293,40.64493179321289,118.22130584716797,116.01596069335938,74.05265045166016,36.47098922729492,32.956180572509766,141.2755889892578,93.8232650756836
2024-07-10,42.7449951171875,85.9737319946289,42.248897552490234,40.800697326660156,119.27791595458984,117.69964599609375,74.37938690185547,36.727420806884766,33.2674446105957,142.61085510253906,94.52934265136719
2024-07-11,43.32988357543945,84.79855346679688,42.688602447509766,41.12196350097656,120.79431915283203,114.7531967163086,74.10070037841797,37.7056770324707,33.875614166259766,143.61474609375,93.32950592041016
2024-07-12,43.74558639526367,84.52433776855469,42.79734420776367,41.25825881958008,121.48894500732422,115.77826690673828,74.42742156982422,37.981117248535156,34.12464141845703,144.5114288330078,94.54907989501953
2024-07-15,43.63440704345703,84.82793426513672,43.445068359375,41.861846923828125,122.3596420288086,115.98624420166016,73.99500274658203,38.142574310302734,33.296180725097656,144.00460815429688,94.44046020507812
2024-07-16,44.480316162109375,85.05317687988281,43.638919830322266,42.3388786315918,125.41204833984375,115.59999084472656,74.70611572265625,38.50347900390625,33.554771423339844,146.06112670898438,96.13404083251953
2024-07-17,44.38847732543945,83.77027893066406,44.073883056640625,42.66014099121094,123.80758666992188,111.10355377197266,75.6670913696289,38.845401763916016,33.57392883300781,146.723876953125,94.52934265136719
2024-07-18,43.94860076904297,83.72130584716797,44.154258728027344,42.144168853759766,122.83902740478516,111.11345672607422,75.29231262207031,38.52248001098633,33.545196533203125,143.3905792236328,93.56651306152344
2024-07-19,43.55706787109375,83.34918212890625,43.6720085144043,41.71581268310547,122.16399383544922,109.37529754638672,75.04244995117188,38.47498321533203,33.58350372314453,144.12156677246094,92.73206329345703
2024-07-22,43.70207595825195,83.70172882080078,43.39779281616211,41.949462890625,123.40646362304688,111.96520233154297,75.09050750732422,38.854896545410156,33.86603546142578,144.95004272460938,93.75414276123047
2024-07-23,43.876094818115234,83.58421325683594,42.707515716552734,42.02734375,123.17166900634766,111.51952362060547,74.82142639160156,38.78841018676758,33.65533447265625,144.8623046875,93.3344497680664
2024-07-24,43.31538009643555,81.40034484863281,42.71223831176758,41.452964782714844,120.52039337158203,106.90424346923828,74.7541732788086,38.25653839111328,34.03364944458008,146.07089233398438,89.5177230834961
2024-07-25,43.43622589111328,80.460205078125,43.449798583984375,41.608726501464844,121.48894500732422,105.76033020019531,74.66767120361328,38.0475959777832,33.7511100769043,145.33984375,89.16716003417969
2024-07-26,44.146785736083984,81.96834564208984,43.58690643310547,42.26099395751953,123.56300354003906,107.1023178100586,75.42684173583984,38.683937072753906,34.08152770996094,146.15858459472656,90.16454315185547
2024-07-29,44.224124908447266,82.69304656982422,43.21340560913086,42.20258331298828,123.34776306152344,106.62693786621094,75.45567321777344,38.93087387084961,34.234771728515625,146.24632263183594,91.6705093383789
2024-07-30,44.0791130065918,83.02599334716797,43.884765625,42.6893424987793,123.7097396850586,103.94788360595703,74.94635009765625,39.21580505371094,34.411956787109375,146.3730010986328,91.16192626953125
2024-07-31,44.538326263427734,84.01510620117188,44.06916046142578,42.58225631713867,125.08920288085938,108.35022735595703,74.81182861328125,39.12083053588867,34.8573112487793,145.83697509765625,92.57406616210938
2024-08-01,44.359466552734375,84.35787200927734,42.90135955810547,41.978668212890625,122.77055358886719,104.30937957763672,75.50372314453125,39.72867965698242,35.484642028808594,147.32815551757812,90.30279541015625
2024-08-02,43.523231506347656,82.98682403564453,41.795021057128906,40.94673156738281,120.07036590576172,101.37777709960938,76.16680145263672,39.757171630859375,35.5421028137207,147.03578186035156,86.97982788085938
2024-08-05,42.55164337158203,80.60709381103516,40.873069763183594,39.75901794433594,117.98651885986328,98.0005111694336,74.66767120361328,38.60795593261719,34.603511810302734,143.10794067382812,84.52091979980469
2024-08-06,42.7691650390625,81.55703735351562,41.12364959716797,40.40154266357422,119.40510559082031,99.33260345458984,75.18659973144531,39.46274185180664,34.8956184387207,143.77069091796875,85.4541244506836
2024-08-07,42.189109802246094,81.12613677978516,41.28913497924805,40.45022201538086,118.827880859375,97.72319793701172,75.26348114013672,39.17781448364258,35.091957092285156,142.30870056152344,83.96297454833984
2024-08-08,42.8416633605957,82.74199676513672,42.177982330322266,41.10249328613281,121.56720733642578,101.37284088134766,75.94577026367188,39.510231018066406,35.13026809692383,145.4568328857422,85.79480743408203
2024-08-09,42.807830810546875,83.44710540771484,42.27253723144531,41.27772903442383,121.5867691040039,101.82842254638672,76.06109619140625,39.70968246459961,35.24999237060547,146.17807006835938,86.08119201660156
2024-08-12,42.61931228637695,82.86930847167969,42.480567932128906,41.06355285644531,120.97042846679688,102.66036224365234,75.67669677734375,39.47224426269531,35.31224060058594,145.62252807617188,85.74049377441406
2024-08-13,43.0446891784668,83.94656372070312,42.069236755371094,41.4042854309082,122.24224853515625,105.8147964477539,76.02264404296875,39.74767303466797,35.518157958984375,147.3866424560547,87.8883285522461
2024-08-14,43.0446891784668,83.4666976928711,42.315093994140625,41.910518646240234,122.7411880493164,106.39419555664062,76.36859893798828,39.890132904052734,35.49421691894531,147.91293334960938,87.41926574707031
2024-08-15,43.72624588012695,84.22075653076172,42.820980072021484,42.2999382019043,124.39456939697266,109.45452880859375,77.15660095214844,39.77616500854492,35.48942565917969,148.83888244628906,90.20897674560547
2024-08-16,43.779422760009766,84.47538757324219,42.773704528808594,42.61146926879883,124.2184829711914,109.63774871826172,77.36801147460938,39.757171630859375,35.647457122802734,148.9948272705078,90.4212875366211
2024-08-19,43.987274169921875,85.43509674072266,43.062110900878906,42.84510803222656,124.9717788696289,111.44524383544922,77.62747192382812,39.99460983276367,35.882102966308594,149.9012451171875,91.5322494506836
2024-08-20,43.8277587890625,85.3763427734375,41.927398681640625,42.70881652832031,124.6293716430664,111.05403137207031,78.01185607910156,40.0326042175293,35.805484771728516,150.50552368164062,91.44831085205078
2024-08-21,44.33047103881836,85.73869323730469,41.998321533203125,42.64067077636719,125.38269805908203,111.70770263671875,78.54042053222656,40.16557312011719,36.059288024902344,150.75894165039062,92.60369873046875
2024-08-22,44.23863220214844,85.09235382080078,42.1070556640625,42.88405227661133,125.22615814208984,109.13760375976562,78.42507934570312,40.412506103515625,36.01618957519531,150.85641479492188,91.0039291381836
2024-08-23,44.82352066040039,85.68972778320312,42.73588180541992,43.25400161743164,126.4784164428711,110.90547943115234,78.64610290527344,41.19131851196289,36.11674880981445,151.5093994140625,92.76168823242188
2024-08-26,45.021697998046875,85.88557434082031,43.11884307861328,43.39028549194336,126.34143829345703,109.51394653320312,79.20347595214844,41.16282653808594,36.35140609741211,151.4314422607422,92.04081726074219
2024-08-27,45.02653121948242,85.68972778320312,42.71696853637695,43.614200592041016,126.41972351074219,110.17753601074219,79.39567565917969,41.26729965209961,36.0640754699707,151.66537475585938,91.79887390136719
2024-08-28,44.83317947387695,85.12171173095703,42.44274139404297,43.72128677368164,126.36102294921875,108.65726470947266,79.059326171875,41.12482833862305,36.0640754699707,151.84078979492188,90.91011047363281
2024-08-29,45.0797119140625,84.94544982910156,42.995914459228516,44.11070251464844,127.25129699707031,107.67676544189453,78.66533660888672,40.96337890625,36.26041793823242,152.1624298095703,91.01873016357422
2024-08-30,45.57274627685547,85.5134506225586,43.15666580200195,44.529319763183594,128.61117553710938,109.10789489746094,79.28997039794922,41.362274169921875,36.53337478637695,153.2150421142578,92.39136505126953
2024-09-03,44.538326263427734,83.94656372070312,42.08342361450195,44.19831848144531,125.76422882080078,104.09645080566406,79.8473129272461,41.45724868774414,36.4807014465332,152.92266845703125,91.12242126464844
2024-09-04,44.35464096069336,83.54502868652344,41.50188446044922,44.24699783325195,125.89141082763672,103.82904052734375,80.22211456298828,41.55222702026367,36.79196548461914,152.6595001220703,91.35942077636719
2024-09-05,44.00661087036133,83.78985595703125,41.18037796020508,43.76022720336914,124.4239273071289,103.67057800292969,79.91459655761719,41.438255310058594,36.70098114013672,150.56399536132812,92.39632415771484
2024-09-06,43.45072937011719,82.03690338134766,40.665042877197266,43.117698669433594,123.1618881225586,100.98162841796875,79.751220703125,41.438255310058594,36.35140609741211,150.04742431640625,90.06085968017578
2024-09-09,43.87126159667969,82.38944244384766,40.958168029785156,43.76022720336914,125.05005645751953,102.6355972290039,80.36624908447266,41.932132720947266,36.72013473510742,151.10006713867188,91.37423706054688
2024-09-10,43.890594482421875,82.36985778808594,40.25371170043945,43.312408447265625,125.2652816772461,104.17072296142578,80.34703063964844,42.672950744628906,36.89253234863281,151.79205322265625,92.42100524902344
2024-09-11,43.9969367980957,82.7126235961914,39.88019943237305,43.107967376708984,125.49030303955078,107.72627258300781,79.59747314453125,42.558982849121094,37.00745391845703,151.34373474121094,93.34432220458984
2024-09-12,44.40297317504883,84.25993347167969,40.23952865600586,43.205318450927734,126.45885467529297,108.61763763427734,80.08757019042969,42.63496017456055,37.088871002197266,151.8895263671875,94.39601135253906
2024-09-13,44.80418014526367,85.07276153564453,40.466461181640625,43.33187484741211,127.7404556274414,109.1623764038086,80.654541015625,42.93888473510742,37.610843658447266,152.20140075683594,95.03790283203125
2024-09-16,45.21988296508789,85.96392822265625,40.9298095703125,43.89652633666992,128.3959503173828,108.74639892578125,80.9716567993164,43.08134460449219,37.898170471191406,153.25404357910156,94.87496948242188
2024-09-17,45.30689239501953,85.96392822265625,41.48297119140625,44.13017654418945,129.10037231445312,108.533447265625,80.20289611816406,42.739437103271484,37.86943817138672,151.67510986328125,95.35884857177734
2024-09-18,45.1135368347168,85.89537811279297,41.56334686279297,43.99387741088867,128.9927215576172,107.54304504394531,79.89537811279297,42.615962982177734,37.58211135864258,151.4217071533203,95.17122650146484
2024-09-19,45.79509353637695,87.0607681274414,42.059783935546875,44.48064422607422,131.21353149414062,110.73709869384766,79.42450714111328,42.5114860534668,37.3618278503418,151.96749877929688,97.33879089355469
2024-09-20,45.47124099731445,87.0607681274414,41.9652214050293,44.451438903808594,130.2938995361328,110.19733428955078,79.80889129638672,42.43551254272461,38.34831237792969,151.34373474121094,97.11661529541016
2024-09-23,45.868408203125,87.2562484741211,42.483394622802734,44.3976936340332,131.16842651367188,110.17699432373047,80.2716293334961,42.905113220214844,38.72870635986328,151.04730224609375,98.29664611816406
2024-09-24,46.49474334716797,87.6688003540039,42.37852096557617,44.02641677856445,132.11068725585938,110.93106079101562,80.07841491699219,42.905113220214844,38.45389938354492,150.74403381347656,99.15756225585938
2024-09-25,46.18400955200195,87.39375305175781,41.549068450927734,43.762611389160156,131.4923095703125,111.24855041503906,79.87554168701172,42.723392486572266,38.6563835144043,149.276611328125,98.80132293701172
2024-09-26,47.1405029296875,87.88490295410156,40.733909606933594,43.987335205078125,132.1499481201172,112.7219467163086,80.05911254882812,42.30256652832031,38.39122009277344,149.77552795410156,99.22187805175781
2024-09-27,47.05796432495117,88.41534423828125,41.56336975097656,44.11435317993164,132.33641052246094,111.67022705078125,80.20401763916016,42.359947204589844,38.77210235595703,149.69728088378906,99.37030792236328
2024-09-30,46.795772552490234,88.79841613769531,41.854156494140625,44.280452728271484,132.9351348876953,111.99765014648438,80.1846923828125,42.723392486572266,38.94565963745117,150.67556762695312,99.13775634765625
2024-10-01,46.67925262451172,88.8671875,42.80754852294922,44.045955657958984,133.00381469726562,109.26914978027344,79.91419219970703,42.46516418457031,39.259037017822266,149.88316345214844,98.73699951171875
2024-10-02,46.49959182739258,88.59214782714844,43.246116638183594,44.094810485839844,132.75845336914062,110.07777404785156,79.23793029785156,42.3121337890625,39.27832794189453,149.57986450195312,97.90082550048828
2024-10-03,45.98493576049805,88.28762817382812,44.008827209472656,43.860313415527344,132.0812225341797,110.53417205810547,78.44575500488281,41.9008674621582,39.26386260986328,148.22984313964844,96.7677993774414
2024-10-04,46.20828628540039,89.26991271972656,44.418792724609375,44.60288619995117,133.00381469726562,111.76448059082031,78.70658874511719,41.623504638671875,39.20117950439453,148.3472442626953,98.04925537109375
2024-10-07,46.07233428955078,88.07152557373047,44.57610321044922,44.05572509765625,132.679931640625,110.99555206298828,77.924072265625,41.31745147705078,38.299617767333984,147.69178771972656,96.52535247802734
2024-10-08,45.85869216918945,88.84752655029297,43.412960052490234,44.30976486206055,132.97439575195312,113.06920623779297,78.31049346923828,41.44178771972656,38.318904876708984,148.49398803710938,97.46542358398438
2024-10-09,46.15001678466797,88.87700653076172,43.675148010253906,44.720130920410156,134.16201782226562,114.33424377441406,78.78387451171875,41.46091842651367,37.991065979003906,150.01031494140625,98.16305541992188
2024-10-10,46.2568359375,88.2188720703125,43.97069549560547,44.58333969116211,133.47496032714844,114.30447387695312,78.43609619140625,41.11660385131836,37.87535095214844,149.4527130126953,97.67818450927734
2024-10-11,46.55786895751953,88.82789611816406,44.24241638183594,45.443153381347656,135.8600311279297,114.5029067993164,78.87081909179688,41.53742599487305,38.20801544189453,150.54837036132812,97.2625732421875
2024-10-14,46.82490921020508,89.2404556274414,44.22334289550781,45.726505279541016,136.6746826171875,115.99615478515625,79.18962860107422,41.8243522644043,38.69013595581055,151.37994384765625,97.68807983398438
2024-10-15,46.7763557434082,89.43690490722656,42.79801559448242,45.824214935302734,135.62445068359375,113.44623565673828,79.69200134277344,42.35038757324219,38.86370086669922,149.53099060058594,97.90082550048828
2024-10-16,47.1405029296875,89.37797546386719,43.00299835205078,46.390907287597656,136.6746826171875,113.79846954345703,79.63401794433594,42.771217346191406,39.63508987426758,149.95162963867188,98.41539001464844
2024-10-17,47.21333312988281,88.9555892944336,43.207984924316406,46.51792526245117,136.28208923339844,114.1457290649414,79.27658081054688,42.49385452270508,39.283145904541016,149.08096313476562,98.32632446289062
2024-10-18,47.4026985168457,89.61371612548828,43.06496810913086,46.52769470214844,136.69432067871094,114.55252838134766,79.4504623413086,42.79034423828125,39.50973892211914,149.80490112304688,98.7122573852539
2024-10-21,47.038543701171875,89.26010131835938,42.936256408691406,46.156410217285156,136.21337890625,115.08830261230469,78.78387451171875,41.91043472290039,39.35546112060547,148.04396057128906,97.94535827636719
2024-10-22,46.60641860961914,89.38778686523438,43.0363655090332,46.068477630615234,134.564453125,114.96923828125,79.22827911376953,41.97738265991211,39.215641021728516,147.82875061035156,97.5495376586914
2024-10-23,46.48018264770508,88.71000671386719,42.812313079833984,46.02939224243164,134.17184448242188,113.32221984863281,79.0737075805664,42.388641357421875,39.591705322265625,147.1341552734375,96.01573944091797
2024-10-24,45.912105560302734,89.0145263671875,42.80754852294922,46.068477630615234,133.24920654296875,113.65460968017578,78.9674301147461,42.484283447265625,39.3361701965332,146.16566467285156,99.04374694824219
2024-10-25,45.620784759521484,89.2404556274414,42.793243408203125,45.560401916503906,132.89585876464844,114.24494171142578,78.31049346923828,42.149539947509766,38.75281524658203,145.36346435546875,99.35546112060547
2024-10-28,45.9995002746582,89.81017303466797,42.52153015136719,46.127098083496094,133.28846740722656,114.21022033691406,78.45541381835938,42.2834358215332,39.056549072265625,145.5786895751953,99.58800506591797
2024-10-29,45.70332336425781,90.65493774414062,41.87322235107422,45.843746185302734,133.11181640625,115.74810791015625,77.68254089355469,41.9008674621582,38.222476959228516,145.17759704589844,99.06848907470703
2024-10-30,45.95094680786133,91.20501708984375,41.968563079833984,46.0489387512207,132.88604736328125,113.90760803222656,77.55695343017578,42.05390167236328,38.13087463378906,144.9036865234375,98.9299545288086
2024-10-31,45.344032287597656,90.40937805175781,42.230743408203125,45.41384506225586,131.3549041748047,110.25141143798828,77.40238189697266,41.31745147705078,38.526214599609375,143.68081665039062,97.41594696044922
2024-11-01,45.21779251098633,90.76299285888672,41.96379852294922,45.57017135620117,131.53158569335938,111.07989501953125,77.43136596679688,40.87749481201172,37.66804122924805,144.5319366455078,98.99921417236328
2024-11-04,45.41686248779297,90.45848846435547,42.697914123535156,45.21843338012695,131.3843536376953,110.99555206298828,77.64390563964844,41.33658218383789,37.219669342041016,143.58299255371094,98.6578369140625
2024-11-05,45.48483657836914,91.46041107177734,42.98393249511719,45.6385612487793,133.5829315185547,112.55823516845703,78.13661193847656,41.9008674621582,37.7789306640625,144.63954162597656,100.40437316894531
2024-11-06,46.11117172241211,93.7098388671875,44.599945068359375,48.413429260253906,138.81434631347656,115.76300048828125,76.86136627197266,40.781856536865234,37.38840866088867,144.82540893554688,103.61546325683594
2024-11-07,46.29081726074219,94.93769836425781,44.39495849609375,47.63177490234375,137.9800567626953,117.7820816040039,77.14153289794922,41.28875732421875,37.45591354370117,145.87216186523438,104.94640350341797
2024-11-08,45.868408203125,94.47602844238281,44.690513610839844,48.06167984008789,139.46214294433594,117.6530990600586,78.0786361694336,41.99651336669922,38.17426681518555,146.91893005371094,106.43566131591797
2024-11-11,45.66933822631836,95.00645446777344,44.94316482543945,48.74562454223633,140.54180908203125,117.00321960449219,77.8081283569336,41.63306427001953,38.28033447265625,146.05804443359375,108.5829849243164
2024-11-12,44.892486572265625,95.43865966796875,44.704811096191406,48.59907150268555,139.3345489501953,117.15204620361328,77.89507293701172,41.10703659057617,37.84160232543945,144.02322387695312,107.13330078125
2024-11-13,44.999305725097656,95.47794342041016,45.05280303955078,48.62837600708008,139.62899780273438,116.74524688720703,78.12694549560547,41.43222427368164,37.77410888671875,143.64169311523438,108.04862976074219
2024-11-14,44.63029861450195,95.3698959350586,45.22441101074219,48.50136184692383,137.2733917236328,116.34838104248047,77.9337158203125,41.0592155456543,37.6439323425293,141.38185119628906,106.51483154296875
2024-11-15,44.31955337524414,93.46427154541016,45.157676696777344,48.7260856628418,136.53726196289062,113.46112823486328,77.24781036376953,41.10703659057617,38.20801544189453,138.76004028320312,105.60445404052734
2024-11-18,44.66427993774414,94.38761138916016,45.75831604003906,48.87264633178711,136.35076904296875,113.82823944091797,77.78881072998047,41.47047805786133,38.54067611694336,138.85787963867188,106.57915496826172
2024-11-19,44.51862335205078,95.00645446777344,45.467529296875,48.550209045410156,136.23300170898438,114.7608871459961,77.89507293701172,41.64263916015625,38.78656005859375,138.1437225341797,106.6583251953125
2024-11-20,44.88277816772461,95.61547088623047,45.92516326904297,48.40365219116211,136.3802032470703,114.66167449951172,77.49898529052734,41.575687408447266,38.805843353271484,139.77745056152344,106.18828582763672
2024-11-21,45.431427001953125,95.3698959350586,46.29698944091797,49.019195556640625,138.0880584716797,115.82748413085938,78.33948516845703,41.85304641723633,39.480812072753906,140.90249633789062,106.37629699707031
2024-11-22,45.683902740478516,95.16361999511719,46.368492126464844,49.56635665893555,140.01177978515625,115.88701629638672,79.06403350830078,42.168663024902344,39.268680572509766,141.02967834472656,107.91010284423828
2024-11-25,46.15487289428711,95.65475463867188,45.45323181152344,49.88878631591797,140.88531494140625,115.88204956054688,79.498779296875,42.73295974731445,39.340999603271484,142.2329559326172,109.01344299316406
2024-11-26,45.810142517089844,96.00838470458984,45.391258239746094,49.98649597167969,141.0522003173828,116.46247863769531,79.82723999023438,42.9433708190918,39.96775436401367,142.9960174560547,109.40926361083984
2024-11-27,45.78586959838867,96.1360855102539,45.34358596801758,50.08420181274414,140.53196716308594,114.8849105834961,79.9914779663086,43.23986053466797,39.96775436401367,143.7590789794922,108.86994934082031
2024-11-29,46.0189208984375,96.65669250488281,45.539031982421875,50.1623649597168,141.32701110839844,115.95149993896484,80.39723205566406,43.03901290893555,39.982215881347656,144.20909118652344,109.98814392089844
2024-12-02,45.98978805541992,97.45233917236328,45.05756378173828,49.664066314697266,140.28660583496094,117.05281829833984,80.30062103271484,42.388641357421875,39.124046325683594,143.95474243164062,110.94801330566406
2024-12-03,45.84413146972656,98.23816680908203,45.05280303955078,49.292781829833984,139.40322875976562,117.47450256347656,79.88521575927734,42.13997268676758,38.78656005859375,143.63189697265625,110.8638916015625
2024-12-04,45.397438049316406,98.46409606933594,43.9659309387207,49.10713577270508,140.01177978515625,119.62258911132812,79.66300964355469,42.025203704833984,38.781734466552734,143.5536346435547,111.89302062988281
2024-12-05,44.800235748291016,98.23816680908203,44.13753890991211,49.253692626953125,138.3137969970703,119.01734924316406,79.98182678222656,41.91999816894531,38.90227127075195,141.9492645263672,112.808349609375
2024-12-06,44.62544250488281,99.14186096191406,43.389129638671875,49.24393081665039,137.96044921875,119.47872161865234,79.58572387695312,41.862613677978516,38.42015075683594,141.14706420898438,115.18326568603516
2024-12-09,44.615726470947266,97.02994537353516,43.31761932373047,48.56974792480469,136.7630157470703,118.6998519897461,79.46012878417969,41.94868850708008,37.93803024291992,141.5579376220703,114.817138671875
2024-12-10,44.15932846069336,98.55249786376953,43.022071838378906,48.55998229980469,136.4292755126953,117.05281829833984,79.83689880371094,41.269630432128906,37.66322326660156,140.97096252441406,115.0051498413086
2024-12-11,44.00395202636719,100.16344451904297,43.09357452392578,48.657684326171875,136.11520385742188,118.74945831298828,79.22827911376953,41.164424896240234,37.426979064941406,139.0535430908203,117.0238265991211
2024-12-12,43.69807434082031,100.3500747680664,42.74557876586914,48.4427375793457,135.24166870117188,118.08470153808594,79.46012878417969,41.13572692871094,37.407691955566406,137.9480438232422,116.05406951904297
2024-12-13,43.324214935302734,99.15169525146484,42.531070709228516,48.40365219116211,134.88832092285156,118.59071350097656,79.25724792480469,40.96357727050781,37.431800842285156,137.92849731445312,116.51421356201172
2024-12-16,42.940635681152344,99.53477478027344,41.59673309326172,48.31571960449219,135.006103515625,119.7763671875,78.84183502197266,40.7531623840332,37.13288879394531,136.28497314453125,118.092529296875
2024-12-17,42.70272445678711,98.78824615478516,41.28688430786133,47.9737434387207,133.7694091796875,119.05207824707031,78.70658874511719,40.571441650390625,36.97861099243164,136.18714904785156,118.46361541748047
2024-12-18,41.4888916015625,95.96908569335938,40.066532135009766,46.53746795654297,129.9906005859375,115.21233367919922,77.50865936279297,38.98377990722656,36.1059684753418,134.33819580078125,113.12500762939453
2024-12-19,41.042198181152344,95.70386505126953,39.71854019165039,46.70356369018555,129.82376098632812,115.33635711669922,76.9579849243164,38.31428909301758,36.269893646240234,133.3207550048828,112.97162628173828
2024-12-20,41.5520133972168,96.2244873046875,40.10943603515625,47.39727783203125,131.34510803222656,117.05779266357422,77.22848510742188,39.01247024536133,36.84843826293945,135.00343322753906,113.25859832763672
2024-12-23,41.51979446411133,96.75038146972656,40.344974517822266,47.51110076904297,131.3155059814453,118.29806518554688,76.82159423828125,39.19034194946289,36.973854064941406,136.35169982910156,113.60211944580078
2024-12-24,41.74430847167969,97.66629028320312,40.686275482177734,48.07040023803711,132.34140014648438,119.52044677734375,77.32777404785156,39.45136260986328,37.17802429199219,136.91188049316406,116.2293930053711
2024-12-26,41.68085479736328,97.53826141357422,40.652626037597656,48.188148498535156,132.44004821777344,119.59994506835938,77.57112121582031,39.50935745239258,37.09052276611328,137.18701171875,115.79813385009766
2024-12-27,41.45634841918945,96.6716079711914,40.6478157043457,47.83490753173828,131.45359802246094,118.00985717773438,77.1915054321289,39.19034194946289,36.983577728271484,136.54824829101562,113.88468170166016
2024-12-30,40.89995574951172,95.65721893310547,40.64301300048828,47.37372970581055,130.1317596435547,116.50920867919922,76.28621673583984,39.006675720214844,36.82802200317383,134.8677978515625,112.05550384521484
2024-12-31,41.06589889526367,95.34207153320312,41.17658996582031,47.422794342041016,129.97393798828125,115.54023742675781,76.51983642578125,39.31601333618164,36.79399108886719,135.19212341308594,111.21280670166016
2025-01-02,40.611995697021484,95.80494689941406,41.657283782958984,47.30503845214844,129.52017211914062,115.26693725585938,76.28621673583984,38.948673248291016,37.0759391784668,135.23143005371094,109.75044250488281
2025-01-03,40.60223388671875,96.3958511352539,42.046653747558594,47.67790985107422,130.92092895507812,117.1452407836914,76.2472915649414,39.4803581237793,37.46969223022461,136.55809020996094,111.97122955322266
2025-01-06,40.875545501708984,97.43978118896484,41.8543701171875,47.53072738647461,130.6348419189453,118.63595581054688,75.4490966796875,38.939002990722656,37.051631927490234,136.61705017089844,112.41241455078125
2025-01-07,40.85114288330078,96.35645294189453,42.2725830078125,47.422794342041016,130.50660705566406,116.25579071044922,75.18627166748047,38.648990631103516,36.95927047729492,137.2951202392578,110.23625183105469
2025-01-08,41.07565689086914,95.7852554321289,42.31584548950195,47.57978820800781,131.0195770263672,116.21602630615234,75.32254028320312,38.813331604003906,36.94955062866211,138.00267028808594,110.54853057861328
2025-01-10,40.65591812133789,94.35723114013672,42.4888916015625,46.43174743652344,129.54977416992188,113.68181610107422,74.31019592285156,37.8756217956543,36.74052429199219,137.226318359375,109.46292877197266
2025-01-13,41.563724517822266,94.3966293334961,43.38299560546875,46.76536560058594,131.06887817382812,112.87683868408203,74.43673706054688,38.35897445678711,36.312740325927734,139.01487731933594,110.08257293701172
2025-01-14,42.08106994628906,94.08148956298828,43.849266052246094,47.34428787231445,132.61761474609375,113.17498016357422,74.45620727539062,38.687660217285156,36.789127349853516,137.58010864257812,109.86941528320312
2025-01-15,42.48128890991211,95.62767028808594,44.498207092285156,48.55120086669922,133.45608520507812,115.42594146728516,74.203125,38.85199737548828,37.32872009277344,138.14027404785156,112.66522979736328
2025-01-16,42.832698822021484,95.08602905273438,44.82027816772461,48.87500762939453,135.0738525390625,114.53649139404297,74.75796508789062,39.7220344543457,38.271785736083984,138.69056701660156,112.05550384521484
2025-01-17,43.11089324951172,95.91328430175781,45.1663818359375,49.28712463378906,135.8827362060547,116.33031463623047,75.18627166748047,39.712371826171875,38.325252532958984,137.75698852539062,113.62690734863281
2025-01-21,43.66240692138672,96.77993774414062,44.93564224243164,49.699241638183594,138.6743621826172,117.29927825927734,75.53668975830078,40.43740463256836,38.9134521484375,140.03689575195312,114.4596939086914
2025-01-22,43.31099319458008,97.74507904052734,44.11845779418945,49.463741302490234,138.34886169433594,119.94778442382812,75.16680145263672,39.7317008972168,38.072471618652344,139.72242736816406,114.02842712402344
2025-01-23,43.55015563964844,98.00112915039062,44.32034683227539,49.74830627441406,139.74960327148438,120.16145324707031,75.4393539428711,40.050716400146484,38.25233840942383,141.58958435058594,114.71746826171875
2025-01-24,43.43789291381836,98.88748931884766,43.89252471923828,49.89548873901367,139.15774536132812,118.90925598144531,75.82872772216797,40.16672134399414,38.6412239074707,141.8155975341797,114.01851654052734
2025-01-27,43.46229553222656,99.39960479736328,43.43587112426758,50.44497299194336,137.29335021972656,113.08056640625,77.88261413574219,40.56307601928711,37.74677658081055,144.9995880126953,114.66790008544922
2025-01-28,43.32075881958008,99.88216400146484,43.02246856689453,50.356666564941406,136.38583374023438,116.09676361083984,76.66585540771484,40.07005310058594,37.22663497924805,143.98739624023438,114.80670166015625
2025-01-29,43.24266815185547,100.32535552978516,43.11860656738281,50.317413330078125,135.9221954345703,115.15265655517578,76.85079956054688,39.60603332519531,37.304412841796875,143.1422882080078,114.47953033447266
2025-01-30,43.652645111083984,100.423828125,43.339725494384766,50.7982177734375,137.44131469726562,115.36631774902344,77.61006927490234,40.1280517578125,38.082191467285156,144.79324340820312,115.5998306274414
2025-01-31,43.33540344238281,100.8276138305664,42.12836837768555,50.503849029541016,136.47462463378906,114.69052124023438,76.88001251220703,40.041046142578125,37.85858154296875,144.33135986328125,115.0892562866211
2025-02-03,43.379329681396484,101.04427337646484,42.392757415771484,50.297794342041016,135.1231689453125,113.14515686035156,77.18175506591797,39.9733772277832,38.0627555847168,144.89149475097656,113.56742095947266
2025-02-04,43.5062255859375,101.9503173828125,43.28204345703125,50.1800422668457,135.16262817382812,114.77500915527344,76.52957916259766,39.9733772277832,37.727333068847656,144.4984130859375,114.90584564208984
2025-02-05,43.47206115722656,100.96548461914062,43.373382568359375,50.709903717041016,135.2612762451172,116.37006378173828,77.00654602050781,40.60173797607422,38.10649871826172,145.88404846191406,113.60211944580078
2025-02-06,43.62335968017578,101.39881896972656,42.57542037963867,51.1318359375,135.8728790283203,116.68809509277344,77.35697937011719,40.71773910522461,38.0627555847168,144.5770263671875,114.05321502685547
2025-02-07,43.09136962890625,101.18215942382812,42.57061004638672,50.8472785949707,135.46844482421875,115.68931579589844,77.24016571044922,40.57273864746094,37.98497009277344,143.89895629882812,111.82252502441406
2025-02-10,43.31099319458008,101.63516998291016,43.50797653198242,50.44497299194336,136.68174743652344,117.3787841796875,77.7171401977539,40.630741119384766,38.39816665649414,143.7711944580078,112.2042236328125
2025-02-11,43.56479263305664,101.80260467529297,43.858882904052734,50.572532653808594,136.73109436035156,117.43344116210938,78.46666717529297,40.853084564208984,38.59261703491211,143.50587463378906,110.93023681640625
2025-02-12,43.252437591552734,101.91094970703125,42.80134582519531,50.395912170410156,135.8827362060547,117.1800308227539,78.40826416015625,40.50507354736328,38.52455520629883,143.29949951171875,110.91041564941406
2025-02-13,44.004051208496094,103.08289337158203,43.123409271240234,50.72953414916992,136.02084350585938,118.83968353271484,79.255126953125,40.8240852355957,38.612060546875,143.85964965820312,112.57600402832031
2025-02-14,43.852752685546875,103.71318817138672,43.29646301269531,50.82765197753906,135.68544006347656,119.24217987060547,78.46666717529297,40.65974426269531,38.45164489746094,142.29713439941406,112.52642822265625
2025-02-18,44.409141540527344,103.23062133789062,43.88772201538086,51.19070053100586,136.7508087158203,120.33039855957031,78.74895477294922,40.80474853515625,38.81136703491211,142.02197265625,112.21412658691406
2025-02-19,43.88691711425781,103.34880065917969,44.233821868896484,51.210330963134766,136.888916015625,120.34033203125,79.38166809082031,40.8820915222168,39.01553726196289,143.86947631835938,112.14968872070312
2025-02-20,43.784420013427734,102.86622619628906,44.637611389160156,50.425350189208984,135.99124145507812,119.95772552490234,79.07017517089844,41.16243362426758,39.010677337646484,144.67530822753906,111.18305206298828
2025-02-21,42.98399353027344,101.4579086303711,43.70986557006836,49.79736328125,133.01217651367188,116.70795440673828,79.99492645263672,40.8240852355957,39.02039337158203,143.89895629882812,108.25836181640625
2025-02-24,42.93518829345703,101.65487670898438,43.719478607177734,50.01323318481445,132.41046142578125,115.03836822509766,80.23826599121094,41.00775909423828,38.82595443725586,145.06837463378906,107.85187530517578
2025-02-25,43.26707458496094,100.14807891845703,43.08976364135742,50.003421783447266,133.09109497070312,113.54765319824219,81.37715911865234,41.44277572631836,38.63150405883789,146.31643676757812,107.28675842285156
2025-02-26,43.24755096435547,99.97080993652344,42.844608306884766,49.89548873901367,133.17001342773438,114.78495025634766,79.8197021484375,41.239768981933594,38.79192352294922,145.2649383544922,106.84556579589844
2025-02-27,42.9547119140625,99.00566864013672,43.07534408569336,50.170230865478516,132.70640563964844,110.6059799194336,79.80996704101562,41.42344284057617,37.93149948120117,144.67530822753906,105.30392456054688
2025-02-28,43.32075881958008,100.45338439941406,43.74351501464844,51.200523376464844,134.4819793701172,112.0668716430664,80.87098693847656,41.71345520019531,38.50997543334961,146.35574340820312,107.05377960205078
2025-03-03,42.452003479003906,99.44884490966797,42.21489334106445,50.7687873840332,132.56826782226562,108.6581039428711,81.29928588867188,42.071136474609375,38.56344985961914,146.9945068359375,105.08084106445312
2025-03-04,41.8760871887207,98.66097259521484,41.806297302246094,48.982940673828125,129.9838104248047,108.57363891601562,79.91704559326172,41.58778381347656,37.93636703491211,145.62852478027344,103.22689056396484
2025-03-05,42.969356536865234,99.93141174316406,41.1958122253418,49.26749801635742,132.03561401367188,110.0991439819336,80.24800872802734,41.97446823120117,37.66899871826172,147.0927734375,104.79829406738281
2025-03-06,42.744842529296875,98.1390151977539,41.32079315185547,48.45307922363281,130.90118408203125,107.04317474365234,80.39401245117188,40.8240852355957,36.8863525390625,146.68988037109375,102.14128875732422
2025-03-07,42.86198043823242,98.76930236816406,42.027427673339844,48.197959899902344,132.43017578125,108.593505859375,80.6568374633789,41.056095123291016,37.57177734375,146.69969177246094,101.95291137695312
2025-03-10,41.96881866455078,96.30722045898438,42.33987808227539,47.118614196777344,130.358642578125,103.97727966308594,80.48162078857422,40.65974426269531,37.98497009277344,145.11752319335938,98.31439208984375
2025-03-11,41.64669418334961,94.88904571533203,42.003387451171875,46.716304779052734,128.3561553955078,103.55489349365234,79.30379486083984,40.23439025878906,37.63011169433594,143.5353546142578,97.35271453857422
2025-03-12,41.45146560668945,95.36177062988281,42.1956672668457,46.78499221801758,128.3463134765625,105.18475341796875,77.58085632324219,40.089385986328125,37.51344299316406,142.10060119628906,97.91781616210938
2025-03-13,41.422183990478516,93.40193939208984,41.907249450683594,46.529869079589844,127.03433227539062,103.18718719482422,77.22069549560547,39.30635070800781,37.605804443359375,141.34390258789062,95.47396850585938
2025-03-14,41.96393585205078,95.11555480957031,43.1474494934082,47.60922622680664,129.3524932861328,106.30775451660156,77.39591979980469,40.07005310058594,38.33983612060547,142.4248809814453,97.50638580322266
2025-03-17,42.49104309082031,95.79509735107422,43.83484649658203,48.16852569580078,131.13792419433594,107.04814147949219,78.52506256103516,40.77574920654297,38.5002555847168,144.23309326171875,97.66004943847656
2025-03-18,42.41783905029297,94.45571899414062,43.90694808959961,48.10964584350586,130.09231567382812,105.41828918457031,77.62953186035156,40.52439880371094,38.23289108276367,144.30186462402344,95.92010498046875
2025-03-19,42.55937576293945,95.57844543457031,44.623191833496094,48.6395149230957,131.81858825683594,106.78975677490234,77.62953186035156,40.57273864746094,38.37386703491211,144.38047790527344,97.75919342041016
2025-03-20,42.29093933105469,95.37161254882812,44.78662872314453,48.70820236206055,131.1576690673828,106.02947998046875,77.2499008178711,40.52439880371094,38.529422760009766,144.46893310546875,97.52620697021484
2025-03-21,41.8712043762207,96.1200942993164,44.47417449951172,48.531578063964844,130.45729064941406,106.31769561767578,77.22069549560547,40.1280517578125,38.28150177001953,144.06602478027344,97.8781509399414
2025-03-24,42.43859100341797,97.4812240600586,44.98090362548828,49.387367248535156,132.8765411376953,108.3311996459961,77.6982421875,40.68649673461914,38.26926040649414,145.16598510742188,101.54756927490234
2025-03-25,42.42877960205078,98.71590423583984,45.16499710083008,49.663108825683594,133.074462890625,108.68960571289062,76.99366760253906,40.200050354003906,37.65730667114258,143.31134033203125,102.35780334472656
2025-03-26,42.50724792480469,97.87631225585938,45.43144226074219,49.5153923034668,132.19383239746094,106.26542663574219,78.1875228881836,40.40435791015625,37.906986236572266,142.7884979248047,101.02066802978516
2025-03-27,42.48762893676758,97.44171142578125,44.99059295654297,49.416908264160156,131.4912872314453,105.28480529785156,79.07801055908203,40.30706787109375,37.897193908691406,143.01539611816406,101.08528900146484
2025-03-28,41.70790100097656,94.56735229492188,44.77743911743164,48.4616584777832,128.78013610839844,102.73121643066406,78.68659210205078,40.2876091003418,38.17625045776367,142.5714569091797,97.94376373291016
2025-03-31,42.163970947265625,95.26864624023438,45.271575927734375,49.05253219604492,129.69046020507812,102.7809829711914,79.91958618164062,40.71567916870117,38.60216522216797,144.04135131835938,98.15254974365234
2025-04-01,42.320899963378906,95.32791900634766,45.538021087646484,48.99344253540039,130.4226531982422,103.53263092041016,80.03701782226562,40.744873046875,38.70008087158203,141.40736389160156,99.17652130126953
2025-04-02,42.66907501220703,95.66375732421875,45.60099792480469,49.39720916748047,131.64962768554688,104.29920959472656,79.80215454101562,40.939453125,38.88121795654297,142.3544158935547,101.06044006347656
2025-04-03,40.74182891845703,91.39665985107422,42.02093505859375,46.96477127075195,124.525390625,97.18099975585938,80.2620849609375,39.713600158691406,38.636436462402344,141.2001953125,94.95634460449219
2025-04-04,38.19178771972656,86.16158294677734,38.155052185058594,43.52784729003906,116.69864654541016,90.77957916259766,76.77838897705078,37.904014587402344,36.487247467041016,133.45603942871094,90.8604507446289
2025-04-07,37.57879638671875,86.28011322021484,37.907981872558594,43.419517517089844,116.1544418334961,91.3221664428711,75.88789367675781,36.98949432373047,35.92914581298828,132.65695190429688,89.78677368164062
2025-04-08,36.42146682739258,85.0750503540039,37.031131744384766,43.252098083496094,115.19464111328125,89.46544647216797,74.71360778808594,36.074974060058594,35.78227233886719,131.18704223632812,87.65431213378906
2025-04-09,39.604122161865234,92.59185028076172,39.8990592956543,46.51176834106445,125.42581939697266,101.476806640625,77.61016082763672,38.14723587036133,37.19221878051758,136.8891143798828,97.19816589355469
2025-04-10,38.338905334472656,89.39153289794922,37.29273223876953,45.21184158325195,122.19023132324219,96.7529067993164,77.64930725097656,37.33973693847656,36.91316604614258,133.0712890625,93.40050506591797
2025-04-11,39.47661590576172,90.15209197998047,38.21802520751953,45.96028518676758,124.3472900390625,98.73406219482422,78.62787628173828,37.86509704589844,37.36357116699219,135.02459716796875,94.30517578125
2025-04-14,39.952301025390625,90.75462341308594,38.35367202758789,46.4329833984375,125.64350128173828,99.6350326538086,79.96852111816406,38.70178985595703,38.034271240234375,136.6720733642578,94.57857513427734
2025-04-15,39.63844680786133,90.9818115234375,38.29553985595703,46.55116271972656,125.02013397216797,99.9984130859375,79.29330444335938,38.760162353515625,38.02937698364258,135.83352661132812,93.8975830078125
2025-04-16,39.32949447631836,88.53218841552734,38.61042785644531,45.822410583496094,123.30834197998047,96.52393341064453,78.44194793701172,38.74070739746094,37.686683654785156,134.45240783691406,91.58121490478516
2025-04-17,39.599212646484375,89.1050796508789,39.4824333190918,45.940589904785156,123.98118591308594,96.00126647949219,80.11530303955078,39.35363006591797,38.07343673706055,133.6632080078125,92.1578140258789
2025-04-21,38.99603271484375,87.0999526977539,38.4505615234375,44.9557991027832,121.20075225830078,93.5223388671875,79.35201263427734,38.536399841308594,37.172637939453125,130.7825927734375,89.69729614257812
2025-04-22,39.90816116333008,89.37178039550781,39.42914581298828,46.442832946777344,123.31822967529297,95.80216217041016,80.47736358642578,39.324440002441406,38.18603515625,133.23899841308594,92.53559875488281
2025-04-23,39.95720291137695,90.80401611328125,39.35647964477539,46.99431610107422,124.86181640625,98.57975006103516,80.01744079589844,39.37308883666992,38.347591400146484,133.8999786376953,94.60343933105469
2025-04-24,40.82029724121094,92.62147521972656,39.98625946044922,47.51626205444336,127.66203308105469,102.25831604003906,79.31288146972656,39.48983383178711,38.406341552734375,135.53758239746094,96.48734283447266
2025-04-25,40.51625442504883,93.20426177978516,39.91358947753906,47.289756774902344,127.65213012695312,103.77156829833984,79.10737609863281,39.431461334228516,38.28884506225586,136.18869018554688,98.2221450805664
2025-04-28,40.589805603027344,93.55984497070312,40.19457244873047,47.437469482421875,128.07762145996094,103.6023178100586,78.84315490722656,39.674686431884766,38.52383804321289,136.7312774658203,98.2569351196289
2025-04-29,40.92817687988281,94.24139404296875,40.078304290771484,47.92987060546875,128.9087677001953,104.08516693115234,79.49879455566406,39.99574279785156,38.822471618652344,137.402099609375,98.95284271240234
2025-04-30,41.1390495300293,94.27102661132812,38.997982025146484,48.018497467041016,129.8388671875,104.51823425292969,80.07615661621094,40.18058776855469,38.626644134521484,138.57606506347656,98.05313110351562
2025-05-01,40.95759963989258,94.75502014160156,39.14331817626953,48.00865173339844,130.81845092773438,106.05138397216797,79.38137817382812,40.29733657836914,38.73924255371094,134.79769897460938,98.59495544433594
2025-05-02,41.64905548095703,96.22676849365234,39.714969635009766,49.003292083740234,133.16351318359375,107.82347106933594,79.81194305419922,40.793514251708984,39.04277801513672,136.66221618652344,100.12593078613281
2025-05-05,41.340110778808594,96.4539566040039,38.997982025146484,48.68816375732422,133.23275756835938,107.25102996826172,79.74344635009766,40.744873046875,38.944862365722656,136.2774658203125,99.06219482421875
2025-05-06,41.04096984863281,96.43419647216797,39.00767135620117,48.412418365478516,132.065185546875,106.36000061035156,79.6064453125,40.46273422241211,39.419734954833984,132.51885986328125,98.1972885131836
2025-05-07,40.815391540527344,96.25640106201172,39.02220916748047,48.6980094909668,132.73802185058594,107.42524719238281,79.73365783691406,40.43354797363281,39.53234100341797,133.5349578857422,98.96278381347656
2025-05-08,41.35972213745117,96.48358917236328,39.53572463989258,49.101776123046875,134.5685577392578,108.45066833496094,79.63579559326172,40.23896408081055,39.2141227722168,132.33140563964844,100.13091278076172
2025-05-09,41.46760940551758,95.9897232055664,39.93296813964844,49.101776123046875,134.6774139404297,108.31626892089844,79.1758804321289,40.4821891784668,39.282657623291016,130.8910675048828,100.61306762695312
2025-05-12,42.42877960205078,97.98497009277344,40.97453308105469,50.09641647338867,138.8233184814453,113.34381103515625,79.29330444335938,40.5211067199707,39.047672271728516,134.1268768310547,105.6136474609375
2025-05-13,42.21791076660156,98.9430923461914,41.55101776123047,50.30322265625,139.79299926757812,115.79287719726562,78.22666931152344,39.97628402709961,38.99381637573242,130.0919952392578,107.01042938232422
2025-05-14,41.830501556396484,99.45671844482422,41.299110412597656,50.16535186767578,139.12014770507812,116.54452514648438,77.80587768554688,39.63576889038086,38.822471618652344,127.0338134765625,107.42301177978516
2025-05-15,42.25714111328125,99.85182189941406,41.4735107421875,50.500179290771484,140.66371154785156,116.70380401611328,79.40094757080078,40.36544418334961,39.64982986450195,128.70103454589844,107.18441772460938
2025-05-16,42.688690185546875,100.53337097167969,41.4105339050293,50.80546951293945,142.26669311523438,116.9228286743164,80.31101989746094,40.87134552001953,40.23241424560547,131.29556274414062,108.19844818115234
2025-05-19,42.796573638916016,100.63214874267578,40.872798919677734,50.83500671386719,142.75152587890625,116.75359344482422,80.54586029052734,40.95890808105469,40.40376663208008,132.5583038330078,107.94493103027344
2025-05-20,42.723018646240234,100.38520050048828,40.49492263793945,50.559268951416016,142.23699951171875,116.31554412841797,80.82965087890625,40.744873046875,40.52125930786133,132.8838348388672,107.38323974609375
2025-05-21,42.15415573120117,99.634521484375,39.74888229370117,49.52523422241211,139.83258056640625,114.13030242919922,79.89022827148438,39.66495895385742,39.78201675415039,129.80592346191406,105.20604705810547
2025-05-22,42.11002731323242,99.4172134399414,39.5938606262207,49.46614456176758,139.80288696289062,114.16017150878906,79.5575180053711,39.52875518798828,39.2141227722168,128.78981018066406,105.65839385986328
2025-05-23,42.02666091918945,98.96285247802734,39.71981430053711,49.28888702392578,139.3477325439453,112.90079498291016,79.85108184814453,39.53847885131836,39.684104919433594,128.58262634277344,104.70896911621094
2025-05-27,42.762245178222656,100.57288360595703,40.06377029418945,50.15549850463867,141.80162048339844,115.58380889892578,80.5752182006836,40.19032287597656,39.98273849487305,130.3780975341797,107.80078887939453
2025-05-28,42.17868423461914,100.55313110351562,39.55509948730469,49.820674896240234,141.09910583496094,115.10594940185547,80.02722930908203,40.19032287597656,39.42463684082031,129.70726013183594,106.81160736083984
2025-05-29,42.335609436035156,99.74317169189453,39.85061264038086,50.076717376708984,141.2277374267578,115.30008697509766,80.35015106201172,40.56001663208008,39.698787689208984,130.57540893554688,106.85633850097656
2025-05-30,42.34050750732422,100.15803527832031,39.49696731567383,50.1850471496582,141.31678771972656,114.94168090820312,81.05472564697266,40.59893798828125,40.10512924194336,130.85162353515625,106.27476501464844
2025-06-02,42.59061050415039,100.65190124511719,40.01532745361328,50.20473861694336,141.138671875,115.95714569091797,81.10365295410156,40.657310485839844,40.23241424560547,130.93055725097656,106.52330017089844
2025-06-03,43.02705764770508,100.3654556274414,40.49008560180664,50.30322265625,142.2270965576172,117.69935607910156,81.0253677368164,40.511375427246094,40.340118408203125,131.23635864257812,107.0899658203125
2025-06-04,43.18889236450195,101.00749969482422,39.70043182373047,50.01762771606445,142.3062744140625,117.87358856201172,80.45780181884766,40.63785171508789,39.63514709472656,131.4928436279297,106.80662536621094
2025-06-05,42.93388748168945,101.14578247070312,39.66168212890625,49.8797607421875,142.2073211669922,117.54006958007812,79.68473052978516,40.62812042236328,39.57150650024414,131.31527709960938,104.11248016357422
2025-06-06,43.04667663574219,102.43973541259766,40.4077262878418,50.500179290771484,143.40455627441406,118.65011596679688,79.93915557861328,40.744873046875,39.74775314331055,132.56817626953125,105.46453094482422
2025-06-09,43.33600997924805,102.14341735839844,40.48523712158203,50.22443771362305,143.27593994140625,119.23251342773438,79.8315200805664,40.72541046142578,39.4931755065918,132.34127807617188,106.30955505371094
2025-06-10,43.6057243347168,103.43736267089844,41.20706558227539,50.28352355957031,142.65255737304688,119.8995361328125,80.00765228271484,41.085384368896484,39.5861930847168,133.85061645507812,107.58206939697266
2025-06-11,43.17417526245117,103.20030975341797,41.80293655395508,50.22443771362305,142.72183227539062,119.63571166992188,79.73365783691406,40.86161422729492,39.61067199707031,133.91969299316406,106.7320785522461
2025-06-12,43.35562515258789,102.3607177734375,41.948265075683594,50.22443771362305,142.34584045410156,120.74575805664062,80.20336151123047,41.085384368896484,40.0904426574707,134.96539306640625,106.23003387451172
2025-06-13,42.85051345825195,101.32357788085938,42.67978286743164,49.20025634765625,141.1485595703125,119.05330657958984,79.22480010986328,40.754600524902344,39.860347747802734,134.29457092285156,105.25078582763672
2025-06-16,43.21341323852539,103.06201171875,42.553829193115234,49.76158142089844,142.11825561523438,120.97970581054688,79.47923278808594,40.793514251708984,39.66451644897461,133.88023376464844,106.38411712646484
2025-06-17,42.79167175292969,102.15328979492188,42.951072692871094,49.47599792480469,141.04962158203125,120.12353515625,78.80401611328125,40.62812042236328,39.33651351928711,131.67044067382812,104.54991149902344
2025-06-18,42.66907501220703,102.20267486572266,42.67009735107422,49.456298828125,140.7132110595703,120.26789093017578,78.70616149902344,40.705955505371094,39.4393196105957,131.44354248046875,104.59961700439453
2025-06-20,42.37974166870117,101.58038330078125,43.10609817504883,49.594173431396484,140.87152099609375,119.73526763916016,79.28351593017578,40.69622802734375,39.547027587890625,130.81216430664062,104.72388458251953
2025-06-23,42.851932525634766,102.8666000366211,42.016014099121094,50.218692779541016,142.77908325195312,121.10044860839844,80.20179748535156,41.2901496887207,40.04836654663086,131.00050354003906,106.79959869384766
2025-06-24,43.206817626953125,104.19339752197266,41.469024658203125,50.96969985961914,143.9700469970703,123.27434539794922,80.13282775878906,41.486488342285156,40.22090530395508,132.6062774658203,107.39237976074219
2025-06-25,42.792781829833984,104.17359161376953,41.2883186340332,50.80171203613281,142.69967651367188,124.32640075683594,79.05886840820312,40.475341796875,39.68357849121094,132.72523498535156,106.12712097167969
2025-06-26,43.265960693359375,105.3815689086914,41.87926483154297,51.177215576171875,144.24795532226562,125.18399810791016,78.98989868164062,40.2201042175293,40.01386260986328,133.0424346923828,107.10346221923828
2025-06-27,43.32017517089844,106.61927032470703,41.65949630737305,51.325439453125,145.6870574951172,125.03441619873047,79.36431121826172,40.36735534667969,40.09273910522461,132.75497436523438,108.88677978515625
2025-06-30,43.28074645996094,107.46089172363281,41.42018127441406,51.75035095214844,146.4115753173828,126.26097106933594,79.77812194824219,40.661865234375,40.25541687011719,133.607421875,108.2591323852539
2025-07-01,44.39960479736328,106.69847106933594,41.737632751464844,52.036922454833984,146.89788818359375,125.1341323852539,80.77325439453125,40.93674087524414,40.3934440612793,135.51058959960938,108.72239685058594
2025-07-02,45.06501007080078,106.39152526855469,42.455562591552734,51.99739456176758,147.04676818847656,126.45542907714844,81.00972747802734,41.01527404785156,40.04344177246094,134.17242431640625,109.59412384033203
2025-07-03,45.035438537597656,106.9757080078125,42.50440216064453,52.56064987182617,148.29730224609375,128.12075805664062,80.9703140258789,41.034912109375,40.34414291381836,134.31118774414062,110.19189453125
2025-07-07,44.60169219970703,105.94595336914062,42.09415817260742,52.05668258666992,147.7812042236328,127.10360717773438,80.9013442993164,40.720767974853516,40.42795181274414,133.1811981201172,108.79212951660156
2025-07-08,44.9664306640625,105.72811889648438,43.22721862792969,51.59224319458008,147.74151611328125,127.78669738769531,80.15253448486328,40.661865234375,39.99907302856445,133.78585815429688,108.42352294921875
2025-07-09,45.23752212524414,106.00536346435547,43.007442474365234,51.779998779296875,148.773681640625,128.55453491210938,79.63033294677734,40.642234802246094,40.37372589111328,134.30128479003906,109.06610107421875
2025-07-10,45.47903823852539,105.64891052246094,43.33466339111328,52.08633041381836,149.60739135742188,128.1307373046875,79.91606140136719,40.848388671875,40.704010009765625,135.12400817871094,110.2715835571289
2025-07-11,45.109371185302734,104.96571350097656,43.53001403808594,51.5428352355957,149.07142639160156,127.56731414794922,79.62047576904297,40.809120178222656,40.64485549926758,134.00390625,110.30146789550781
2025-07-14,44.85799789428711,105.99546813964844,43.05139923095703,51.92822265625,149.87535095214844,127.46260833740234,79.68944549560547,41.08399200439453,40.807533264160156,133.84532165527344,110.70994567871094
2025-07-15,43.93628692626953,104.9458999633789,42.4311408996582,51.03887176513672,148.75384521484375,128.5944366455078,78.89137268066406,40.55388259887695,40.4180908203125,131.4366455078125,109.12588500976562
2025-07-16,44.05458068847656,105.26275634765625,42.064849853515625,51.39461135864258,149.2798614501953,128.99331665039062,79.16725158691406,40.99563980102539,40.437808990478516,133.07217407226562,109.32513427734375
2025-07-17,44.36510467529297,105.62911987304688,42.323699951171875,51.888694763183594,150.659423828125,130.16502380371094,79.91606140136719,40.95637512207031,40.60541915893555,131.5555877685547,109.69873809814453
2025-07-18,44.46861267089844,105.1439437866211,41.98182678222656,51.918338775634766,150.32199096679688,130.0802764892578,79.69930267333984,41.07417678833008,41.285709381103516,130.6833038330078,110.67008972167969
2025-07-21,44.69533920288086,106.5499496459961,41.54716110229492,51.77011489868164,149.52798461914062,130.2498016357422,79.68944549560547,41.23124694824219,41.41880798339844,129.93988037109375,111.19313049316406
2025-07-22,45.311458587646484,106.7974853515625,41.742515563964844,52.05668258666992,149.88528442382812,129.0431671142578,80.4185562133789,41.9478874206543,41.92656326293945,132.35848999023438,112.31890869140625
2025-07-23,45.46425247192383,107.38167572021484,42.39695739746094,52.47171401977539,152.57492065429688,129.78111267089844,80.4481201171875,42.06569290161133,41.61106872558594,135.07444763183594,112.85191345214844
2025-07-24,44.996002197265625,107.55989837646484,42.69976043701172,52.44206619262695,152.31687927246094,130.32957458496094,80.16238403320312,42.00679016113281,41.55683898925781,134.56890869140625,110.98391723632812
2025-07-25,45.5283317565918,106.55985260009766,42.5385856628418,52.80768966674805,153.82545471191406,130.62872314453125,80.30032348632812,42.00679016113281,41.665287017822266,135.2825927734375,112.01504516601562
2025-07-28,44.867855072021484,105.98556518554688,43.0220947265625,52.44206619262695,153.3490447998047,131.67080688476562,79.47268676757812,41.28033447265625,41.22162628173828,134.10304260253906,112.66759490966797
2025-07-29,44.69533920288086,105.07463073730469,43.44210433959961,52.17526626586914,151.60227966308594,131.67579650878906,79.99488830566406,41.96752166748047,41.69486999511719,133.25057983398438,111.89051818847656
2025-07-30,43.79335021972656,105.40137481689453,42.82185745239258,52.076446533203125,150.85791015625,131.969970703125,79.28549194335938,41.37850570678711,42.005435943603516,133.01268005371094,111.18317413330078
2025-07-31,43.24131393432617,106.35192108154297,42.592315673828125,51.75035095214844,150.86782836914062,131.00267028808594,78.60564422607422,40.65205001831055,42.232200622558594,129.28567504882812,110.30146789550781
2025-08-01,42.74349594116211,105.07463073730469,41.80112075805664,50.791831970214844,148.61489868164062,128.17559814453125,78.98004913330078,40.534244537353516,42.29628372192383,129.97955322265625,107.64144134521484
2025-08-04,43.31032180786133,107.09454345703125,41.70833206176758,51.29579162597656,149.98451232910156,130.77830505371094,79.36431121826172,40.877838134765625,43.04558563232422,131.84303283691406,108.90670776367188
2025-08-05,43.615909576416016,106.26280975341797,41.762054443359375,51.088279724121094,149.67684936523438,129.6963348388672,79.28549194335938,41.01527404785156,42.58713150024414,131.3375244140625,109.04618835449219
2025-08-06,43.14273452758789,106.66876983642578,41.37622833251953,51.335323333740234,149.79595947265625,131.15724182128906,80.4185562133789,40.67168045043945,42.207550048828125,129.36497497558594,111.31269073486328
2025-08-07,43.33003616333008,106.21329498291016,41.21506118774414,50.76218032836914,149.57762145996094,131.27691650390625,81.02942657470703,40.82875442504883,42.66600799560547,127.87813568115234,111.27781677246094
2025-08-08,43.54690170288086,106.56974792480469,41.478790283203125,51.23650360107422,149.69671630859375,132.58824157714844,81.26589965820312,40.49497985839844,42.48360824584961,129.01805114746094,111.47208404541016
2025-08-11,43.44832992553711,107.11433410644531,41.14668655395508,51.21674346923828,149.21038818359375,131.6907501220703,81.19692993164062,40.259368896484375,42.35051345825195,129.1468963623047,111.76100158691406
2025-08-12,44.01515579223633,109.16394805908203,41.346927642822266,51.83928680419922,150.75865173339844,133.73004150390625,81.41368103027344,40.32809066772461,42.53290557861328,130.0390167236328,112.94656372070312
2025-08-13,44.84320831298828,110.01547241210938,41.82554244995117,52.13573455810547,151.3343048095703,133.77989196777344,81.41368103027344,40.593143463134766,42.62657165527344,132.12057495117188,114.49575805664062
2025-08-14,44.374961853027344,110.10458374023438,41.78647232055664,52.38277816772461,149.9944610595703,133.49070739746094,80.68457794189453,40.30845642089844,42.33079528808594,132.7847137451172,114.3662338256836
2025-08-15,44.374961853027344,110.38182830810547,41.78647232055664,51.83928680419922,149.3096466064453,132.47854614257812,80.81266784667969,40.573516845703125,42.207550048828125,135.0149688720703,114.0922622680664
2025-08-18,44.11865997314453,109.70852661132812,41.53739929199219,51.878814697265625,149.89520263671875,132.7627410888672,80.70429229736328,40.190650939941406,42.02515411376953,134.69776916503906,114.55054473876953
2025-08-19,44.384822845458984,109.09463500976562,41.55204772949219,51.97762680053711,150.2227325439453,130.44424438476562,81.53192138671875,40.90728759765625,42.4343147277832,135.5601348876953,114.49575805664062
2025-08-20,44.4193229675293,108.76788330078125,41.8988037109375,52.24443817138672,150.08377075195312,129.5617218017578,81.99500274658203,41.064361572265625,42.47867965698242,136.2936553955078,113.364990234375
2025-08-21,44.552406311035156,108.6490707397461,42.186946868896484,52.076446533203125,149.54782104492188,129.09303283691406,81.25604248046875,40.91710662841797,42.18783187866211,135.83767700195312,112.69251251220703
2025-08-22,45.4346809387207,110.21349334716797,43.046512603759766,52.9361572265625,151.98934936523438,130.8431396484375,81.25604248046875,41.565025329589844,42.41459655761719,136.957763671875,116.11468505859375
2025-08-25,45.18330383300781,110.39173126220703,43.158843994140625,52.629817962646484,150.47084045410156,130.54893493652344,79.8667984008789,41.35887145996094,41.93642044067383,135.0050506591797,115.88056182861328
2025-08-26,45.30652618408203,109.90655517578125,43.09047317504883,53.034969329833984,152.01913452148438,131.14727783203125,79.34459686279297,41.241065979003906,42.03008270263672,135.8476104736328,116.41355895996094
2025-08-27,45.419891357421875,110.09468841552734,43.573974609375,53.14366912841797,151.999267578125,131.85528564453125,79.58106994628906,41.41777038574219,42.03994369506836,135.768310546875,116.43846893310547
2025-08-28,45.419891357421875,110.51054382324219,43.90607452392578,53.21284103393555,152.26724243164062,132.89736938476562,79.07858276367188,41.30978775024414,41.719512939453125,135.2330322265625,116.6377182006836
2025-08-29,45.48396682739258,110.29270935058594,44.145389556884766,53.3511848449707,150.86782836914062,130.8580780029297,79.5909194946289,41.53557586669922,41.56669616699219,136.22425842285156,115.43722534179688
2025-09-02,45.14386749267578,110.10458374023438,44.20887756347656,52.95591354370117,149.42872619628906,129.5367889404297,79.46283721923828,40.82875442504883,41.42866516113281,136.35311889648438,114.57544708251953
2025-09-03,44.83828353881836,111.94625854492188,43.21744918823242,52.86698532104492,148.6744384765625,130.30963134765625,79.40371704101562,40.720767974853516,41.32514572143555,135.7088165283203,115.03871154785156
2025-09-04,45.01079177856445,112.95622253417969,43.50559997558594,53.42035675048828,150.3517608642578,130.95281982421875,79.4529800415039,40.99563980102539,41.275848388671875,136.22425842285156,117.14083099365234
2025-09-05,45.32624053955078,113.56021118164062,42.66557312011719,52.44206619262695,149.79595947265625,131.0625,79.67959594726562,41.407955169677734,41.14767837524414,136.69012451171875,117.11592864990234
2025-09-08,45.36567306518555,113.68893432617188,42.56789779663086,52.481597900390625,150.13340759277344,132.04473876953125,79.3840103149414,41.133079528808594,40.728660583496094,136.6405792236328,117.56922912597656
2025-09-09,44.6263427734375,114.33252716064453,42.77301788330078,52.70887756347656,149.12106323242188,132.29904174804688,79.54165649414062,41.11344909667969,41.00965118408203,137.37408447265625,117.40484619140625
2025-09-10,44.71012878417969,113.49089050292969,43.5202522277832,52.531005859375,150.2227325439453,134.6973114013672,78.76329040527344,41.09381103515625,41.7145881652832,136.12515258789062,116.00010681152344
2025-09-11,45.64662170410156,115.23355102539062,43.53001403808594,53.390708923339844,151.6519012451172,135.1510467529297,79.40371704101562,41.7613639831543,41.93642044067383,138.4941864013672,118.25664520263672
2025-09-12,45.188232421875,116.19400787353516,43.27117156982422,53.163429260253906,150.44107055664062,135.06129455566406,79.13768768310547,41.5748405456543,42.14839172363281,136.89830017089844,118.8693618774414
2025-09-15,44.82349395751953,117.82775115966797,43.124656677246094,53.04484939575195,151.1358184814453,136.27789306640625,78.23123931884766,41.5257568359375,42.24698257446289,135.7286376953125,119.90048217773438
2025-09-16,44.685489654541016,117.35247802734375,43.84746551513672,52.926273345947266,150.68919372558594,135.80421447753906,78.5859375,41.28033447265625,41.477962493896484,135.7286376953125,120.6377182006836
2025-09-17,44.78899383544922,117.65943145751953,43.95003128051758,53.440120697021484,150.00437927246094,135.3355255126953,79.05886840820312,41.26070022583008,41.581485748291016,135.99627685546875,120.3338623046875
2025-09-18,44.78899383544922,117.74853515625,43.81328201293945,53.48952865600586,151.60227966308594,137.67396545410156,78.36917877197266,41.2901496887207,41.61106872558594,136.263916015625,119.79090118408203
2025-09-19,44.7692756652832,118.23371887207031,43.23209762573242,53.60810852050781,151.96949768066406,139.070068359375,78.2115249633789,41.08399200439453,41.877262115478516,136.0854949951172,120.24420166015625
2025-09-22,44.75392532348633,117.82136535644531,43.182350158691406,53.53672409057617,152.47776794433594,141.11595153808594,77.33952331542969,41.219512939453125,42.28322219848633,136.05064392089844,119.85247802734375
2025-09-23,44.61030578613281,117.65245819091797,43.926109313964844,53.29878234863281,152.5176239013672,139.89781188964844,77.7264175415039,41.54594802856445,42.5015869140625,136.3593292236328,118.72471618652344
2025-09-24,44.06555938720703,116.67872619628906,44.497474670410156,53.15007019042969,151.73031616210938,139.0341033935547,77.89506530761719,41.1205940246582,42.804317474365234,135.81166076660156,119.56305694580078
2025-09-25,43.4910888671875,116.28128051757812,44.89645004272461,53.01127243041992,150.70384216308594,138.78948974609375,77.15103149414062,41.02167892456055,42.39240264892578,133.56124877929688,117.87639617919922
2025-09-26,43.996219635009766,117.41398620605469,45.3101921081543,53.397926330566406,152.0592041015625,139.20884704589844,77.33952331542969,41.42724609375,43.08223342895508,134.92543029785156,119.61795043945312
2025-09-29,44.16460037231445,117.79156494140625,44.47777557373047,53.665611267089844,152.527587890625,139.9527130126953,77.48833465576172,41.506378173828125,43.20630645751953,135.32373046875,120.14189910888672
2025-09-30,44.382503509521484,117.61270904541016,44.004920959472656,53.407840728759766,153.70355224609375,140.716552734375,77.74626159667969,41.67454147338867,43.2807502746582,138.57986450195312,119.58301544189453
2025-10-01,43.916988372802734,115.96332550048828,44.004920959472656,52.93195724487305,153.27503967285156,142.09446716308594,77.6272201538086,41.67454147338867,43.697628021240234,142.86163330078125,120.33152770996094
2025-10-02,44.42707061767578,115.70498657226562,43.561622619628906,52.892303466796875,153.6736602783203,142.86331176757812,77.31968688964844,41.4569206237793,43.618221282958984,142.58282470703125,119.46324920654297
2025-10-03,44.50135803222656,115.64537811279297,43.793121337890625,53.25912857055664,153.88294982910156,142.14439392089844,77.40896606445312,41.625083923339844,44.12443161010742,144.20591735839844,118.69477081298828
2025-10-06,44.46173858642578,115.76461029052734,44.00984573364258,53.23929977416992,154.60049438476562,143.58221435546875,76.843505859375,41.20962142944336,44.55122756958008,143.50888061523438,119.71275329589844
2025-10-07,44.28345489501953,115.3174819946289,44.07880401611328,53.30870056152344,153.72349548339844,142.62367248535156,77.55777740478516,41.08102798461914,44.75470733642578,143.618408203125,117.61690521240234
2025-10-08,44.52116775512695,114.84056091308594,43.82267761230469,53.05093002319336,155.0589141845703,145.1248779296875,77.1708755493164,40.87329864501953,45.06240463256836,143.897216796875,117.96621704101562
2025-10-09,43.91203308105469,114.18477630615234,43.226680755615234,52.8625602722168,152.7667694091797,144.8802490234375,77.41889190673828,40.68535232543945,44.94825744628906,143.57858276367188,117.37738800048828
2025-10-10,43.01071548461914,112.0783462524414,41.975589752197266,51.7125129699707,149.38833618164062,138.98419189453125,77.47840881347656,40.24021911621094,44.76462936401367,141.5074005126953,114.1487808227539
2025-10-13,43.69413375854492,113.11168670654297,42.54695510864258,52.20822525024414,150.94302368164062,142.3690643310547,77.22047424316406,40.46773147583008,45.1070671081543,141.34808349609375,116.69873046875
2025-10-14,44.12993240356445,113.85688781738281,42.542030334472656,52.78324890136719,152.71694946289062,140.54183959960938,78.46052551269531,40.853511810302734,45.50905227661133,141.73641967773438,116.94324493408203
2025-10-15,43.93183898925781,114.66171264648438,42.51740264892578,52.78324890136719,152.07913208007812,141.93470764160156,78.59941864013672,41.44702911376953,46.10459518432617,141.9554901123047,117.11290740966797
2025-10-16,43.6049919128418,113.43958282470703,42.00514602661133,51.315940856933594,151.08255004882812,142.03956604003906,78.05379486083984,41.31843185424805,45.60334777832031,141.71652221679688,115.98014831542969
2025-10-17,43.52080154418945,114.20465850830078,42.34993362426758,51.73234176635742,151.21209716796875,142.2891845703125,79.09544372558594,41.585514068603516,45.44453811645508,142.66249084472656,116.9781723022461
2025-10-20,44.040794372558594,115.496337890625,42.79815673828125,52.33710861206055,152.99598693847656,143.87677001953125,79.0260009765625,42.020755767822266,45.429649353027344,144.17604064941406,117.90633392333984
2025-10-21,43.872413635253906,115.90371704101562,42.699649810791016,52.27762222290039,154.35134887695312,143.95166015625,78.65894317626953,41.89216232299805,44.968109130859375,144.5146026611328,119.34848022460938
2025-10-22,43.738704681396484,114.90017700195312,43.24638748168945,51.98019790649414,152.34820556640625,142.52880859375,79.10535430908203,42.080108642578125,44.863887786865234,145.34109497070312,118.41532897949219
2025-10-23,44.26364517211914,114.5126724243164,43.82267761230469,52.08925247192383,154.25167846679688,144.32608032226562,78.71846008300781,42.04054260253906,44.82915115356445,145.4207305908203,118.94926452636719
2025-10-24,44.08041000366211,114.81075286865234,43.37937545776367,52.654361724853516,154.38124084472656,146.56768798828125,78.46052551269531,42.18892288208008,45.35520553588867,145.41078186035156,118.594970703125
2025-10-27,44.060604095458984,116.41045379638672,43.482810974121094,52.872474670410156,155.25823974609375,149.27359008789062,78.5895004272461,42.277950286865234,45.479278564453125,145.7493438720703,120.30158996582031
2025-10-28,44.12002944946289,115.83415985107422,43.029659271240234,52.53539276123047,154.1520233154297,150.7513427734375,77.8057861328125,41.338218688964844,44.72989273071289,144.83323669433594,120.33152770996094
2025-10-29,43.253379821777344,115.5460205078125,43.349822998046875,51.64311218261719,154.5506591796875,151.83470153808594,75.97051239013672,40.21054458618164,44.715003967285156,143.36947631835938,119.33849334716797
2025-10-30,42.67395782470703,113.588623046875,43.09368896484375,51.78190994262695,154.16200256347656,149.96754455566406,75.89114379882812,40.43805694580078,44.52641677856445,143.68812561035156,116.64383697509766
2025-10-31,42.42634582519531,114.07548522949219,43.4089241027832,51.92070770263672,154.53073120117188,150.1123046875,75.67289733886719,40.45783996582031,44.218719482421875,143.63833618164062,119.72772216796875
2025-11-03,42.16387176513672,112.86328887939453,43.41385269165039,51.702598571777344,153.8729705810547,150.72637939453125,75.07767486572266,40.38859558105469,44.24353790283203,143.8374786376953,120.85049438476562
2025-11-04,41.955875396728516,112.0882797241211,42.945926666259766,51.970279693603516,152.08909606933594,146.74742126464844,75.38520050048828,40.497406005859375,44.0847282409668,144.4847412109375,118.84447479248047
2025-11-05,42.2034912109375,112.69438171386719,43.05921173095703,52.14873504638672,152.6770782470703,147.32154846191406,75.33560180664062,40.48751449584961,44.09465026855469,145.0423583984375,120.29161071777344
2025-11-06,41.9954948425293,111.68090057373047,43.477882385253906,51.96036911010742,152.06915283203125,144.3610382080078,74.99830627441406,40.289676666259766,43.901100158691406,145.3211669921875,117.51212310791016
2025-11-07,42.50062942504883,111.39276123046875,44.103431701660156,52.32719039916992,152.806640625,143.86178588867188,76.09947204589844,40.82383728027344,44.51152801513672,145.5203094482422,117.6967544555664
2025-11-10,42.901763916015625,112.5552749633789,44.50239944458008,52.51556396484375,153.6736602783203,147.5412139892578,75.82170104980469,40.79416275024414,44.49664306640625,146.65548706054688,119.24369049072266
2025-11-11,43.347469329833984,113.4693832397461,45.0836181640625,52.753501892089844,153.71353149414062,146.2831268310547,76.8137435913086,41.24919128417969,44.521453857421875,150.0410614013672,119.53810119628906
2025-11-12,43.65451431274414,112.81361389160156,44.453147888183594,53.20955276489258,153.86302185058594,146.73744201660156,76.70462036132812,40.92275619506836,44.62567138671875,152.1719970703125,118.73469543457031
2025-11-13,43.367279052734375,111.21391296386719,44.566436767578125,52.525474548339844,151.48117065429688,143.07797241210938,76.70462036132812,40.38859558105469,44.010284423828125,152.0923309326172,115.77056884765625
2025-11-14,42.97109603881836,110.61775207519531,45.32497024536133,52.000022888183594,151.4911346435547,143.85679626464844,76.64509582519531,40.50729751586914,44.04998779296875,151.18618774414062,115.21666717529297
2025-11-17,42.31739044189453,110.46870422363281,44.497474670410156,51.008602142333984,150.0062255859375,141.605224609375,76.15898895263672,40.24021911621094,44.4470100402832,151.05673217773438,114.1338119506836
2025-11-18,42.35205841064453,111.09468078613281,44.85211181640625,50.92928695678711,149.33851623535156,139.3037109375,76.48636627197266,40.38859558105469,44.27827453613281,151.94296264648438,112.02798461914062
2025-11-19,42.46100997924805,110.47864532470703,44.27090072631836,51.11766052246094,149.83680725097656,140.27223205566406,75.90106964111328,40.072052001953125,43.906063079833984,151.68406677246094,112.03297424316406
2025-11-20,41.827117919921875,109.26644897460938,43.76849365234375,50.6715202331543,147.32540893554688,135.86891174316406,76.44668579101562,39.93356704711914,43.682735443115234,150.77792358398438,110.36128997802734
2025-11-21,42.763099670410156,111.1841049194336,44.0443229675293,51.22671127319336,149.1192626953125,136.39312744140625,77.2800064086914,40.45783996582031,43.74725341796875,153.95440673828125,112.52699279785156
2025-11-24,42.847286224365234,112.28700256347656,43.92118453979492,51.444828033447266,149.48800659179688,139.6431884765625,76.38716888427734,40.517189025878906,44.24353790283203,154.6016387939453,114.02901458740234
2025-11-25,43.48613739013672,113.56875610351562,43.645355224609375,52.08925247192383,151.4014434814453,140.0176239013672,77.43872833251953,40.843624114990234,44.074798583984375,158.09677124023438,116.46917724609375
2025-11-26,44.0209846496582,113.72772216796875,43.975364685058594,52.49573516845703,152.2784423828125,141.67510986328125,78.28196716308594,41.02167892456055,44.6604118347168,157.7482452392578,117.2676010131836
2025-11-28,44.27355194091797,114.65177917480469,44.55165481567383,52.872474670410156,153.1654052734375,142.8932647705078,78.7383041381836,41.219512939453125,44.978031158447266,156.98150634765625,117.99616241455078
2025-12-01,44.16460037231445,114.11522674560547,44.98017883300781,52.436248779296875,150.923095703125,142.95816040039062,78.65894317626953,40.64578628540039,43.9259147644043,154.6315155029297,118.06602478027344
2025-12-02,43.763465881347656,114.4927978515625,44.39896774291992,52.38667678833008,152.2385711669922,144.43092346191406,78.14307403564453,40.54686737060547,43.613258361816406,153.70545959472656,117.98617553710938
2025-12-03,44.07050704956055,114.39344024658203,45.23138427734375,53.0905876159668,153.6836395263672,144.77540588378906,78.20260620117188,40.625999450683594,43.47429656982422,154.4224090576172,119.25865936279297
2025-12-04,43.81298828125,115.0492172241211,45.42348098754883,53.19964599609375,154.48089599609375,145.31459045410156,77.82562255859375,40.556758880615234,43.38496780395508,153.24740600585938,118.8344955444336
2025-12-05,43.66937255859375,116.38064575195312,45.236305236816406,53.2194709777832,154.0523681640625,146.3779754638672,77.8355484008789,40.54686737060547,42.9780158996582,152.61012268066406,119.49319458007812
2025-12-08,43.065189361572266,115.5162124633789,44.743751525878906,53.02118682861328,153.86302185058594,147.4064178466797,77.19071960449219,40.29956817626953,42.4023323059082,150.78787231445312,117.75662994384766
2025-12-09,42.97604751586914,115.64537811279297,45.019588470458984,52.82290267944336,152.7368621826172,147.7958221435547,77.3692855834961,40.062164306640625,42.432106018066406,149.32412719726562,117.74665832519531
2025-12-10,43.81794357299805,116.32102966308594,45.49243927001953,53.427669525146484,155.52731323242188,148.50474548339844,77.59745788574219,40.141300201416016,42.412254333496094,151.494873046875,119.47322845458984
2025-12-11,44.689544677734375,116.06269073486328,45.27571487426758,54.399261474609375,157.19161987304688,147.7458953857422,78.17284393310547,40.358917236328125,42.71995162963867,152.92877197265625,119.94229888916016
2025-12-12,44.719261169433594,115.80435943603516,44.83241271972656,54.47857666015625,156.2050018310547,143.47238159179688,78.78790283203125,40.3094596862793,42.511512756347656,153.40673828125,120.46126556396484
2025-12-15,44.689544677734375,115.82421875,44.51717758178711,54.51823425292969,156.4541473388672,142.08448791503906,79.00615692138672,40.46773147583008,42.89861297607422,155.43809509277344,121.4892349243164
2025-12-16,44.5706901550293,115.90371704101562,43.1577262878418,54.171234130859375,155.52731323242188,142.34408569335938,78.64901733398438,40.11162185668945,42.71995162963867,153.4167022705078,121.6888427734375
2025-12-17,44.758872985839844,115.06908416748047,44.11328125,54.16132354736328,153.00595092773438,139.17889404296875,79.01607513427734,40.289676666259766,42.44203186035156,153.13787841796875,120.28162384033203
2025-12-18,44.73906707763672,115.72486877441406,43.47296142578125,54.07209396362305,154.00253295898438,141.3256378173828,78.55973815917969,40.04237747192383,42.858909606933594,153.2573699951172,122.0980224609375
2025-12-19,44.937156677246094,115.77454376220703,43.47296142578125,54.3695182800293,155.3280029296875,144.38101196289062,78.15299987792969,39.89400100708008,42.3129997253418,154.2830047607422,121.60899353027344
2025-12-22,45.467796325683594,116.28890991210938,43.92301940917969,55.03709030151367,157.0500030517578,145.16000366210938,77.87999725341797,40.189998626708984,42.470001220703125,155.3000030517578,122.33999633789062
2025-12-23,45.54744338989258,117.01658630371094,44.21113586425781,55.14652633666992,156.99000549316406,145.9499969482422,77.51000213623047,40.18000030517578,42.619998931884766,154.99000549316406,122.16999816894531
2025-12-24,45.637046813964844,117.71435546875,44.08198165893555,55.44499206542969,157.5,146.3000030517578,78.12000274658203,40.439998626708984,42.810001373291016,155.8000030517578,122.58999633789062
2025-12-26,45.905853271484375,117.59474182128906,43.9130859375,55.33555221557617,157.2100067138672,146.52999877929688,78.2300033569336,40.52000045776367,42.779998779296875,156.0500030517578,122.05000305175781
2025-12-29,45.53749084472656,117.5149917602539,44.33035659790039,55.03709030151367,156.8699951171875,145.8699951171875,78.27999877929688,40.630001068115234,42.86000061035156,155.80999755859375,120.8499984741211
2025-12-30,45.52753448486328,117.9137191772461,44.66815185546875,54.897804260253906,156.4199981689453,145.41000366210938,78.1500015258789,40.720001220703125,42.959999084472656,155.67999267578125,120.36000061035156
2025-12-31,45.14921569824219,117.34553527832031,44.41977310180664,54.48990249633789,155.1199951171875,143.97000122070312,77.68000030517578,40.349998474121094,42.689998626708984,154.8000030517578,119.41000366210938
2026-01-02,45.91580581665039,116.52814483642578,45.35367202758789,54.64908218383789,157.97999572753906,144.3000030517578,77.69000244140625,40.380001068115234,43.18000030517578,155.50999450683594,118.3499984741211
2026-01-05,46.37377166748047,117.37544250488281,46.58562088012695,55.84294891357422,159.85000610351562,144.6199951171875,77.3499984741211,40.43000030517578,42.70000076293945,155.0399932861328,120.30000305175781
2026-01-06,47.289695739746094,116.95677947998047,45.34373474121094,56.111568450927734,162.02000427246094,146.64999389648438,77.47000122070312,40.70000076293945,42.90999984741211,158.08999633789062,121.06999969482422
2026-01-07,46.47332763671875,116.71753692626953,44.8370475769043,55.32560729980469,158.97000122070312,146.52999877929688,76.62000274658203,40.13999938964844,41.869998931884766,159.66000366210938,120.9000015258789
2026-01-08,47.289695739746094,117.1063003540039,46.24782943725586,55.6141242980957,160.1699981689453,144.24000549316406,78.44000244140625,40.439998626708984,41.9900016784668,158.1199951171875,122.91999816894531
2026-01-09,48.046329498291016,117.5349349975586,46.36705017089844,55.44499206542969,161.92999267578125,146.14999389648438,79.25,40.5,42.5099983215332,157.30999755859375,124.41000366210938
2026-01-12,48.305179595947266,117.17607879638672,46.03919219970703,55.00724411010742,163.1699981689453,146.7899932861328,80.18000030517578,40.619998931884766,42.58000183105469,157.3800048828125,124.5199966430664
2026-01-13,48.514251708984375,116.51817321777344,46.694908142089844,53.95266342163086,164.00999450683594,146.47999572753906,81.11000061035156,40.93000030517578,42.849998474121094,156.74000549316406,124.20999908447266
2026-01-14,48.53416442871094,116.26896667480469,47.74802780151367,53.87307357788086,164.27000427246094,144.6999969482422,82.2300033569336,41.38999938964844,43.16999816894531,157.86000061035156,122.25
2026-01-15,48.74323272705078,115.84033966064453,47.30094909667969,54.09194564819336,165.77999877929688,145.4600067138672,82.37000274658203,41.70000076293945,43.61000061035156,156.9600067138672,122.69999694824219
2026-01-16,48.464473724365234,114.80364227294922,47.380428314208984,54.16158676147461,166.89999389648438,145.6199951171875,82.11000061035156,42.209999084472656,43.38999938964844,155.74000549316406,122.30000305175781
2026-01-20,47.97663879394531,113.10905456542969,47.291011810302734,52.92793273925781,163.52999877929688,141.83999633789062,82.36000061035156,41.400001525878906,42.959999084472656,155.39999389648438,119.12000274658203
2026-01-21,49.021995544433594,114.2653579711914,48.43354797363281,53.18659973144531,166.36000061035156,143.80999755859375,82.44000244140625,41.54999923706055,43.02000045776367,158.25999450683594,121.4000015258789
2026-01-22,49.30075454711914,115.88021087646484,48.59251022338867,53.534812927246094,165.5,144.8800048828125,82.2699966430664,41.13999938964844,42.709999084472656,158.2899932861328,122.62000274658203
2026-01-23,49.74876403808594,116.58795166015625,48.87069320678711,52.7985954284668,164.22000122070312,145.08999633789062,82.91000366210938,41.25,42.560001373291016,157.47999572753906,123.12999725341797
2026-01-26,49.808494567871094,117.39537048339844,48.90049743652344,53.13685607910156,164.3800048828125,146.0800018310547,82.77999877929688,41.220001220703125,42.869998931884766,158.10000610351562,122.31999969482422
2026-01-27,49.75871658325195,116.52814483642578,49.34757614135742,52.72895431518555,165.05999755859375,148.0500030517578,83.16000366210938,41.25,43.43000030517578,155.4499969482422,122.69000244140625
2026-01-28,49.728851318359375,116.37862396240234,49.7251091003418,52.7190055847168,164.13999938964844,149.22999572753906,82.31999969482422,40.849998474121094,43.33000183105469,154.30999755859375,121.7699966430664
2026-01-29,49.778629302978516,119.40895080566406,50.18212127685547,53.27614212036133,165.86000061035156,146.8699951171875,82.12999725341797,41.369998931884766,43.33000183105469,153.82000732421875,121.19000244140625
2026-01-30,49.05186080932617,119.69802856445312,50.7186164855957,53.16670227050781,165.44000244140625,143.8800048828125,83.51000213623047,41.43000030517578,43.25,154.74000549316406,121.16999816894531
2026-02-02,49.430179595947266,119.2893295288086,49.7251091003418,53.753684997558594,167.52999877929688,145.25999450683594,84.5,40.959999084472656,42.619998931884766,155.69000244140625,121.97000122070312
2026-02-03,50.475528717041016,117.36547088623047,51.334590911865234,53.25624084472656,168.94000244140625,142.0800018310547,85.87000274658203,40.810001373291016,43.2400016784668,154.10000610351562,120.98999786376953
2026-02-04,51.66025924682617,116.428466796875,52.487064361572266,53.684043884277344,169.38999938964844,138.1199951171875,86.98999786376953,41.459999084472656,43.08000183105469,156.02999877929688,120.0999984741211
2026-02-05,50.27641296386719,115.84033966064453,51.871089935302734,53.01747131347656,168.3699951171875,135.6300048828125,86.91999816894531,41.22999954223633,43.099998474121094,154.83999633789062,117.51000213623047
2026-02-06,51.28194046020508,115.39176940917969,52.90433883666992,53.98250961303711,173.17999267578125,141.1300048828125,87.94000244140625,41.9900016784668,43.349998474121094,157.7100067138672,117.98999786376953
2026-02-09,51.948978424072266,116.5082015991211,53.291805267333984,53.664146423339844,173.6999969482422,143.35000610351562,87.43000030517578,42.25,43.47999954223633,156.32000732421875,117.55000305175781
2026-02-10,52.675743103027344,117.20597839355469,53.23219680786133,53.27614212036133,173.91000366210938,142.5500030517578,87.1500015258789,42.84000015258789,44.20000076293945,155.3300018310547,118.33000183105469
2026-02-11,53.382598876953125,116.36865234375,54.62310791015625,52.47028350830078,174.83999633789062,142.97000122070312,88.4000015258789,42.79999923706055,44.59000015258789,156.25,117.76000213623047
2026-02-12,52.596099853515625,114.27532958984375,53.629600524902344,51.42565155029297,172.75,139.2100067138672,89.20999908447266,42.869998931884766,45.25,156.0,116.12999725341797
2026-02-13,53.073974609375,114.21552276611328,53.997196197509766,51.385860443115234,174.1699981689453,139.55999755859375,89.51000213623047,43.5,46.5,157.6699981689453,116.18000030517578
2026-02-17,52.4666748046875,114.03609466552734,53.401092529296875,51.93304443359375,175.0800018310547,139.47999572753906,88.19999694824219,43.939998626708984,46.380001068115234,157.3699951171875,116.04000091552734
2026-02-18,52.78525924682617,114.2254867553711,54.42440414428711,52.32105255126953,175.0399932861328,140.91000366210938,88.04000091552734,43.349998474121094,45.61000061035156,157.6699981689453,117.0199966430664
2026-02-19,52.596099853515625,114.77374267578125,54.82181167602539,51.88330078125,176.33999633789062,140.2100067138672,87.66999816894531,43.20000076293945,46.11000061035156,157.25999450683594,116.23999786376953
2026-02-20,52.725521087646484,116.428466796875,54.52375793457031,52.22156524658203,177.22999572753906,140.8800048828125,87.88999938964844,43.560001373291016,46.33000183105469,156.82000732421875,117.44999694824219
2026-02-23,52.725521087646484,114.9930419921875,54.79200744628906,50.47056198120117,174.8300018310547,138.52000427246094,88.97000122070312,43.61000061035156,46.68000030517578,158.5399932861328,114.98999786376953
2026-02-24,53.12375259399414,115.7905044555664,54.74232864379883,50.71928405761719,176.97999572753906,140.32000732421875,89.73999786376953,43.72999954223633,47.20000076293945,157.8699951171875,116.73999786376953
2026-02-25,52.82508087158203,116.1294174194336,54.51382064819336,51.604732513427734,175.60000610351562,143.00999450683594,89.01000213623047,43.439998626708984,47.36000061035156,157.8300018310547,117.08999633789062
2026-02-26,52.76534652709961,116.34871673583984,54.69265365600586,52.231510162353516,176.6999969482422,141.00999450683594,88.86000061035156,43.630001068115234,47.18000030517578,157.4199981689453,117.05000305175781
2026-02-27,53.17353057861328,117.67449188232422,55.557003021240234,51.16698455810547,177.13999938964844,138.75999450683594,90.01000213623047,43.84000015258789,47.72999954223633,160.1999969482422,116.86000061035156
2026-03-02,53.01424026489258,117.49506378173828,56.66973876953125,51.03764724731445,178.89999389648438,139.5399932861328,88.70999908447266,43.91999816894531,47.369998931884766,158.52999877929688,115.41999816894531
2026-03-03,51.71003723144531,117.58477020263672,56.15311050415039,50.9481086730957,175.44000244140625,137.5,87.73999786376953,43.70000076293945,47.06999969482422,156.74000549316406,114.36000061035156
2026-03-04,51.69012451171875,118.4121322631836,55.825252532958984,51.23662567138672,175.97000122070312,139.83999633789062,87.16000366210938,43.7599983215332,47.27000045776367,157.0500030517578,116.38999938964844
2026-03-05,50.60495376586914,118.06324768066406,56.11336898803711,50.9680061340332,172.05999755859375,140.17999267578125,85.41000366210938,43.34000015258789,46.900001525878906,153.91000366210938,116.55000305175781
2026-03-06,49.63924789428711,117.08636474609375,56.20278549194336,50.31138229370117,169.94000244140625,137.2899932861328,85.77999877929688,42.88999938964844,46.7400016784668,152.6999969482422,114.44000244140625
2026-03-09,49.768672943115234,117.18604278564453,55.954410552978516,50.072608947753906,170.94000244140625,139.75999450683594,85.97000122070312,42.97999954223633,46.849998474121094,154.25999450683594,114.58999633789062
2026-03-10,49.65916061401367,117.0066146850586,55.23908233642578,49.80398941040039,170.02000427246094,139.75999450683594,85.72000122070312,42.91999816894531,46.560001373291016,153.14999389648438,114.44000244140625
2026-03-11,49.61933517456055,116.62782287597656,56.61012649536133,49.38613510131836,169.49000549316406,140.42999267578125,84.58999633789062,42.40999984741211,46.16999816894531,152.85000610351562,114.13999938964844
2026-03-12,49.460044860839844,114.90332794189453,57.13668441772461,48.58028030395508,165.24000549316406,137.83999633789062,84.25,42.13999938964844,46.5,150.16000366210938,111.5199966430664
2026-03-13,48.97221374511719,114.0859375,57.3254508972168,48.63997268676758,164.64999389648438,136.8000030517578,84.73999786376953,42.25,46.959999084472656,149.7899932861328,110.86000061035156
2026-03-16,49.1812858581543,114.96314239501953,57.52415466308594,49.047874450683594,166.05999755859375,138.77999877929688,84.9800033569336,42.58000183105469,47.2599983215332,151.00999450683594,112.19999694824219
2026-03-17,49.30075454711914,115.00301361083984,58.130191802978516,49.306549072265625,166.5,139.5399932861328,84.69999694824219,42.720001220703125,47.130001068115234,149.63999938964844,113.18000030517578
2026-03-18,48.265357971191406,113.29845428466797,58.05071258544922,48.719566345214844,165.17999267578125,137.9600067138672,82.63999938964844,42.02000045776367,46.72999954223633,147.13999938964844,110.56999969482422
2026-03-19,47.52863693237305,112.78010559082031,58.97467803955078,48.739463806152344,164.05999755859375,138.42999267578125,81.97000122070312,41.91999816894531,46.540000915527344,146.61000061035156,109.69999694824219
2026-03-20,46.77199935913086,111.87300109863281,58.92500305175781,48.829002380371094,161.6699981689453,135.2899932861328,81.29000091552734,40.59000015258789,44.650001525878906,145.3300018310547,107.73999786376953
2026-03-23,47.54999923706055,112.70999908447266,59.630001068115234,49.27000045776367,163.0500030517578,136.9499969482422,81.18000030517578,40.619998931884766,44.779998779296875,144.77000427246094,110.12000274658203
2026-03-24,48.45000076293945,111.12999725341797,60.84000015258789,49.279998779296875,164.0,136.14999389648438,81.11000061035156,40.290000915527344,45.09000015258789,144.7899932861328,109.68000030517578
