Date,AAPL,AMZN,AVGO,BRK-B,COST,CVX,GOOG,GOOGL,JNJ,JPM,LLY,MA,META,MSFT,NVDA,ORCL,TSLA,V,WMT,XOM
2016-03-28,23.823488235473633,28.993499755859375,11.717963218688965,141.2899932861328,128.63580322265625,61.90151596069336,36.377838134765625,37.35525894165039,82.20646667480469,45.42189407348633,59.79647445678711,85.96002197265625,112.80477142333984,47.1092643737793,0.8526425957679749,34.97130584716797,15.350666999816895,69.06104278564453,19.0262508392334,54.477752685546875
2016-03-29,24.38741683959961,29.69300079345703,11.796799659729004,141.89999389648438,130.8180694580078,62.3199577331543,36.93526077270508,37.980587005615234,82.89767456054688,45.13896942138672,60.71096420288086,87.410888671875,115.23567962646484,48.13874053955078,0.8663514256477356,35.04020309448242,15.342000007629395,70.27296447753906,19.001110076904297,54.67828369140625
2016-03-30,24.813199996948242,29.934499740600586,12.011104583740234,142.4600067138672,132.78968811035156,62.274192810058594,37.22092056274414,38.102088928222656,82.77616119384766,45.65894317626953,60.778690338134766,88.38129425048828,113.80689239501953,48.437904357910156,0.8754090666770935,35.27265930175781,15.12600040435791,71.57814025878906,19.216176986694336,54.67180633544922
2016-03-31,24.68410301208496,29.68199920654297,11.825116157531738,141.8800048828125,132.77281188964844,62.37226486206055,36.94419479370117,37.83232116699219,82.18367767333984,45.28424835205078,60.973445892333984,89.03135681152344,113.21157836914062,48.596275329589844,0.8722269535064697,35.22100067138672,15.317999839782715,71.29847717285156,19.129594802856445,54.07024383544922
2016-04-01,24.91057777404785,29.924999237060547,12.077691078186035,143.7899932861328,133.3373565673828,61.62692642211914,37.19016647338867,38.16804122924805,82.93563079833984,45.78129959106445,62.1673583984375,90.32209777832031,115.15630340576172,48.89543151855469,0.8849565386772156,35.436214447021484,15.839332580566406,72.33326721191406,19.288799285888672,53.6627197265625
2016-04-04,25.1665096282959,29.659500122070312,11.940686225891113,143.22000122070312,132.89918518066406,61.084259033203125,36.96105194091797,37.94240951538086,82.47992706298828,45.6041259765625,61.96413040161133,89.5495376586914,111.67365264892578,48.77225112915039,0.876388430595398,35.35873031616211,16.465999603271484,72.55699157714844,19.299970626831055,53.7921028137207
2016-04-05,24.86981773376465,29.30699920654297,11.865679740905762,141.1999969482422,131.43316650390625,60.587379455566406,36.589599609375,37.617591857910156,82.75334167480469,44.957027435302734,61.8455696105957,88.89005279541016,111.34622192382812,48.00674057006836,0.875164270401001,34.89383316040039,17.031333923339844,71.75527954101562,19.171485900878906,53.177581787109375
2016-04-06,25.130277633666992,30.104000091552734,12.05778980255127,141.6999969482422,132.09033203125,62.00612258911133,36.98088836669922,38.08869934082031,83.11034393310547,45.30369567871094,63.30198287963867,89.4469985961914,112.82461547851562,48.49949645996094,0.876388430595398,35.0832405090332,17.69466781616211,72.91124725341797,19.28321647644043,53.88911819458008
2016-04-07,24.58218765258789,29.571500778198242,11.861088752746582,140.80999755859375,128.09654235839844,61.97344207763672,36.71259307861328,37.694454193115234,82.99641418457031,44.15587615966797,63.15802001953125,88.27642822265625,112.75515747070312,47.91875457763672,0.86733078956604,34.41172790527344,17.14666748046875,72.32393646240234,19.05417823791504,53.28107833862305
2016-04-08,24.6093692779541,29.729999542236328,11.951404571533203,141.05999755859375,127.7763442993164,62.980289459228516,36.656551361083984,37.6622200012207,82.86726379394531,44.47941207885742,62.988670349121094,88.54077911376953,109.76858520507812,47.88356018066406,0.8729612827301025,34.747467041015625,16.67133331298828,72.74345397949219,19.009496688842773,53.824424743652344
2016-04-11,24.690895080566406,29.796499252319336,11.910073280334473,140.99000549316406,125.58572387695312,62.267635345458984,36.50529479980469,37.56650924682617,82.76856231689453,44.833778381347656,62.61610794067383,88.23865509033203,108.14134979248047,47.78677749633789,0.8783466219902039,34.77330017089844,16.661333084106445,72.54769134521484,18.82515525817871,53.895606994628906
2016-04-12,25.01250648498535,30.15850067138672,11.896294593811035,142.39999389648438,126.82427215576172,63.75178527832031,36.85194778442383,37.902732849121094,83.24706268310547,45.665748596191406,63.141090393066406,88.60681915283203,109.74874877929688,48.0859375,0.8773675560951233,34.92884063720703,16.521333694458008,73.20022583007812,19.216176986694336,54.56185531616211
2016-04-13,25.3748722076416,30.740999221801758,12.206277847290039,144.0399932861328,127.9701919555664,63.810604095458984,37.27993392944336,38.27912521362305,83.45213317871094,47.59927749633789,63.640663146972656,90.39106750488281,109.64954376220703,48.70184326171875,0.8993995785713196,35.697933197021484,16.968666076660156,74.30964660644531,19.313941955566406,54.87234115600586
2016-04-14,25.388460159301758,31.037500381469727,12.15575885772705,143.72000122070312,127.56572723388672,64.05905151367188,37.35333251953125,38.451698303222656,83.42935180664062,48.215572357177734,64.03862762451172,90.78755187988281,109.9769515991211,48.710655212402344,0.9018478393554688,35.637454986572266,16.790666580200195,74.88762664794922,19.216176986694336,55.260440826416016
2016-04-15,24.878875732421875,31.29450035095215,11.900888442993164,143.4499969482422,129.0570831298828,63.568702697753906,37.640968322753906,38.6803092956543,83.68760681152344,47.66092300415039,63.95396423339844,91.2690200805664,108.78630828857422,48.96583557128906,0.9089468121528625,35.447330474853516,16.96733283996582,74.65454864501953,19.288799285888672,54.962890625
2016-04-18,24.342126846313477,31.767499923706055,11.932270050048828,144.3800048828125,129.16664123535156,64.52977752685547,38.01837158203125,39.061161041259766,84.25726318359375,47.96906661987305,65.38493347167969,92.20358276367188,109.58999633789062,49.67852783203125,0.9050301313400269,35.637454986572266,16.92533302307129,75.9317398071289,19.512243270874023,55.48684310913086
2016-04-19,24.213029861450195,31.395000457763672,11.56258773803711,145.9499969482422,129.48680114746094,65.70663452148438,37.38953399658203,38.49435043334961,85.58647918701172,48.777915954589844,65.41035461425781,91.79764556884766,111.41565704345703,49.616943359375,0.8888732194900513,35.481903076171875,16.4913330078125,75.2791748046875,19.48710823059082,55.76498031616211
2016-04-20,24.262853622436523,31.649499893188477,11.727914810180664,146.08999633789062,128.6947784423828,66.48465728759766,37.327049255371094,38.42838668823242,86.27008056640625,49.486629486083984,65.26643371582031,92.42069244384766,111.54464721679688,48.91304016113281,0.8923004865646362,35.51647186279297,16.6646671295166,75.6520767211914,19.33069610595703,56.146629333496094
2016-04-21,24.0001277923584,31.549999237060547,11.584022521972656,144.86000061035156,127.58261108398438,66.29503631591797,37.64791488647461,38.6803092956543,86.26248931884766,48.993614196777344,65.51193237304688,92.08089447021484,112.55672454833984,49.08020782470703,0.8913214206695557,35.421409606933594,16.55266761779785,75.31645202636719,19.124008178710938,56.14017105102539
2016-04-22,23.934457778930664,31.024999618530273,11.50595474243164,146.11000061035156,126.31871795654297,66.69384765625,35.64584732055664,36.586116790771484,86.07262420654297,49.27864074707031,65.90145111083984,91.99589538574219,109.69912719726562,45.56065368652344,0.8878940939903259,35.17081832885742,16.916667938232422,73.75028991699219,19.193836212158203,56.61882781982422
2016-04-25,23.798564910888672,31.309999465942383,11.411810874938965,146.17999267578125,127.65838623046875,66.36695098876953,35.86307144165039,36.806297302246094,86.2168960571289,48.993614196777344,65.99459075927734,91.5522232055664,109.24272155761719,45.85102462768555,0.8923004865646362,35.23994445800781,16.788000106811523,72.84598541259766,19.40331268310547,56.489479064941406
2016-04-26,23.63323402404785,30.8439998626709,11.538864135742188,147.02000427246094,128.57688903808594,66.87691497802734,35.11867904663086,35.9712028503418,85.76119232177734,49.24782943725586,64.5805435180664,91.82597351074219,107.91315460205078,45.26148223876953,0.893034815788269,35.12759780883789,16.916000366210938,73.20956420898438,19.3558349609375,56.68351364135742
2016-04-27,22.154319763183594,30.328500747680664,11.597797393798828,147.60000610351562,128.2556610107422,67.89683532714844,35.00461196899414,35.777305603027344,85.65482330322266,49.3864860534668,64.78375244140625,92.87384796142578,108.04214477539062,44.82155227661133,0.913353443145752,35.30043029785156,16.764667510986328,73.42399597167969,19.389345169067383,57.22039794921875
2016-04-28,21.477140426635742,30.100000381469727,11.32685375213623,146.07000732421875,127.9768295288086,66.94884490966797,34.26964569091797,34.96402359008789,85.43457794189453,48.993614196777344,64.74143981933594,91.74102783203125,115.82109069824219,43.90646743774414,0.8861804008483887,34.85107421875,16.513999938964844,72.41716003417969,19.24690055847168,56.942256927490234
2016-04-29,21.230274200439453,32.97949981689453,11.155407905578613,145.47999572753906,125.17969512939453,66.80501556396484,34.368343353271484,35.10386657714844,85.13077545166016,48.685482025146484,63.95396423339844,91.5616683959961,116.66448211669922,43.88005447387695,0.8697788119316101,34.44491958618164,16.05066680908203,72.00696563720703,18.677122116088867,57.181583404541016
2016-05-02,21.207630157470703,34.192501068115234,11.180665016174316,146.88999938964844,127.54586029052734,67.5438003540039,34.626220703125,35.42768859863281,85.63965606689453,49.139976501464844,64.98696899414062,92.29801940917969,117.64677429199219,44.53117752075195,0.8812843561172485,34.825157165527344,16.1200008392334,73.144287109375,18.878217697143555,57.65379333496094
2016-05-03,21.55641746520996,33.566001892089844,10.960236549377441,144.8300018310547,127.95152282714844,66.24275207519531,34.336097717285156,35.13163375854492,85.5940933227539,48.19245910644531,64.5636215209961,91.0518798828125,116.51564025878906,43.800872802734375,0.8707578778266907,34.28938293457031,15.48799991607666,71.96036529541016,18.713430404663086,56.99399948120117
2016-05-04,21.332195281982422,33.54499816894531,10.873748779296875,144.24000549316406,128.03594970703125,65.76547241210938,34.501747131347656,35.27693557739258,85.23709869384766,47.42982482910156,63.395118713378906,90.86306762695312,117.14073944091797,43.88005447387695,0.8509291410446167,33.95236587524414,14.837332725524902,71.84848022460938,18.76650047302246,56.88404083251953
2016-05-05,21.24560546875,32.954498291015625,10.912781715393066,143.8800048828125,124.93455505371094,66.30810546875,34.78590774536133,35.44257354736328,85.73838806152344,47.17560577392578,63.73381042480469,90.80644989013672,116.89269256591797,43.941654205322266,0.8560696840286255,33.9005126953125,14.10200023651123,72.11884307861328,18.772090911865234,56.948726654052734
2016-05-06,21.127120971679688,33.6974983215332,10.859972953796387,144.6199951171875,123.7514877319336,66.5958023071289,35.26646423339844,35.96177291870117,85.63204956054688,47.45293045043945,63.16646957397461,91.2690200805664,118.5595932006836,44.337615966796875,0.8648828864097595,34.05606460571289,14.328666687011719,72.4544448852539,19.062562942504883,57.25273513793945
2016-05-09,21.143070220947266,33.98749923706055,10.899005889892578,142.91000366210938,125.568359375,65.60853576660156,35.35474395751953,36.15766143798828,86.37642669677734,47.15250015258789,64.00475311279297,91.30677032470703,118.31156158447266,44.05603790283203,0.8636587858200073,34.012847900390625,13.928000450134277,72.92058563232422,19.258071899414062,57.29155349731445
2016-05-10,21.286617279052734,35.153499603271484,11.068155288696289,144.77999877929688,126.38811492919922,66.21005249023438,35.86455535888672,36.665958404541016,87.09800720214844,47.7918815612793,65.0970458984375,92.17526245117188,119.5617446899414,44.891944885253906,0.8803050518035889,34.583187103271484,13.912667274475098,73.83416748046875,19.21338653564453,58.21009063720703
2016-05-11,21.079269409179688,35.6614990234375,11.00998592376709,142.8699951171875,124.3261489868164,66.12506103515625,35.4732666015625,36.22807693481445,86.8701171875,47.61470031738281,65.0458984375,91.01411437988281,118.58937072753906,44.9183464050293,0.882753312587738,34.26346206665039,13.93066692352295,72.19052124023438,18.6844482421875,57.92958450317383
2016-05-12,20.58481788635254,35.89649963378906,10.794914245605469,143.30999755859375,123.98806762695312,66.76577758789062,35.37507247924805,36.10509490966797,86.76377868652344,47.583892822265625,64.74755859375,90.4854507446289,119.34345245361328,45.323081970214844,0.8707578778266907,34.41034698486328,13.8186674118042,72.74150085449219,18.80824089050293,58.49057388305664
2016-05-13,20.625831604003906,35.49599838256836,10.719144821166992,141.39999389648438,122.1120376586914,65.8635482788086,35.25208282470703,35.94442367553711,86.25489044189453,47.14478302001953,65.06295776367188,90.02286529541016,118.87711334228516,44.944732666015625,1.0031952857971191,34.2288818359375,13.840666770935059,71.75159454345703,18.27086067199707,57.831756591796875
2016-05-16,21.391443252563477,35.53300094604492,10.918142318725586,141.85000610351562,123.20219421386719,66.87691497802734,35.532779693603516,36.215675354003906,86.92330169677734,47.4991455078125,66.73363494873047,90.76866149902344,117.74598693847656,45.60466003417969,1.0328165292739868,34.53999328613281,13.88599967956543,72.65746307373047,18.57472038269043,58.42534637451172
2016-05-17,21.302576065063477,34.76350021362305,10.804864883422852,140.33999633789062,121.35150909423828,66.56639099121094,35.023963928222656,35.71432113647461,86.45997619628906,47.4991455078125,65.11410522460938,90.24944305419922,116.43626403808594,44.75404739379883,1.0350199937820435,34.22024154663086,13.644000053405762,71.71424102783203,18.31587791442871,58.39925003051758
2016-05-18,21.5463809967041,34.872501373291016,11.01228141784668,141.47000122070312,119.39938354492188,66.1104965209961,35.04379653930664,35.79317092895508,86.27767944335938,49.33257293701172,65.06295776367188,90.27774810791016,116.73393249511719,45.01985168457031,1.0614582300186157,34.10790252685547,14.07800006866455,72.31188201904297,17.767248153686523,58.28181457519531
2016-05-19,21.4643497467041,34.92599868774414,10.925028800964355,140.7899932861328,120.5909423828125,65.97174835205078,34.73086166381836,35.47231674194336,85.7155990600586,48.83184051513672,63.34113693237305,89.39983367919922,115.90047454833984,44.585697174072266,1.06610906124115,33.56349182128906,14.347332954406738,71.79829406738281,19.469411849975586,58.777565002441406
2016-05-20,21.69676399230957,35.13999938964844,11.23041820526123,141.8300018310547,120.58250427246094,65.9321060180664,35.19802474975586,35.789695739746094,86.16695404052734,48.92427062988281,63.76731872558594,90.12672424316406,116.43626403808594,44.851505279541016,1.085204005241394,34.05606460571289,14.685333251953125,72.53606414794922,19.65510368347168,58.536231994628906
2016-05-23,21.97247886657715,34.837501525878906,11.335274696350098,141.47999572753906,120.00782012939453,65.66121673583984,34.925270080566406,35.56852340698242,85.79976654052734,48.88575744628906,63.14508819580078,89.75857543945312,115.0670166015625,44.328731536865234,1.0869172811508179,33.857303619384766,14.414667129516602,72.10646057128906,19.553823471069336,58.444908142089844
2016-05-24,22.30743408203125,35.209999084472656,11.589378356933594,143.7100067138672,120.48108673095703,66.19640350341797,35.7113151550293,36.35105514526367,86.20520782470703,49.717735290527344,63.920780181884766,91.08018493652344,116.78353881835938,45.71097183227539,1.1133021116256714,34.47949981689453,14.52733325958252,74.13301086425781,19.762022018432617,58.49057388305664
2016-05-25,22.699352264404297,35.41749954223633,11.753931045532227,144.0800018310547,122.14584350585938,67.24030303955078,35.968204498291016,36.602481842041016,86.71005249023438,50.47265625,63.53718566894531,91.0518798828125,116.97206115722656,46.180580139160156,1.1086384057998657,34.67824935913086,14.638667106628418,73.83418273925781,19.829545974731445,58.87541961669922
2016-05-26,22.87936019897461,35.74549865722656,11.711835861206055,143.0500030517578,126.514892578125,67.06192779541016,35.91117477416992,36.544456481933594,86.36583709716797,50.09519958496094,64.37250518798828,90.98580932617188,118.5397720336914,45.976776123046875,1.1204192638397217,34.52269744873047,15.008000373840332,73.77813720703125,19.933643341064453,58.57535171508789
2016-05-27,22.865686416625977,35.61199951171875,11.733267784118652,143.35000610351562,125.98249053955078,67.4054946899414,36.33469772338867,37.073585510253906,86.48823547363281,50.40332794189453,63.920780181884766,91.74102783203125,118.45045471191406,46.357784271240234,1.126555323600769,34.626399993896484,14.869333267211914,74.39450073242188,19.90550422668457,58.712345123291016
2016-05-31,22.75403594970703,36.13949966430664,11.814397811889648,140.5399932861328,125.72050476074219,66.73158264160156,36.486446380615234,37.13557815551758,86.20520782470703,50.28007888793945,63.95484161376953,90.53266143798828,117.88490295410156,46.960289001464844,1.1466808319091797,34.73871994018555,14.881999969482422,73.72210693359375,19.91394805908203,58.06658935546875
2016-06-01,22.435035705566406,35.97200012207031,11.845780372619629,141.99000549316406,128.88946533203125,66.81745910644531,36.40858840942383,37.116233825683594,86.27404022216797,50.603633880615234,63.87813949584961,91.01411437988281,117.8551254272461,46.82740020751953,1.1488900184631348,34.79058074951172,14.637332916259766,73.98359680175781,19.835168838500977,58.2100830078125
2016-06-02,22.266420364379883,36.4119987487793,11.856494903564453,142.11000061035156,128.03594970703125,66.42102813720703,36.22261047363281,36.90845489501953,87.5821304321289,50.6960563659668,64.32137298583984,91.45780944824219,118.00397491455078,46.49954605102539,1.1569894552230835,33.407958984375,14.597332954406738,74.66535186767578,19.961776733398438,57.7469596862793
2016-06-03,22.311992645263672,36.277000427246094,12.442010879516602,141.13999938964844,128.2050018310547,66.50692749023438,35.82289505004883,36.491397857666016,87.78870391845703,49.79477310180664,64.03157043457031,90.65536499023438,117.54754638671875,45.88818359375,1.1407907009124756,33.78816604614258,14.599332809448242,74.65602111816406,19.93927001953125,57.64260482788086
2016-06-06,22.473766326904297,36.33649826049805,12.463438987731934,141.82000732421875,128.6528778076172,66.84388732910156,35.53575134277344,36.203773498535156,88.56131744384766,50.287776947021484,63.79288864135742,91.23124694824219,117.86505126953125,46.1894416809082,1.134900689125061,34.08198547363281,14.711999893188477,75.21634674072266,19.989906311035156,58.27531814575195
2016-06-07,22.564918518066406,36.1870002746582,12.61651611328125,141.41000366210938,128.97401428222656,68.264404296875,35.54071044921875,36.25485610961914,88.53072357177734,50.11830520629883,63.6735725402832,91.2690200805664,116.84308624267578,46.16286849975586,1.1371095180511475,33.81410217285156,15.489333152770996,75.27239227294922,19.984281539916992,59.1689453125
2016-06-08,22.544403076171875,36.332000732421875,12.529268264770508,142.52999877929688,129.60780334472656,68.1124496459961,36.11748504638672,36.84199905395508,88.58428192138672,50.264671325683594,63.85257339477539,92.50568389892578,117.4681625366211,46.10969543457031,1.133427381515503,33.9437255859375,15.701333045959473,76.25298309326172,20.05461883544922,59.22114181518555
2016-06-09,22.70619010925293,36.38249969482422,12.56294059753418,142.22999572753906,130.18247985839844,67.92743682861328,36.132354736328125,36.82167434692383,89.50226593017578,49.879493713378906,63.44341278076172,91.58997344970703,117.63685607910156,45.73755645751953,1.1628800630569458,33.744956970214844,15.290666580200195,75.8887710571289,20.001163482666016,59.14285659790039
2016-06-10,22.51934242248535,35.89550018310547,12.308835983276367,141.75999450683594,130.87535095214844,67.3790512084961,35.677589416503906,36.35899353027344,89.50990295410156,49.17848587036133,63.03426742553711,89.88127899169922,115.71195983886719,45.61349868774414,1.133918285369873,33.47709274291992,14.586000442504883,74.88014221191406,20.01523208618164,58.692771911621094
2016-06-13,22.17983055114746,35.762001037597656,12.246838569641113,140.94000244140625,130.94302368164062,67.4583511352539,35.62551498413086,36.294029235839844,89.34158325195312,48.7393913269043,62.957557678222656,88.9183578491211,113.06273651123047,44.426212310791016,1.1483994722366333,33.37338638305664,14.524666786193848,73.21778869628906,19.843608856201172,59.090667724609375
2016-06-14,22.207170486450195,35.96500015258789,12.168769836425781,141.3000030517578,131.72052001953125,66.91658020019531,35.621055603027344,36.361968994140625,89.59403991699219,47.822689056396484,63.34965133666992,88.84283447265625,114.04503631591797,44.15154266357422,1.1506080627441406,33.55486297607422,14.330666542053223,73.37657928466797,19.961776733398438,58.9863166809082
2016-06-15,22.13425636291504,35.7130012512207,12.16186237335205,140.4499969482422,130.8668975830078,66.48709869384766,35.65328598022461,36.30940628051758,89.05089569091797,47.73794937133789,62.82967758178711,88.11593627929688,113.70767974853516,44.02749252319336,1.1623893976211548,33.21784210205078,14.513333320617676,73.00304412841797,20.009611129760742,58.81019592285156
2016-06-16,22.227685928344727,35.8754997253418,12.179518699645996,141.99000549316406,132.18528747558594,66.77780151367188,35.22877883911133,35.9156608581543,89.2268295288086,47.93054962158203,63.28999328613281,88.81453704833984,113.49932098388672,44.64773178100586,1.1670527458190918,33.390663146972656,14.528667449951172,73.1711196899414,20.06024932861328,59.50161361694336
2016-06-17,21.721837997436523,35.31949996948242,11.977588653564453,140.72999572753906,131.73736572265625,67.10816955566406,34.30436325073242,34.92386245727539,88.33946228027344,47.97675323486328,62.957557678222656,88.06873321533203,112.13998413085938,44.41734313964844,1.1466808319091797,34.28938293457031,14.364666938781738,71.9010238647461,19.961776733398438,59.17546844482422
2016-06-20,21.6694278717041,35.70050048828125,12.048995971679688,141.6699981689453,132.2359619140625,67.79530334472656,34.403053283691406,35.017086029052734,89.15035247802734,48.04608917236328,62.46316146850586,89.06941223144531,112.48726654052734,44.364192962646484,1.1672979593276978,34.332576751708984,14.646666526794434,72.22786712646484,20.003982543945312,59.43638610839844
2016-06-21,21.85399627685547,35.79100036621094,11.963001251220703,143.52999877929688,132.84439086914062,68.21155548095703,34.513648986816406,35.15345764160156,88.87494659423828,48.492897033691406,61.85795974731445,89.78687286376953,113.48939514160156,45.3565559387207,1.1601800918579102,34.55726623535156,14.640666961669922,72.2185287475586,20.105260848999023,59.70383071899414
2016-06-22,21.7719669342041,35.529998779296875,11.911561965942383,143.94000244140625,133.62185668945312,67.58386993408203,34.589027404785156,35.232303619384766,89.08915710449219,48.308013916015625,62.284156799316406,88.7956314086914,113.02305603027344,45.17933654785156,1.1591986417770386,34.574546813964844,13.11066722869873,71.47142791748047,20.18685531616211,59.46900177001953
2016-06-23,21.897289276123047,36.104000091552734,12.178750991821289,145.97999572753906,132.7007293701172,69.0044174194336,34.8077278137207,35.450496673583984,89.79292297363281,49.34025955200195,63.02574157714844,90.35330200195312,114.18394470214844,45.994503021240234,1.1901239156723022,35.28315353393555,13.09333324432373,73.0590591430664,20.285329818725586,59.879947662353516
2016-06-24,21.28206443786621,34.948001861572266,11.418635368347168,139.7100067138672,131.45846557617188,67.32621765136719,33.486083984375,33.97916030883789,88.45420837402344,45.91225051879883,63.35820007324219,86.35061645507812,111.20731353759766,44.15154266357422,1.1223829984664917,33.9005126953125,12.876667022705078,70.0892333984375,20.245943069458008,58.307926177978516
2016-06-27,20.97217559814453,34.56800079345703,11.02782917022705,138.5,130.35987854003906,66.30872344970703,33.14091110229492,33.77782440185547,89.15800476074219,44.3792724609375,63.83551025390625,84.08489990234375,108.12151336669922,42.91108322143555,1.1103568077087402,33.25239944458008,13.236666679382324,68.4922866821289,20.11652374267578,57.96220779418945
2016-06-28,21.32535743713379,35.397499084472656,11.499255180358887,140.27999877929688,131.4923553466797,67.1478042602539,33.725120544433594,34.2796745300293,90.44316101074219,45.85063171386719,64.05712127685547,85.35936737060547,111.82247161865234,43.80598449707031,1.126555323600769,33.81410217285156,13.452667236328125,70.19195556640625,20.11933135986328,59.299407958984375
2016-06-29,21.509925842285156,35.779998779296875,11.900811195373535,142.1199951171875,132.74301147460938,68.33049011230469,33.926963806152344,34.47456741333008,91.28463745117188,47.14478302001953,66.61427307128906,86.97362518310547,113.27111053466797,44.7806396484375,1.1449631452560425,35.04118347167969,14.012666702270508,71.66753387451172,20.386619567871094,60.31046676635742
2016-06-30,21.78335952758789,35.78099822998047,11.9315185546875,144.7899932861328,132.70916748046875,69.26209259033203,34.32320785522461,34.888145446777344,92.79164123535156,47.86891174316406,67.125732421875,83.13147735595703,113.39017486572266,45.33883285522461,1.1537989377975464,35.36956024169922,14.152000427246094,69.26740264892578,20.544174194335938,61.14535903930664
2016-07-01,21.849441528320312,36.284000396728516,11.840924263000488,143.9600067138672,131.9232635498047,68.81278991699219,34.675811767578125,35.22140121459961,92.78401947021484,47.55837631225586,67.29620361328125,83.87721252441406,113.30088806152344,45.32997512817383,1.1452088356018066,35.43894577026367,14.433333396911621,69.5569076538086,20.485092163085938,61.21059799194336
2016-07-05,21.644359588623047,36.404998779296875,11.575265884399414,142.22999572753906,131.19650268554688,68.42959594726562,34.46454620361328,34.955589294433594,93.53368377685547,46.230838775634766,67.8843765258789,83.30137634277344,113.31079864501953,45.33883285522461,1.1621437072753906,35.03997039794922,14.26533317565918,69.73436737060547,20.577930450439453,60.675724029541016
2016-07-06,21.767404556274414,36.88050079345703,11.56528377532959,142.50999450683594,131.83877563476562,69.096923828125,34.60439682006836,35.157920837402344,93.81670379638672,46.72768783569336,68.208251953125,82.14717102050781,115.79133605957031,45.52490234375,1.1695071458816528,35.15273666381836,14.295999526977539,69.16466522216797,20.769248962402344,61.373653411865234
2016-07-07,21.8608341217041,36.82849884033203,11.592926025390625,141.91000366210938,138.33731079101562,68.0860366821289,34.48488235473633,35.073123931884766,93.7172622680664,47.03047180175781,67.611572265625,83.0743179321289,114.94793701171875,45.52490234375,1.1999409198760986,35.15273666381836,14.395999908447266,69.5849380493164,20.687660217285156,60.63658905029297
2016-07-08,22.029441833496094,37.29050064086914,11.911561965942383,143.64999389648438,139.8077392578125,69.22241973876953,34.994205474853516,35.59480285644531,93.97733306884766,48.00088882446289,67.90142059326172,83.78385925292969,116.3271255493164,46.34006881713867,1.2480467557907104,35.44762420654297,14.45199966430664,71.36865997314453,20.774879455566406,61.01492691040039
2016-07-11,22.097803115844727,37.68899917602539,12.082011222839355,143.92999267578125,140.88943481445312,69.63207244873047,35.463348388671875,36.061946868896484,94.03855895996094,48.34248352050781,67.45813751220703,83.96361541748047,116.95223236083984,46.59702682495117,1.2767627239227295,35.36955642700195,14.985333442687988,71.46207427978516,20.83677864074707,61.24321365356445
2016-07-12,22.19806480407715,37.410499572753906,12.1764497756958,144.6699981689453,140.51760864257812,70.55046081542969,35.738590240478516,36.32527160644531,94.0309066772461,49.064483642578125,67.909912109375,85.14620971679688,117.01175689697266,47.1463737487793,1.295906901359558,35.924652099609375,14.976667404174805,72.35862731933594,20.614511489868164,61.93464279174805
2016-07-13,22.07274055480957,37.131500244140625,12.085848808288574,145.92999267578125,140.9401397705078,70.46455383300781,35.55707931518555,36.175010681152344,94.09212493896484,49.03341293334961,67.64570617675781,85.46790313720703,115.8707046508789,47.41217803955078,1.295415997505188,35.959346771240234,14.835332870483398,72.33991241455078,20.712982177734375,61.888980865478516
2016-07-14,22.51023292541504,37.060001373291016,12.34536361694336,145.72999572753906,141.07533264160156,70.4975814819336,35.753963470458984,36.488426208496094,94.22981262207031,49.77870559692383,68.69414520263672,86.51803588867188,116.37673950195312,47.61597442626953,1.308669924736023,36.14148712158203,14.768667221069336,72.97499084472656,20.735488891601562,61.93464279174805
2016-07-15,22.507951736450195,36.77199935913086,12.373770713806152,145.97000122070312,140.62750244140625,70.71564483642578,35.699405670166016,36.47998809814453,94.09212493896484,49.825279235839844,68.3787612915039,86.02605438232422,115.95008850097656,47.58053207397461,1.2934526205062866,36.22821044921875,14.69333267211914,73.1244125366211,20.7270565032959,62.045536041259766
2016-07-18,22.747201919555664,36.80350112915039,12.463603019714355,146.57000732421875,141.55709838867188,70.0945816040039,36.390235900878906,37.351287841796875,94.19922637939453,49.654483795166016,68.14859771728516,86.65989685058594,118.44054412841797,47.81089401245117,1.300079584121704,36.11546325683594,15.083333015441895,73.13375854492188,20.774879455566406,61.849849700927734
2016-07-19,22.756311416625977,36.997501373291016,12.325399398803711,146.9199981689453,142.07252502441406,70.06153106689453,36.547943115234375,37.3617057800293,95.81330108642578,49.57686996459961,68.16565704345703,87.3978500366211,119.67088317871094,47.040042877197266,1.3135783672332764,35.629764556884766,15.017333030700684,73.5166244506836,20.72423553466797,61.621543884277344
2016-07-20,22.776823043823242,37.2859992980957,12.489709854125977,146.1699981689453,142.00494384765625,69.76419067382812,36.75772476196289,37.543697357177734,95.72915649414062,49.631202697753906,68.42987823486328,88.26822662353516,120.97068786621094,49.5386848449707,1.3307589292526245,35.777217864990234,15.223999977111816,74.11433410644531,20.76080894470215,61.2692985534668
2016-07-21,22.65605926513672,37.221500396728516,12.316186904907227,144.35000610351562,141.1682891845703,69.63207244873047,36.63076400756836,37.41129684448242,95.73680114746094,49.44487762451172,68.53218841552734,87.4735336303711,119.67088317871094,49.441226959228516,1.3062156438827515,35.621089935302734,14.699999809265137,73.58202362060547,20.68484878540039,61.217132568359375
2016-07-22,22.480607986450195,37.24300003051758,12.259368896484375,144.60000610351562,141.52322387695312,69.81046295166016,36.834590911865234,37.65279769897461,95.64498901367188,49.71660232543945,69.5465316772461,88.60881805419922,120.05784606933594,50.12348175048828,1.341803789138794,35.629764556884766,14.817999839782715,74.62800598144531,20.693286895751953,61.321468353271484
2016-07-25,22.17983055114746,36.980499267578125,12.267814636230469,144.13999938964844,141.94573974609375,68.09922790527344,36.68729782104492,37.565521240234375,95.53789520263672,49.58462142944336,69.87899017333984,87.98441314697266,120.68294525146484,50.2652473449707,1.3665928840637207,35.699153900146484,15.333999633789062,73.72210693359375,20.749563217163086,60.14084243774414
2016-07-26,22.027170181274414,36.77949905395508,12.548829078674316,144.33999633789062,141.60775756835938,67.84156036376953,36.62035369873047,37.57197189331055,95.73680114746094,49.786468505859375,69.97272491455078,88.39125061035156,120.27613067626953,50.29182052612305,1.389909267425537,35.50833511352539,15.300666809082031,73.30183410644531,20.743927001953125,59.70383071899414
2016-07-27,23.458126068115234,36.833499908447266,12.719280242919922,144.19000244140625,140.40774536132812,67.5640640258789,36.7864875793457,37.786197662353516,95.44611358642578,49.941734313964844,71.08935546875,88.6939697265625,122.37962341308594,49.78676986694336,1.3759191036224365,35.49966812133789,15.232666969299316,73.33921813964844,20.628578186035156,59.299407958984375
2016-07-28,23.774843215942383,37.63050079345703,12.60948371887207,144.4199981689453,140.57679748535156,67.25352478027344,36.99180221557617,37.97811508178711,95.2089614868164,49.76319122314453,70.688720703125,90.83210754394531,124.02670288085938,49.80449676513672,1.3788648843765259,35.725181579589844,15.37399959564209,73.95561218261719,20.606067657470703,58.8362922668457
2016-07-29,23.745223999023438,37.94049835205078,12.43673324584961,144.27000427246094,141.3119659423828,67.70941162109375,38.12648391723633,39.242652893066406,95.7979965209961,49.662254333496094,70.65461730957031,90.10360717773438,122.9749526977539,50.220943450927734,1.401444911956787,35.59507751464844,15.652667045593262,72.89095306396484,20.530105590820312,58.020912170410156
2016-08-01,24.16448402404785,38.387001037597656,12.55420207977295,143.92999267578125,141.5992889404297,65.48283386230469,38.329315185546875,39.718727111816406,95.92805480957031,49.530269622802734,70.90184783935547,89.9427719116211,123.34207153320312,50.13233947753906,1.3923637866973877,35.69048309326172,15.333999633789062,73.08705139160156,20.757997512817383,56.00533676147461
2016-08-02,23.806743621826172,38.02899932861328,12.506598472595215,143.30999755859375,140.7035369873047,65.79996490478516,38.23955154418945,39.67806625366211,95.50730895996094,49.41382598876953,71.02115631103516,90.11308288574219,122.13155364990234,50.13233947753906,1.3754286766052246,35.308841705322266,15.146666526794434,73.10572052001953,20.575117111206055,56.775047302246094
2016-08-03,24.105247497558594,37.731998443603516,12.600275993347168,143.6300048828125,140.38233947753906,66.47388458251953,38.344200134277344,39.61855697631836,94.78060150146484,50.19792175292969,70.50971984863281,89.95223236083984,121.55608367919922,50.4778938293457,1.3791100978851318,35.308841705322266,15.052666664123535,73.50729370117188,20.521671295166016,57.068599700927734
2016-08-04,24.2541561126709,38.03850173950195,12.821398735046387,143.1199951171875,140.74575805664062,66.32853698730469,38.266334533691406,39.53573226928711,94.74998474121094,50.12028503417969,70.25401306152344,90.73748779296875,123.39169311523438,50.85002517700195,1.4046354293823242,35.4736442565918,15.37399959564209,74.2264404296875,20.622943878173828,57.06205749511719
2016-08-05,24.62299156188965,38.29899978637695,13.061714172363281,145.64999389648438,141.71762084960938,66.4078140258789,38.792510986328125,40.01576614379883,95.0406494140625,51.47111129760742,69.52095031738281,91.65515899658203,124.175537109375,51.35507583618164,1.4284429550170898,35.67314147949219,15.335332870483398,74.84278869628906,20.75236701965332,57.11423110961914
2016-08-08,24.826887130737305,38.327999114990234,12.92581844329834,145.55999755859375,141.46412658691406,66.86370849609375,38.76970291137695,39.93147277832031,94.5893325805664,51.31584167480469,69.5550537109375,91.560546875,124.28468322753906,51.44367218017578,1.4416965246200562,35.699153900146484,15.077333450317383,74.66535186767578,20.63421058654785,57.786094665527344
2016-08-09,24.927690505981445,38.41550064086914,13.142334938049316,147.22000122070312,141.85281372070312,66.94298553466797,38.8936882019043,40.04304885864258,94.4210433959961,51.13728332519531,69.46977996826172,91.48485565185547,124.08623504638672,51.5677375793457,1.4453784227371216,35.64711380004883,15.272000312805176,74.76807403564453,20.690471649169922,57.85783767700195
2016-08-10,24.74212646484375,38.428001403808594,13.194540977478027,146.69000244140625,142.59844970703125,66.1633529663086,38.91451644897461,40.09313201904297,94.36750030517578,50.67924499511719,68.66004180908203,91.09698486328125,123.90763092041016,51.40822982788086,1.4360511302947998,35.63843536376953,15.043333053588867,74.4131851196289,20.948259353637695,56.84476852416992
2016-08-11,24.7260799407959,38.5620002746582,13.212970733642578,147.74000549316406,142.25108337402344,66.99584197998047,38.92294692993164,40.07875061035156,94.68113708496094,50.819000244140625,69.10609436035156,91.32404327392578,123.92748260498047,51.65632247924805,1.4652583599090576,35.80322265625,14.994000434875488,74.82410430908203,20.90576171875,57.048702239990234
2016-08-12,24.783363342285156,38.62799835205078,13.242145538330078,147.72000122070312,143.2339630126953,67.49797821044922,38.842105865478516,40.0217170715332,94.26038360595703,50.710304260253906,68.81444549560547,90.93614959716797,123.90763092041016,51.33734893798828,1.5472344160079956,35.63843536376953,15.040666580200195,74.73072052001953,20.931257247924805,57.79205322265625
2016-08-15,25.081186294555664,38.42449951171875,13.477859497070312,147.77999877929688,142.97128295898438,67.90101623535156,38.803428649902344,39.96766662597656,93.56427764892578,51.020835876464844,68.8487548828125,91.2389144897461,122.93527221679688,51.496829986572266,1.5457615852355957,35.89863967895508,15.03933334350586,75.56190490722656,20.769792556762695,57.7657470703125
2016-08-16,25.058271408081055,38.20199966430664,13.236770629882812,147.24000549316406,142.70013427734375,67.8019027709961,38.540584564208984,39.73112106323242,92.04961395263672,51.01307678222656,68.48847198486328,90.46312713623047,122.3399429321289,51.211551666259766,1.5364347696304321,35.83792495727539,14.907333374023438,75.46847534179688,20.647985458374023,57.838111877441406
2016-08-17,25.02161979675293,38.23149871826172,13.285141944885254,149.0800018310547,142.31883239746094,68.24922943115234,38.67795181274414,39.940887451171875,92.79927825927734,51.1528205871582,68.7200698852539,90.43473815917969,123.40161895751953,51.31853103637695,1.5008467435836792,35.74251937866211,14.88266658782959,75.6275405883789,20.65931510925293,57.963096618652344
2016-08-18,24.989547729492188,38.222999572753906,13.35424518585205,148.80999755859375,142.14093017578125,69.13725280761719,38.558433532714844,39.8084831237793,92.34796142578125,51.19939422607422,68.4369888305664,90.13197326660156,122.94519805908203,51.354190826416016,1.5241636037826538,35.68180465698242,14.900667190551758,75.09430694580078,21.047395706176758,58.4893913269043
2016-08-19,25.053701400756836,37.865501403808594,13.431026458740234,148.75,142.3697052001953,68.31600952148438,38.455284118652344,39.65475082397461,92.34796142578125,51.12952423095703,67.81937408447266,90.08468627929688,122.59790802001953,51.37200927734375,1.528090476989746,35.83792495727539,15.0,75.28140258789062,20.625324249267578,57.75918197631836
2016-08-22,24.85896110534668,37.9739990234375,13.507803916931152,148.4499969482422,142.30189514160156,68.06230926513672,38.29311752319336,39.52086639404297,91.7396011352539,51.082950592041016,68.01667022705078,90.62395477294922,123.18331909179688,51.416603088378906,1.5344717502593994,35.75119400024414,14.862000465393066,75.8333511352539,20.594158172607422,57.8841667175293
2016-08-23,24.936859130859375,38.122501373291016,13.61606502532959,148.77000427246094,141.8104705810547,67.88870239257812,38.28964614868164,39.50300979614258,91.97830200195312,51.05964660644531,68.25686645507812,91.09698486328125,123.40161895751953,51.612735748291016,1.546889305114746,35.99405288696289,14.989333152770996,75.5901107788086,20.38736915588379,57.70656204223633
2016-08-24,24.748992919921875,37.86249923706055,13.459437370300293,148.41000366210938,141.98837280273438,68.23590087890625,38.168636322021484,39.354736328125,91.41615295410156,51.19939422607422,67.28753662109375,90.37796020507812,122.51853942871094,51.66624450683594,1.5230375528335571,35.621089935302734,14.841333389282227,75.11302185058594,20.461021423339844,57.90391159057617
2016-08-25,24.643617630004883,37.96099853515625,13.516246795654297,148.63999938964844,139.69212341308594,68.0289306640625,38.15724182128906,39.24068069458008,91.30835723876953,51.29255676269531,66.91864776611328,90.43473815917969,122.92534637451172,51.86237716674805,1.5129560232162476,35.64711380004883,14.730667114257812,75.14106750488281,20.174909591674805,57.53549575805664
2016-08-26,24.499284744262695,38.45000076293945,13.60224723815918,147.91000366210938,138.90403747558594,67.6483383178711,38.1636848449707,39.33588409423828,91.67028045654297,51.40901184082031,67.11595916748047,91.26726531982422,123.98699951171875,51.7375602722168,1.5252506732940674,35.785888671875,14.666000366210938,75.37495422363281,20.152250289916992,57.4105110168457
2016-08-29,24.47179412841797,38.56449890136719,13.620668411254883,149.3000030517578,138.94639587402344,68.13575744628906,38.29311752319336,39.46482467651367,92.34796142578125,51.975730895996094,67.42477416992188,91.560546875,125.5547103881836,51.79997253417969,1.5242668390274048,35.829246520996094,14.346667289733887,75.65559387207031,20.22589874267578,57.785484313964844
2016-08-30,24.283935546875,38.37900161743164,13.589957237243652,150.22999572753906,137.23483276367188,67.90205383300781,38.141361236572266,39.27142333984375,92.00142669677734,52.402713775634766,66.71277618408203,91.85379028320312,124.86016845703125,51.612735748291016,1.5154151916503906,35.829246520996094,14.089332580566406,75.93627166748047,20.200408935546875,57.57497024536133
2016-08-31,24.306852340698242,38.45800018310547,13.545425415039062,150.49000549316406,137.34498596191406,67.15426635742188,38.04019546508789,39.16877746582031,91.90128326416016,52.402713775634766,66.69561767578125,91.41861724853516,125.13798522949219,51.229373931884766,1.5082844495773315,35.75119400024414,14.133999824523926,75.68365478515625,20.237234115600586,57.32499694824219
2016-09-01,24.451173782348633,38.53099822998047,13.596871376037598,150.35000610351562,132.3626251220703,66.90721130371094,38.1259880065918,39.245635986328125,91.70109558105469,52.17758560180664,66.2495346069336,92.35525512695312,125.18758392333984,51.34527587890625,1.5527902841567993,35.699153900146484,13.38466739654541,76.05786895751953,20.633819580078125,57.12763214111328
2016-09-02,24.68027114868164,38.62200164794922,13.29128646850586,150.72000122070312,133.86239624023438,67.38796997070312,38.25889587402344,39.51689147949219,91.88590240478516,52.394962310791016,65.92357635498047,92.6106948852539,125.52494812011719,51.416603088378906,1.5375452041625977,35.777217864990234,13.185333251953125,76.7127685546875,20.53750991821289,57.50918197631836
2016-09-06,24.67339324951172,39.44350051879883,13.136959075927734,150.42999267578125,133.93023681640625,68.38945007324219,38.68638610839844,40.069828033447266,92.21702575683594,52.356143951416016,67.34756469726562,93.46215057373047,128.7198486328125,51.36310958862305,1.5520524978637695,35.777217864990234,13.522000312805176,77.20858001708984,20.67914581298828,58.265716552734375
2016-09-07,24.82459831237793,39.2239990234375,12.968045234680176,149.5800018310547,131.87965393066406,68.68991088867188,38.699771881103516,40.06833267211914,92.1092300415039,52.13877487182617,67.41621398925781,94.20010375976562,130.0296173095703,51.40768814086914,1.5291850566864014,35.777217864990234,13.447333335876465,77.87279510498047,20.412860870361328,58.04862594604492
2016-09-08,24.173969268798828,39.202999114990234,12.928120613098145,149.77999877929688,130.04095458984375,69.517822265625,38.4503288269043,39.81294631958008,92.00142669677734,52.20862579345703,68.53137969970703,94.58799743652344,129.25567626953125,51.202606201171875,1.5402501821517944,35.31752395629883,13.157333374023438,77.62020874023438,20.34770965576172,58.58148956298828
2016-09-09,23.626436233520508,38.00699996948242,12.344594955444336,146.6199951171875,127.69373321533203,67.61497497558594,37.673702239990234,39.100833892822266,91.04651641845703,51.742835998535156,67.11595916748047,92.85668182373047,126.11035919189453,50.11490249633789,1.4635329246520996,34.719085693359375,12.964667320251465,76.08595275878906,19.914295196533203,57.12763214111328
2016-09-12,24.1556453704834,38.574501037597656,12.628682136535645,148.97000122070312,128.53265380859375,68.26927947998047,38.13788986206055,39.61360168457031,91.76270294189453,52.06112289428711,67.8365249633789,94.71098327636719,127.68797302246094,50.86382293701172,1.4937771558761597,35.28282165527344,13.220000267028809,77.62020874023438,20.378873825073242,57.42367172241211
2016-09-13,24.730670928955078,38.050498962402344,12.687029838562012,146.22999572753906,127.72766876220703,66.38645935058594,37.67518997192383,39.112735748291016,90.56909942626953,51.64967727661133,67.32183074951172,94.02980041503906,126.21949768066406,50.40021514892578,1.4721391201019287,34.84917449951172,13.069999694824219,76.60984802246094,20.24289321899414,56.05534744262695
2016-09-14,25.605802536010742,38.054500579833984,13.022554397583008,145.77999877929688,127.68533325195312,65.71208953857422,37.814048767089844,39.19902420043945,90.76161193847656,51.54875183105469,67.15887451171875,93.38648223876953,126.7751235961914,50.15948486328125,1.4851707220077515,34.90988540649414,13.093999862670898,76.23564910888672,20.2598934173584,55.65406036376953
2016-09-15,26.476360321044922,38.484500885009766,13.301336288452148,146.66000366210938,129.363037109375,66.43318939208984,38.273780822753906,39.73310470581055,91.35454559326172,51.73507308959961,67.6135025024414,94.10546112060547,127.35063171386719,50.988651275634766,1.5414797067642212,35.43894577026367,13.361332893371582,76.72209930419922,20.50917625427246,55.969810485839844
2016-09-16,26.32745361328125,38.92599868774414,13.187361717224121,145.00999450683594,129.09190368652344,65.3248519897461,38.13094711303711,39.57143783569336,91.0619125366211,51.09847640991211,67.59635162353516,94.00141143798828,128.0650177001953,51.04213333129883,1.545168161392212,33.756343841552734,13.69333267211914,76.77821350097656,20.642318725585938,55.279083251953125
2016-09-19,26.020469665527344,38.755001068115234,13.148083686828613,145.24000549316406,128.61734008789062,65.45838928222656,37.973243713378906,39.443504333496094,90.60758209228516,51.385738372802734,67.9051513671875,94.30416870117188,127.64826965332031,50.7568359375,1.565576434135437,34.02519989013672,13.755999565124512,77.18985748291016,20.421361923217773,55.147518157958984
2016-09-20,26.018173217773438,39.01100158691406,12.955558776855469,144.9199981689453,128.93936157226562,65.23136138916016,38.25641632080078,39.661197662353516,90.83090209960938,51.5953369140625,68.52278137207031,95.07048034667969,127.63835906982422,50.64985275268555,1.5513149499893188,33.886444091796875,13.642666816711426,77.16175842285156,20.38736915588379,54.29887771606445
2016-09-21,26.01360321044922,39.48699951171875,13.078777313232422,146.4600067138672,129.3884735107422,66.5199966430664,38.49495315551758,39.921546936035156,91.57018280029297,51.89033126831055,69.37205505371094,95.79895782470703,128.92825317382812,51.496829986572266,1.5948377847671509,34.2680549621582,13.6813325881958,77.8541030883789,20.44968605041504,54.79884719848633
2016-09-22,26.258724212646484,40.23500061035156,13.002535820007324,146.52999877929688,129.76979064941406,66.75366973876953,39.03998947143555,40.46307373046875,91.99374389648438,52.31732940673828,69.7323226928711,96.61257934570312,129.06716918945312,51.55032730102539,1.598771572113037,34.2680549621582,13.76200008392334,77.98506164550781,20.47235679626465,54.95672607421875
2016-09-23,25.82115364074707,40.287498474121094,12.833883285522461,145.0,129.244384765625,66.24624633789062,39.02460479736328,40.413978576660156,91.4931640625,52.20862579345703,69.62079620361328,96.17736053466797,126.96365356445312,51.202606201171875,1.5970505475997925,34.02519989013672,13.829999923706055,77.21793365478516,20.495010375976562,54.897518157958984
2016-09-26,25.860103607177734,39.95800018310547,12.83696174621582,144.17999267578125,128.10897827148438,65.95246887207031,38.3952751159668,39.803524017333984,90.69998168945312,51.067413330078125,68.21398162841797,95.704345703125,126.31871032714844,50.73008346557617,1.5820516347885132,33.851749420166016,13.932666778564453,76.53499603271484,20.288219451904297,54.64097213745117
2016-09-27,25.908205032348633,40.80550003051758,13.158099174499512,145.33999633789062,127.4819564819336,66.08599853515625,38.83169174194336,40.2042121887207,91.80891418457031,51.51768493652344,69.3805923461914,95.97869110107422,127.68797302246094,51.66624450683594,1.6361466646194458,34.0859260559082,13.720666885375977,76.86241149902344,20.489343643188477,54.75938415527344
2016-09-28,26.105234146118164,41.43600082397461,13.14577865600586,145.27999877929688,126.60071563720703,68.20252227783203,38.75978469848633,40.17098617553711,91.9398193359375,51.78941345214844,69.23475646972656,96.03546905517578,128.22377014160156,51.7375602722168,1.6420483589172363,34.20734405517578,13.751333236694336,77.62020874023438,20.336374282836914,57.16710662841797
2016-09-29,25.699737548828125,41.45249938964844,13.28131103515625,143.58999633789062,124.97383117675781,67.61497497558594,38.43494415283203,39.80302429199219,90.30723571777344,50.96649932861328,68.40270233154297,95.18401336669922,127.0926513671875,51.17587661743164,1.6572933197021484,33.92980194091797,13.380000114440918,76.63790130615234,20.036108016967773,56.87763977050781
2016-09-30,25.8990478515625,41.865501403808594,13.285934448242188,144.47000122070312,129.22743225097656,68.71664428710938,38.54801940917969,39.87344741821289,90.96952056884766,51.696250915527344,68.8487548828125,96.28142547607422,127.27123260498047,51.354190826416016,1.6848331689834595,34.06858444213867,13.60200023651123,77.36760711669922,20.42985725402832,57.417091369628906
2016-10-03,25.77762794494629,41.83700180053711,13.097260475158691,143.75999450683594,127.95651245117188,68.40279388427734,38.31344985961914,39.690956115722656,91.4931640625,51.634159088134766,69.48355102539062,96.38550567626953,127.76737213134766,51.193695068359375,1.683111548423767,33.81705093383789,14.24666690826416,77.51731872558594,20.398696899414062,57.26576614379883
2016-10-04,25.887592315673828,41.701499938964844,13.018709182739258,143.1699981689453,127.50735473632812,67.61497497558594,38.50537109375,39.81046676635742,91.50086212158203,52.07987976074219,69.5779037475586,95.7611312866211,127.19185638427734,51.033226013183594,1.679423213005066,33.71296691894531,14.093999862670898,77.39568328857422,20.325044631958008,56.73951721191406
2016-10-05,25.8990478515625,42.21799850463867,13.35986614227295,144.14999389648438,127.08374786376953,68.25594329833984,38.507362365722656,39.73310470581055,91.77810668945312,52.93223571777344,70.12690734863281,97.05966186523438,127.46968078613281,51.38984680175781,1.6777023077011108,33.95582580566406,13.897333145141602,77.97570037841797,20.302383422851562,57.232879638671875
2016-10-06,26.09148597717285,42.08300018310547,13.414546012878418,143.8699951171875,126.65157318115234,68.22254180908203,38.526695251464844,39.82484436035156,91.44696807861328,53.0729866027832,69.88670349121094,97.57149505615234,127.73757934570312,51.4790153503418,1.6558177471160889,33.71296691894531,13.399999618530273,77.98506164550781,19.64801788330078,57.25920104980469
2016-10-07,26.13043212890625,41.971500396728516,13.416084289550781,144.52000427246094,127.09217071533203,68.28263092041016,38.43842697143555,39.70732116699219,91.82430267333984,53.260658264160156,70.41857147216797,96.91749572753906,127.98564910888672,51.53248977661133,1.6437692642211914,33.70427322387695,13.107333183288574,77.53600311279297,19.461057662963867,57.06185531616211
2016-10-10,26.586332321166992,42.08549880981445,13.459211349487305,145.1999969482422,127.33792114257812,69.4243392944336,38.97700500488281,40.37480926513672,92.25553894042969,53.67511749267578,71.25067138671875,97.29662322998047,129.22589111328125,51.74648666381836,1.649916410446167,33.62590026855469,13.396666526794434,77.76054382324219,19.257099151611328,58.18021011352539
2016-10-11,26.643606185913086,41.54999923706055,13.18196964263916,143.9499969482422,127.95651245117188,68.79674530029297,38.83467102050781,40.14668655395508,90.59217834472656,53.41705322265625,70.17838287353516,96.06441497802734,127.8764877319336,50.988651275634766,1.6260654926300049,33.09478759765625,13.34000015258789,76.75017547607422,19.089969635009766,57.719688415527344
2016-10-12,26.88184928894043,41.704498291015625,13.12806224822998,144.91000366210938,127.49042510986328,68.20252227783203,38.98691940307617,40.255794525146484,90.84629821777344,53.27629089355469,69.06322479248047,96.07389068603516,128.04518127441406,50.91731262207031,1.6334419250488281,33.12961196899414,13.434000015258789,76.94660186767578,19.10979652404785,57.31840515136719
2016-10-13,26.79938507080078,41.4640007019043,13.010232925415039,143.22000122070312,127.28707122802734,67.29447937011719,38.592647552490234,39.87443542480469,91.06961822509766,52.97132873535156,68.6257095336914,95.40090942382812,126.82474517822266,50.7479133605957,1.6068859100341797,33.1121940612793,13.349332809448242,76.59111022949219,19.32792091369629,56.94343566894531
2016-10-14,26.94829559326172,41.14799880981445,13.098801612854004,144.17999267578125,127.22772979736328,67.48812103271484,38.60951232910156,39.90022277832031,90.53055572509766,52.79930877685547,67.99951171875,95.61894989013672,126.88427734375,51.193695068359375,1.6226229667663574,33.443058013916016,13.100666999816895,77.13372039794922,19.390239715576172,56.93026351928711
2016-10-17,26.929967880249023,40.647499084472656,13.005615234375,143.8000030517578,125.99909210205078,67.675048828125,38.68043899536133,40.01130294799805,91.24674224853516,52.52559280395508,67.36474609375,95.59049224853516,126.54692840576172,51.01538848876953,1.613278865814209,33.33858108520508,12.93066692352295,76.85309600830078,19.32508087158203,56.93026351928711
2016-10-18,26.911645889282227,40.88249969482422,13.258983612060547,144.3000030517578,126.34651184082031,67.9621353149414,39.439208984375,40.73780059814453,88.87489318847656,52.94004821777344,67.57060241699219,96.42459106445312,127.56890869140625,51.40768814086914,1.6378681659698486,33.45176315307617,13.273332595825195,76.31985473632812,19.509212493896484,57.08158874511719
2016-10-19,26.831457138061523,40.884498596191406,13.235878944396973,144.86000061035156,126.6346206665039,68.28263092041016,39.74867248535156,41.003108978271484,88.2434310913086,53.44833755493164,67.39047241210938,97.37247467041016,129.09690856933594,51.29176712036133,1.6344256401062012,33.39082717895508,13.570667266845703,77.47051239013672,19.51487922668457,57.3447265625
2016-10-20,26.817720413208008,40.51599884033203,13.354474067687988,144.49000549316406,127.13455963134766,68.01556396484375,39.52401351928711,40.74474334716797,88.45906066894531,53.37795639038086,67.54485321044922,97.20183563232422,128.98777770996094,51.04213333129883,1.6654072999954224,33.164432525634766,13.273332595825195,77.18048858642578,19.46954917907715,57.37102127075195
2016-10-21,26.712326049804688,40.949501037597656,13.316740036010742,143.60000610351562,126.22791290283203,67.635009765625,39.64303207397461,40.86524963378906,87.35786437988281,53.55781555175781,67.12451934814453,97.48619842529297,131.04165649414062,53.190818786621094,1.660735845565796,33.02513122558594,13.339332580566406,77.04019165039062,19.35907745361328,56.98291015625
2016-10-24,26.952878952026367,41.90449905395508,13.59628677368164,143.8300018310547,128.89703369140625,67.20769500732422,40.32443618774414,41.4444580078125,87.48873138427734,53.854957580566406,66.54121398925781,97.80846405029297,132.2422332763672,54.3855094909668,1.738682746887207,33.3211669921875,13.517333030700684,77.80732727050781,19.599863052368164,57.17368698120117
2016-10-25,27.090328216552734,41.75899887084961,13.372956275939941,143.4199981689453,127.9394760131836,67.2811279296875,40.05465316772461,41.08790969848633,87.75828552246094,53.80024337768555,66.69561767578125,97.51463317871094,131.2599334716797,54.3765983581543,1.767205834388733,33.399532318115234,13.489333152770996,76.74080657958984,19.64801788330078,57.048702239990234
2016-10-26,26.480945587158203,41.12950134277344,13.322900772094727,143.94000244140625,127.9310302734375,67.56156158447266,39.62815475463867,40.76805114746094,88.22032928466797,54.05826950073242,65.84638977050781,97.8368911743164,130.01968383789062,54.05562210083008,1.774336576461792,33.355995178222656,13.482666969299316,76.47888946533203,19.713167190551758,57.29207992553711
2016-10-27,26.226652145385742,40.917999267578125,13.264371871948242,144.4499969482422,127.82936096191406,66.71361541748047,39.44367218017578,40.53249740600586,89.0982437133789,54.136474609375,65.33170318603516,98.19706726074219,128.68019104003906,53.583099365234375,1.7379448413848877,33.27763366699219,13.600666999816895,76.63790130615234,19.781156539916992,57.18026351928711
2016-10-28,26.052532196044922,38.816001892089844,13.041812896728516,144.0,126.89730834960938,69.31754302978516,39.444664001464844,40.64209747314453,88.81328582763672,54.042640686035156,63.933433532714844,101.32495880126953,130.26771545410156,53.37804412841797,1.7349944114685059,33.23408889770508,13.33133316040039,76.91854858398438,19.826480865478516,55.77247619628906
2016-10-31,26.01129913330078,39.49100112915039,13.113428115844727,144.3000030517578,125.29586029052734,69.93846893310547,38.90757751464844,40.163047790527344,89.32154083251953,54.15992736816406,63.3415412902832,101.438720703125,129.97006225585938,53.422611236572266,1.7497475147247314,33.45176315307617,13.182000160217285,77.18985748291016,19.834983825683594,54.8120231628418
2016-11-01,25.541658401489258,39.27050018310547,12.999454498291016,143.6300048828125,124.27051544189453,71.09352111816406,38.861446380615234,39.9438591003418,88.82100677490234,53.93318557739258,62.60380935668945,99.48617553710938,128.4916534423828,53.31562423706055,1.6978650093078613,33.486595153808594,12.719332695007324,76.35725402832031,19.631025314331055,55.02911376953125
2016-11-02,25.564571380615234,38.27799987792969,13.289017677307129,143.19000244140625,124.3215560913086,70.36577606201172,38.12202072143555,39.09785461425781,88.45135498046875,53.706390380859375,62.32075119018555,98.57623291015625,126.1798095703125,52.985748291015625,1.6907343864440918,33.1121940612793,12.534667015075684,75.38432312011719,19.67350959777832,54.897518157958984
2016-11-03,25.290546417236328,38.35150146484375,13.32213306427002,143.63999938964844,122.77464294433594,70.36577606201172,37.79619598388672,38.78890609741211,88.582275390625,53.47179412841797,61.85752868652344,98.36769104003906,119.06562805175781,52.789608001708984,1.6710630655288696,33.355995178222656,12.494667053222656,75.44977569580078,19.724502563476562,55.03568649291992
2016-11-04,25.062580108642578,37.752498626708984,13.258983612060547,142.9499969482422,120.89629364013672,69.95848846435547,37.79074478149414,38.73485565185547,88.64386749267578,52.98696517944336,62.18346405029297,97.65677642822266,119.80980682373047,52.34382629394531,1.6614735126495361,33.329872131347656,12.704000473022461,75.1784896850586,19.591365814208984,54.976463317871094
2016-11-07,25.424114227294922,39.246498107910156,13.627862930297852,146.91000366210938,122.00116729736328,71.340576171875,38.80739212036133,39.77277755737305,89.83750915527344,54.64476776123047,63.375858306884766,100.43399810791016,121.19889831542969,53.86840057373047,1.7524523735046387,34.035118103027344,12.880666732788086,77.18985748291016,19.76699447631836,56.21319580078125
2016-11-08,25.573780059814453,39.38750076293945,13.63094425201416,147.7899932861328,124.1685562133789,71.63431549072266,39.203643798828125,40.266197204589844,90.1378402709961,54.76206970214844,63.49595642089844,100.18755340576172,123.25277709960938,53.91297912597656,1.7497475147247314,34.0699577331543,12.996000289916992,77.53600311279297,19.769826889038086,56.61805725097656
2016-11-09,25.532331466674805,38.59400177001953,13.355240821838379,151.27999877929688,124.76350402832031,71.86800384521484,38.94575119018555,39.949317932128906,92.64828491210938,57.280025482177734,67.24466705322266,100.65202331542969,122.22087860107422,53.645511627197266,1.7202410697937012,34.435638427734375,12.670666694641113,77.87279510498047,20.140920639038086,57.241920471191406
2016-11-10,24.820804595947266,37.11899948120117,12.933228492736816,156.05999755859375,124.68701171875,71.96817016601562,37.8175163269043,38.6946907043457,92.0553207397461,59.93876266479492,67.64181518554688,99.05014038085938,119.85942077636719,52.33491516113281,1.6663912534713745,34.461769104003906,12.356666564941406,76.59111022949219,20.223072052001953,57.772850036621094
2016-11-11,24.968172073364258,36.95050048828125,12.902421951293945,156.9199981689453,126.94789123535156,71.20034790039062,37.39400100708008,38.27118682861328,91.23135375976562,59.97006607055664,67.06330108642578,99.16387939453125,118.09326171875,52.620216369628906,2.163087844848633,34.348567962646484,12.570667266845703,76.60047912597656,20.177751541137695,56.85698318481445
2016-11-14,24.341838836669922,35.95349884033203,12.612857818603516,157.92999267578125,129.1916961669922,71.1669692993164,36.504302978515625,37.3522834777832,89.7912826538086,62.175235748291016,66.50209045410156,95.86537170410156,114.18394470214844,51.817787170410156,2.056617021560669,34.21798324584961,12.096667289733887,73.3261489868164,19.968122482299805,56.598175048828125
2016-11-15,24.664213180541992,37.1619987487793,12.818477630615234,157.4600067138672,128.46926879882812,72.74935150146484,37.61567306518555,38.44028854370117,89.5756607055664,62.05792999267578,66.76109313964844,97.13548278808594,116.28743743896484,52.84104537963867,2.119319200515747,34.104774475097656,12.251333236694336,73.50391387939453,20.2315673828125,57.620235443115234
2016-11-16,25.327396392822266,37.324501037597656,12.924755096435547,157.0800018310547,129.31069946289062,73.06629180908203,37.91273880004883,38.67931365966797,89.6064682006836,60.525238037109375,66.4329833984375,98.57623291015625,115.43413543701172,53.541175842285156,2.253082513809204,34.566246032714844,12.26200008392334,75.07420349121094,20.223072052001953,56.910072326660156
2016-11-17,25.31818199157715,37.81999969482422,12.86391544342041,158.38999938964844,128.5117645263672,72.91120910644531,38.247493743896484,38.98578643798828,89.76819610595703,61.01008224487305,67.09785461425781,99.00274658203125,116.87284851074219,54.42978286743164,2.2717702388763428,35.04513168334961,12.577333450317383,76.00231170654297,19.599863052368164,56.56496047973633
2016-11-18,25.3435115814209,38.007999420166016,12.950170516967773,157.75,127.79779815673828,73.63949584960938,37.717342376708984,38.480464935302734,89.45027160644531,60.767669677734375,66.19987487792969,99.31552124023438,116.10883331298828,54.169471740722656,2.295621633529663,34.705562591552734,12.334667205810547,75.7679443359375,19.415725708007812,56.598175048828125
2016-11-21,25.72806739807129,39.0,13.290555953979492,158.7100067138672,128.48629760742188,74.30036926269531,38.146820068359375,38.918338775634766,89.17112731933594,61.03355026245117,66.17396545410156,100.41502380371094,120.82183837890625,54.62725067138672,2.2862789630889893,34.731685638427734,12.3013334274292,76.58356475830078,19.650850296020508,57.401214599609375
2016-11-22,25.744182586669922,39.26649856567383,13.632487297058105,158.66000366210938,129.7611846923828,74.59707641601562,38.1006965637207,38.92825698852539,87.41871643066406,61.40888977050781,65.61273956298828,100.40554809570312,120.52420043945312,54.86063003540039,2.3027520179748535,34.90581512451172,12.744667053222656,74.93358612060547,19.86330795288086,57.52730178833008
2016-11-23,25.612926483154297,39.00600051879883,13.637103080749512,158.11000061035156,128.85179138183594,74.85331726074219,37.73965835571289,38.630714416503906,87.67461395263672,61.66694641113281,58.713844299316406,99.10700988769531,119.89908599853516,54.21437072753906,2.3140807151794434,34.91450881958008,12.87600040435791,74.5960922241211,20.064441680908203,57.68657684326172
2016-11-25,25.741884231567383,39.01850128173828,13.611688613891602,158.17999267578125,129.0897674560547,74.85331726074219,37.77387237548828,38.691715240478516,88.49653625488281,61.64350509643555,59.680908203125,100.21599578857422,119.44268035888672,54.33103942871094,2.3187599182128906,35.062538146972656,13.109999656677246,75.12108612060547,20.177751541137695,57.81932830810547
2016-11-28,25.69122314453125,38.3385009765625,13.449970245361328,156.97000122070312,128.5542449951172,74.51615142822266,38.099205017089844,38.967437744140625,87.72113800048828,61.24468994140625,58.023101806640625,97.96958923339844,119.47245025634766,54.40286636352539,2.31752872467041,35.08865737915039,13.074666976928711,74.13670349121094,20.166410446166992,57.387935638427734
2016-11-29,25.665884017944336,38.125999450683594,13.511581420898438,157.67999267578125,128.74972534179688,73.73388671875,38.228145599365234,39.148441314697266,87.21711730957031,61.7138557434082,57.97991943359375,98.40557098388672,119.92887115478516,54.833702087402344,2.29634952545166,35.30632781982422,12.637999534606934,74.20233917236328,20.21739959716797,57.009605407714844
2016-11-30,25.449440002441406,37.528499603271484,13.12960433959961,157.44000244140625,127.5853500366211,75.23097229003906,37.59336471557617,38.47599411010742,86.30213928222656,62.69133758544922,57.95402526855469,96.87008666992188,117.4979248046875,54.08868408203125,2.2704923152923584,34.99288558959961,12.626667022705078,72.48670196533203,19.95112419128418,57.93878936767578
2016-12-01,25.212257385253906,37.182498931884766,12.53661823272705,160.1199951171875,128.97073364257812,76.39759826660156,37.09148406982422,37.903228759765625,86.36416625976562,63.958152770996094,56.96107864379883,94.95542907714844,114.20378875732422,53.13725280761719,2.1581990718841553,33.6955680847168,12.125332832336426,70.71487426757812,20.019107818603516,57.89895248413086
2016-12-02,25.306671142578125,37.016998291015625,12.646743774414062,159.38999938964844,129.26824951171875,76.2020263671875,37.21943283081055,37.90966796875,86.81391906738281,63.80958557128906,58.463443756103516,95.82744598388672,114.50145721435547,53.18212890625,2.17814564704895,33.52142333984375,12.097999572753906,70.98674011230469,20.078601837158203,57.7662239074707
2016-12-05,25.124757766723633,37.96799850463867,12.793837547302246,160.2100067138672,128.9962615966797,76.37063598632812,37.81553649902344,38.592041015625,86.79839324951172,65.10765838623047,58.074893951416016,98.1496810913086,116.51564025878906,54.052799224853516,2.2626116275787354,33.930660247802734,12.453332901000977,72.47736358642578,19.81231689453125,58.05824279785156
2016-12-06,25.31818199157715,38.236000061035156,12.68833065032959,161.33999633789062,128.350341796875,76.04017639160156,37.646427154541016,38.490875244140625,86.89144134521484,65.44389343261719,58.54117202758789,96.68051147460938,116.39657592773438,53.810455322265625,2.299797773361206,34.365997314453125,12.390000343322754,72.28987884521484,19.931293487548828,58.111331939697266
2016-12-07,25.566877365112305,38.520999908447266,12.980202674865723,164.69000244140625,130.76416015625,77.17310333251953,38.245506286621094,39.249107360839844,86.1470718383789,65.74107360839844,58.17852783203125,99.76101684570312,117.03160095214844,55.08503341674805,2.3411686420440674,35.106075286865234,12.876667022705078,74.35232543945312,20.14242172241211,58.449798583984375
2016-12-08,25.8178653717041,38.36650085449219,13.146543502807617,164.11000061035156,133.9429168701172,77.66541290283203,38.5048713684082,39.432586669921875,86.06177520751953,66.56214904785156,58.01447677612305,99.35345458984375,117.984130859375,54.76190185546875,2.302013397216797,35.13218688964844,12.81933307647705,74.32420349121094,20.06824493408203,58.615718841552734
2016-12-09,26.239261627197266,38.43299865722656,13.791894912719727,164.86000061035156,135.73631286621094,78.09699249267578,39.14313507080078,40.1407356262207,87.04654693603516,66.8514633178711,58.584346771240234,98.9648208618164,118.74813079833984,55.62358474731445,2.2611348628997803,35.28021240234375,12.812000274658203,74.19294738769531,19.994060516357422,59.0670280456543
2016-12-12,26.089590072631836,38.00600051879883,13.720276832580566,166.1199951171875,136.2717742919922,79.00061798095703,39.14214324951172,40.063873291015625,89.45027160644531,66.25717163085938,58.37711715698242,97.89376831054688,116.85299682617188,55.80309295654297,2.2062199115753174,35.2714958190918,12.828666687011719,73.5929946899414,20.44769287109375,60.381099700927734
2016-12-13,26.524797439575195,38.71699905395508,13.818855285644531,166.6199951171875,135.79580688476562,79.18269348144531,39.48086929321289,40.43281936645508,89.86121368408203,66.28064727783203,59.266448974609375,97.93168640136719,119.37322235107422,56.53014373779297,2.2451274394989014,35.48917770385742,13.210000038146973,74.24920654296875,20.484779357910156,61.4429931640625
2016-12-14,26.524797439575195,38.441001892089844,13.7568941116333,165.05999755859375,135.13290405273438,78.19811248779297,39.52896499633789,40.55927658081055,89.16336822509766,66.25717163085938,58.42892074584961,97.89376831054688,119.27400207519531,56.2608757019043,2.375152349472046,35.59365463256836,13.246000289916992,74.18357849121094,20.353538513183594,60.11564254760742
2016-12-15,26.669862747192383,38.04999923706055,13.941999435424805,165.72999572753906,136.08477783203125,78.93317413330078,39.567657470703125,40.44820022583008,89.86121368408203,67.25028228759766,61.62363052368164,98.90792846679688,119.63118743896484,56.171104431152344,2.4308061599731445,35.57624053955078,13.17199993133545,74.53047943115234,20.279359817504883,60.32136917114258
2016-12-16,26.704408645629883,37.88850021362305,13.818853378295898,164.75999450683594,136.33981323242188,79.6277847290039,39.21802520751953,40.16007614135742,89.8534927368164,66.42139434814453,63.29872512817383,98.03593444824219,118.9366455078125,55.919776916503906,2.472670078277588,34.043827056884766,13.499333381652832,73.45235443115234,20.250837326049805,60.51382827758789
2016-12-19,26.858688354492188,38.29999923706055,13.976851463317871,165.35000610351562,138.93209838867188,79.33781433105469,39.38663864135742,40.291988372802734,89.96202850341797,66.8045425415039,63.393680572509766,98.1402359008789,118.31156158447266,57.10459899902344,2.502713203430176,33.86968994140625,13.51533317565918,73.21798706054688,20.422019958496094,60.00942611694336
2016-12-20,26.930068969726562,38.56100082397461,14.10154914855957,166.36000061035156,139.27212524414062,79.54008483886719,39.496734619140625,40.425872802734375,89.68289184570312,67.66472625732422,63.35914611816406,99.0880355834961,118.1627197265625,57.032779693603516,2.5898890495300293,33.956756591796875,13.919333457946777,73.46170043945312,20.490488052368164,60.01609420776367
2016-12-21,26.955406188964844,38.529998779296875,14.118587493896484,165.9499969482422,138.5751495361328,79.51312255859375,39.40449905395508,40.27711868286133,89.41151428222656,67.83678436279297,63.246891021728516,98.73736572265625,118.11309814453125,57.032779693603516,2.6061415672302246,33.808753967285156,13.846667289733887,73.2554702758789,20.325010299682617,59.91653823852539
2016-12-22,26.77808952331543,38.31700134277344,13.987699508666992,166.02999877929688,137.75067138671875,80.09306335449219,39.24083709716797,40.15214920043945,89.51232147216797,67.94621276855469,63.255523681640625,98.87004852294922,116.48587036132812,57.0417594909668,2.6376633644104004,33.92193603515625,13.896666526794434,73.03046417236328,19.854267120361328,60.308101654052734
2016-12-23,26.831050872802734,38.02949905395508,14.091479301452637,165.32000732421875,137.75921630859375,79.85704803466797,39.17388916015625,40.05891036987305,89.91548919677734,68.07138061523438,63.71315002441406,99.24916076660156,116.35687255859375,56.76351547241211,2.703413248062134,33.76521301269531,14.22266674041748,73.26483917236328,19.839994430541992,60.20191192626953
2016-12-27,27.00145721435547,38.56999969482422,14.120134353637695,164.9499969482422,137.7337188720703,79.72216796875,39.255210876464844,40.1645393371582,89.87675476074219,68.13390350341797,63.73040008544922,99.33450317382812,117.09113311767578,56.79941940307617,2.8890910148620605,33.800048828125,14.635333061218262,73.45235443115234,19.885643005371094,60.22845458984375
2016-12-28,26.886320114135742,38.60649871826172,13.95594310760498,163.75,136.8497314453125,79.51312255859375,38.932865142822266,39.898738861083984,89.24866485595703,67.64128112792969,63.082847595214844,98.27290344238281,116.0096206665039,56.53911590576172,2.690361499786377,33.67815399169922,14.649333000183105,73.40547943115234,19.774383544921875,59.9297981262207
2016-12-29,26.879409790039062,38.25749969482422,13.931156158447266,163.0500030517578,136.95176696777344,79.45242309570312,38.82078552246094,39.81492614746094,89.5510482788086,67.16427612304688,63.51457595825195,98.35820007324219,115.44404602050781,56.458335876464844,2.744046211242676,33.68684387207031,14.312000274658203,73.43359375,19.76011085510254,59.962989807128906
2016-12-30,26.669862747192383,37.493499755859375,13.691059112548828,162.97999572753906,136.08477783203125,79.37150573730469,38.276756286621094,39.29770278930664,89.33396911621094,67.47705841064453,63.505950927734375,97.8653335571289,114.15418243408203,55.77615737915039,2.6285505294799805,33.477901458740234,14.246000289916992,73.14299011230469,19.72017478942871,59.90326690673828
2017-01-03,26.74585723876953,37.68349838256836,13.812653541564941,163.8300018310547,135.76177978515625,79.47266387939453,38.98691940307617,40.06932830810547,89.82247924804688,68.2121353149414,64.41255187988281,99.89371490478516,115.95008850097656,56.171104431152344,2.512071371078491,33.69640350341797,14.465999603271484,74.53047943115234,19.58893394470215,60.32136917114258
2017-01-04,26.71592140197754,37.85900115966797,13.714296340942383,164.0800018310547,135.787353515625,79.45242309570312,39.02460479736328,40.05742263793945,89.67515563964844,68.33792114257812,64.51615142822266,100.84154510498047,117.7658462524414,55.919776916503906,2.570680618286133,33.862491607666016,15.13266658782959,75.13983154296875,19.703052520751953,59.65769577026367
2017-01-05,26.85178565979004,39.022499084472656,13.498202323913574,163.3000030517578,138.46466064453125,79.10850524902344,39.37771224975586,40.31777572631836,90.61337280273438,67.70886993408203,65.267333984375,101.62041473388672,119.73042297363281,55.919776916503906,2.5054221153259277,33.775081634521484,15.116666793823242,76.02108001708984,19.745849609375,58.768394470214844
2017-01-06,27.15113639831543,39.79949951171875,13.677117347717285,163.41000366210938,138.3966522216797,78.79158020019531,39.97926712036133,40.92228317260742,90.17915344238281,67.71675109863281,65.33642578125,102.35177612304688,122.44908905029297,56.404476165771484,2.538914203643799,33.6090202331543,15.267333030700684,77.0710678100586,19.474809646606445,58.73517990112305
2017-01-09,27.399822235107422,39.84600067138672,13.706548690795898,162.02000427246094,136.81573486328125,78.11720275878906,40.00407409667969,41.01997375488281,90.16365051269531,67.7639389038086,65.85448455810547,102.15231323242188,123.92748260498047,56.22495651245117,2.6418492794036865,34.1159782409668,15.41866683959961,76.63983917236328,19.603200912475586,57.7662239074707
2017-01-10,27.42745590209961,39.79499816894531,13.985370635986328,161.47000122070312,137.4021759033203,77.52377319335938,39.911827087402344,40.96194839477539,90.07060241699219,67.96051025390625,65.85448455810547,101.93387603759766,123.38175964355469,56.207008361816406,2.6219019889831543,33.792564392089844,15.324666976928711,76.22732543945312,19.466251373291016,57.02954864501953
2017-01-11,27.574827194213867,39.95100021362305,13.89630126953125,162.22999572753906,137.3002471923828,78.17791748046875,40.06655502319336,41.152870178222656,88.96178436279297,68.47160339355469,64.98242950439453,102.3992691040039,125.10820007324219,56.71864318847656,2.58964204788208,34.18590545654297,15.315333366394043,76.68669891357422,19.55183982849121,57.613582611083984
2017-01-12,27.45969581604004,40.68199920654297,13.852928161621094,161.41000366210938,137.5806884765625,78.3329849243164,39.98968505859375,41.13650894165039,88.87648010253906,67.81109619140625,66.61428833007812,103.25409698486328,125.63410186767578,56.19803237915039,2.547285795211792,34.264583587646484,15.305999755859375,76.28356170654297,19.392074584960938,57.30165100097656
2017-01-13,27.41134262084961,40.856998443603516,13.976078987121582,161.89999389648438,137.57217407226562,78.48133850097656,40.06507110595703,41.2064323425293,88.86096954345703,68.17279052734375,66.83015441894531,103.24459075927734,127.34069061279297,56.27880859375,2.5470399856567383,34.317020416259766,15.850000381469727,76.09607696533203,19.152416229248047,57.30830001831055
2017-01-17,27.632396697998047,40.486000061035156,13.872291564941406,159.63999938964844,139.22958374023438,78.4139175415039,39.90290069580078,41.033851623535156,89.07032775878906,65.69593811035156,66.35527801513672,102.95966339111328,126.87435150146484,56.12622833251953,2.489908456802368,34.177162170410156,15.70533275604248,76.18045043945312,19.52046012878418,57.97859191894531
2017-01-18,27.630090713500977,40.374000549316406,14.330033302307129,160.49000549316406,139.6205596923828,78.18463134765625,39.975311279296875,41.11121368408203,88.9384994506836,66.00261688232422,66.94239807128906,103.20661926269531,126.9239730834961,56.099300384521484,2.535219430923462,34.25581741333008,15.890666961669922,76.48980712890625,19.432010650634766,57.261802673339844
2017-01-19,27.581735610961914,40.45199966430664,14.371850967407227,159.41000366210938,139.1361083984375,77.94185638427734,39.78213882446289,40.88062286376953,88.55081176757812,65.49938201904297,66.34667205810547,103.0831298828125,126.55685424804688,55.919776916503906,2.58964204788208,34.2733039855957,16.250667572021484,76.62109375,19.29221534729004,56.23313903808594
2017-01-20,27.632396697998047,40.416500091552734,14.799383163452148,160.2100067138672,139.5950469970703,77.95536041259766,39.92323303222656,41.06906509399414,88.51205444335938,65.79029083251953,66.32073974609375,104.44134521484375,126.05081939697266,56.31472396850586,2.5613226890563965,34.850215911865234,16.315332412719727,76.72419738769531,19.166683197021484,57.00300216674805
2017-01-23,27.65081214904785,40.89400100708008,14.793191909790039,158.80999755859375,138.54959106445312,77.81375885009766,40.63191223144531,41.87540054321289,88.32594299316406,65.82173156738281,65.89767456054688,104.12791442871094,127.92608642578125,56.5121955871582,2.587918758392334,34.684146881103516,16.594667434692383,77.01483917236328,19.015474319458008,56.39241027832031
2017-01-24,27.625486373901367,41.12200164794922,15.315982818603516,160.72000122070312,139.11061096191406,78.47460174560547,40.858062744140625,42.12831497192383,86.65882873535156,66.61592864990234,64.62843322753906,104.40336608886719,128.36268615722656,57.01483154296875,2.643080472946167,35.05125045776367,16.974000930786133,78.02729797363281,19.22945213317871,56.47206115722656
2017-01-25,28.06529998779297,41.82600021362305,15.68232536315918,164.25,139.51007080078125,79.06128692626953,41.44325637817383,42.570655822753906,87.46525573730469,67.64596557617188,64.62843322753906,104.65982055664062,130.45623779296875,57.15845489501953,2.6544089317321777,35.094966888427734,16.96466636657715,78.65541076660156,19.083942413330078,56.637969970703125
2017-01-26,28.079116821289062,41.95750045776367,15.813222885131836,164.9199981689453,139.4505615234375,78.59599304199219,41.2686882019043,42.49775314331055,86.72088623046875,68.21214294433594,64.395263671875,103.89047241210938,131.74612426757812,57.68802261352539,2.700211524963379,35.07748794555664,16.833999633789062,78.03666687011719,19.03829574584961,56.81055450439453
2017-01-27,28.081418991088867,41.78850173950195,15.932500839233398,164.39999389648438,137.74217224121094,76.73479461669922,40.83028793334961,41.905155181884766,87.91498565673828,68.3536605834961,65.08602142333984,104.32738494873047,131.1508026123047,59.043392181396484,2.752418279647827,35.16489028930664,16.863332748413086,78.53353881835938,18.733020782470703,56.750797271728516
2017-01-30,28.00773811340332,41.51900100708008,15.739646911621094,164.8000030517578,138.75357055664062,75.40629577636719,39.78933334350586,40.85384750366211,87.72113800048828,67.64596557617188,64.49888610839844,103.81449127197266,129.9601287841797,58.459964752197266,2.7093234062194824,35.16489028930664,16.708667755126953,78.46791076660156,18.94985580444336,56.31941604614258
2017-01-31,27.94325828552246,41.17399978637695,15.45152473449707,164.13999938964844,139.34857177734375,75.08934783935547,39.51509094238281,40.67333221435547,87.8141860961914,66.54513549804688,66.51072692871094,100.99354553222656,129.30531311035156,58.02911376953125,2.6886374950408936,35.06000900268555,16.795333862304688,77.53981018066406,19.041147232055664,55.6756706237793
2017-02-01,29.647262573242188,41.61750030517578,15.776041984558105,163.61000061035156,137.57217407226562,74.85331726074219,39.46078109741211,40.42787170410156,87.7986831665039,66.79676818847656,67.00286102294922,99.73027801513672,132.192626953125,57.06869125366211,2.806102752685547,34.82400131225586,16.615999221801758,77.28667449951172,18.895639419555664,55.045162200927734
2017-02-02,29.596599578857422,41.997501373291016,15.80392837524414,163.0,142.91835021972656,75.66931915283203,39.60137176513672,40.57762908935547,88.06232452392578,66.51367950439453,66.821533203125,99.8632583618164,129.82122802734375,56.70068359375,2.841564416885376,34.94637680053711,16.770000457763672,77.15544891357422,19.029739379882812,55.38362121582031
2017-02-03,29.723251342773438,40.5099983215332,15.967348098754883,163.94000244140625,143.06283569335938,76.58641815185547,39.748172760009766,40.67036437988281,88.1165771484375,68.55023193359375,66.68339538574219,101.2309799194336,129.9601287841797,57.15845489501953,2.8166911602020264,35.339725494384766,16.755332946777344,80.69913482666016,18.972675323486328,55.44337844848633
2017-02-06,30.001874923706055,40.38199996948242,15.998327255249023,163.4199981689453,141.9664306640625,76.18855285644531,39.7407341003418,40.7442512512207,87.93048858642578,68.22782897949219,67.20144653320312,101.240478515625,131.03173828125,57.12254333496094,2.8888447284698486,35.05125045776367,17.184667587280273,80.46477508544922,18.94414520263672,55.29072189331055
2017-02-07,30.287403106689453,40.625,15.947990417480469,162.92999267578125,142.38290405273438,75.11634063720703,40.019935607910156,41.12162780761719,87.9925308227539,68.18851470947266,67.08921813964844,101.24998474121094,130.8134307861328,56.934051513671875,2.933663845062256,35.02503967285156,17.165332794189453,80.41792297363281,19.083942413330078,54.932342529296875
2017-02-08,30.404842376708984,40.98550033569336,16.023883819580078,162.8699951171875,143.53338623046875,75.24445343017578,40.08985900878906,41.153865814208984,87.93048858642578,67.5909194946289,67.4432144165039,101.3639907836914,133.15509033203125,56.85326385498047,2.920858860015869,34.981327056884766,17.472000122070312,79.77102661132812,19.34642219543457,54.57066345214844
2017-02-09,30.624553680419922,41.06800079345703,15.903838157653809,164.0399932861328,145.6981201171875,75.7030258178711,40.14838790893555,41.162784576416016,88.45774841308594,68.56596374511719,67.08921813964844,101.91485595703125,133.0955352783203,57.49953079223633,2.8659424781799316,35.16489028930664,17.946666717529297,80.23039245605469,19.708755493164062,54.81178665161133
2017-02-10,30.555166244506836,41.37300109863281,15.917779922485352,164.00999450683594,146.5844268798828,76.23577880859375,40.35220718383789,41.40032196044922,89.35722351074219,68.40870666503906,67.16691589355469,101.8863754272461,133.14517211914062,57.445674896240234,2.7979769706726074,35.65439224243164,17.948667526245117,80.5303955078125,19.40633201599121,55.26721954345703
2017-02-13,30.825754165649414,41.826499938964844,16.009946823120117,165.85000610351562,146.55035400390625,76.81570434570312,40.628440856933594,41.60414505004883,89.8534927368164,69.31295013427734,67.6015396118164,102.8456802368164,133.0062255859375,58.09193801879883,2.6689372062683105,35.91661834716797,18.706666946411133,81.03665924072266,19.335012435913086,55.588687896728516
2017-02-14,31.225845336914062,41.81949996948242,15.903068542480469,166.9499969482422,147.97357177734375,76.60466766357422,40.688446044921875,41.65719985961914,90.22566223144531,70.42166137695312,68.50556945800781,103.41558074951172,132.8078155517578,58.308677673339844,2.6787872314453125,35.925357818603516,18.73200035095215,81.42098999023438,19.58893394470215,55.468143463134766
2017-02-15,31.339168548583984,42.1349983215332,15.954180717468262,167.27999877929688,149.14109802246094,76.63868713378906,40.61554718017578,41.52281188964844,90.87699890136719,71.23152923583984,69.75727844238281,104.15642547607422,132.4010009765625,58.272544860839844,2.6842057704925537,36.19633102416992,18.650667190551758,82.22408294677734,19.59749412536621,55.69584274291992
2017-02-16,31.30217170715332,42.207000732421875,16.12380027770996,167.74000549316406,149.78028869628906,75.35196685791016,40.872440338134766,41.763328552246094,91.5593490600586,71.18436431884766,69.57473754882812,103.81449127197266,132.79783630371094,58.263519287109375,2.6411099433898926,36.353668212890625,17.93000030517578,82.10199737548828,19.648841857910156,55.11986541748047
2017-02-17,31.387739181518555,42.253501892089844,16.29652214050293,168.57000732421875,149.8740234375,75.11367797851562,41.066349029541016,41.980533599853516,92.16416931152344,70.94847869873047,69.87898254394531,103.92845153808594,132.4902801513672,58.353824615478516,2.6406173706054688,36.76448059082031,18.148666381835938,82.1489486694336,19.791501998901367,54.75819778442383
2017-02-21,31.614362716674805,42.821998596191406,16.477754592895508,168.9199981689453,150.79446411132812,76.06000518798828,41.244380950927734,42.11541748046875,92.78449249267578,71.56180572509766,69.85287475585938,104.63131713867188,132.67880249023438,58.23643493652344,2.7351808547973633,36.948062896728516,18.492666244506836,82.58100891113281,20.384931564331055,54.84525680541992
2017-02-22,31.70920181274414,42.78049850463867,16.586959838867188,169.61000061035156,150.4280242919922,75.1477279663086,41.19974899291992,42.21906280517578,92.67596435546875,71.6010971069336,70.4700698852539,103.94744873046875,135.06011962890625,58.11904525756836,2.7309885025024414,37.15782928466797,18.233999252319336,82.46832275390625,20.4591064453125,54.202308654785156
2017-02-23,31.575061798095703,42.609500885009766,16.309690475463867,170.14999389648438,149.8655242919922,75.58345031738281,41.22801971435547,42.20120620727539,94.36631774902344,71.65613555908203,71.75657653808594,105.18221282958984,134.3060302734375,58.353824615478516,2.4777634143829346,37.55116653442383,17.06599998474121,82.82524108886719,20.344987869262695,54.7716064453125
2017-02-24,31.605125427246094,42.262001037597656,16.29341697692871,170.22000122070312,151.3228302001953,74.970703125,41.0946159362793,42.04301071166992,95.7947006225586,71.027099609375,72.03472900390625,105.42916107177734,134.38543701171875,58.353824615478516,2.501680612564087,37.73473358154297,17.133333206176758,83.06005859375,20.65311050415039,54.30278015136719
2017-02-27,31.66756820678711,42.43199920654297,16.518802642822266,170.6300048828125,151.37403869628906,76.08042907714844,41.12635803222656,42.13525390625,95.53711700439453,71.10575103759766,72.19989776611328,105.020751953125,135.34786987304688,58.00163650512695,2.5744173526763916,37.32391357421875,16.415332794189453,82.65616607666016,20.467662811279297,54.61084747314453
2017-02-28,31.681455612182617,42.25199890136719,16.3367862701416,171.4199981689453,150.9989776611328,76.5910415649414,40.8253288269043,41.90019607543945,95.3887939453125,71.25513458251953,71.9825668334961,104.91625213623047,134.48463439941406,57.77587890625,2.5021729469299316,37.22775650024414,16.666000366210938,82.59981536865234,20.2365665435791,54.4635124206543
2017-03-01,32.32899856567383,42.65399932861328,16.662857055664062,177.27999877929688,151.5784912109375,77.53054809570312,41.42192840576172,42.48635482788086,96.67670440673828,73.59832000732422,72.8865737915039,106.67341613769531,136.35000610351562,58.642791748046875,2.5344746112823486,37.51621627807617,16.667999267578125,83.58602142333984,20.09962272644043,55.60209274291992
2017-03-02,32.13703918457031,42.445499420166016,16.829374313354492,175.88999938964844,151.68081665039062,77.17652893066406,41.19330978393555,42.14418411254883,96.4971694946289,72.4503173828125,72.06950378417969,105.74259948730469,135.6951446533203,57.802974700927734,2.4410250186920166,37.489990234375,16.698667526245117,83.15398406982422,20.188068389892578,55.78961181640625
2017-03-03,32.326683044433594,42.49399948120117,16.909156799316406,175.67999267578125,145.10154724121094,77.3058853149414,41.11643981933594,42.10599136352539,96.62205505371094,72.96928405761719,72.82572937011719,106.13203430175781,136.1019287109375,58.019710540771484,2.426970958709717,37.3151741027832,16.771333694458008,83.39817810058594,19.979799270629883,55.22703552246094
2017-03-06,32.224918365478516,42.330501556396484,16.879724502563477,175.39999389648438,142.09310913085938,77.04718017578125,41.051971435546875,42.016239166259766,96.55961608886719,72.27732849121094,72.86921691894531,105.7711181640625,136.35000610351562,58.03775405883789,2.408230781555176,37.210269927978516,16.747333526611328,83.53907775878906,19.9370059967041,55.47484588623047
2017-03-07,32.26655578613281,42.30099868774414,16.981185913085938,175.3000030517578,142.32325744628906,76.12129211425781,41.25679016113281,42.20864486694336,96.65326690673828,71.8763198852539,71.92171478271484,105.39118957519531,136.23094177246094,58.155174255371094,2.4346141815185547,37.23649978637695,16.57266616821289,83.65180206298828,19.93415069580078,55.26721954345703
2017-03-08,32.14629364013672,42.525001525878906,17.010616302490234,174.97000122070312,141.67552185058594,74.62349700927734,41.428375244140625,42.33212661743164,96.8640365600586,71.71906280517578,72.50411224365234,105.41017150878906,136.6476593017578,58.68793869018555,2.43017578125,37.245243072509766,16.45800018310547,83.557861328125,20.060604095458984,54.2692985534668
2017-03-09,32.07229232788086,42.650001525878906,17.194950103759766,175.3699951171875,141.2749481201172,74.91622924804688,41.592529296875,42.5403938293457,98.30802154541016,72.00212860107422,73.49508666992188,105.22972106933594,137.16363525390625,58.45315933227539,2.429682970046997,37.09663772583008,16.32666778564453,83.69872283935547,20.07784080505371,54.69793701171875
2017-03-10,32.178672790527344,42.62300109863281,17.531091690063477,174.97999572753906,140.93411254882812,75.30431365966797,41.81916809082031,42.717445373535156,98.51094055175781,71.77409362792969,73.32991790771484,105.6286392211914,137.70932006835938,58.633758544921875,2.443983793258667,37.306419372558594,16.246000289916992,84.28109741210938,20.146821975708008,54.657737731933594
2017-03-13,32.19254684448242,42.72949981689453,17.538833618164062,175.38999938964844,140.23526000976562,74.44647216796875,41.932735443115234,42.87464141845703,98.87779235839844,71.83699798583984,73.13865661621094,105.93254852294922,138.51303100585938,58.43510055541992,2.5112967491149902,37.21901321411133,16.411333084106445,84.63803100585938,20.103715896606445,54.530487060546875
2017-03-14,32.14399719238281,42.62649917602539,17.376197814941406,174.72999572753906,140.82330322265625,73.0916976928711,41.93669891357422,42.94059753417969,99.1666030883789,71.9549560546875,73.41683197021484,104.94476318359375,138.23519897460938,58.16419982910156,2.5095701217651367,37.4025764465332,17.200000762939453,84.11201477050781,20.325008392333984,54.24250411987305
2017-03-15,32.483943939208984,42.64849853515625,17.49856185913086,174.6699981689453,141.93124389648438,74.12648010253906,42.01506042480469,43.063575744628906,100.65739440917969,72.1279296875,74.65116119384766,106.39794921875,138.63209533691406,58.47122573852539,2.528557062149048,37.629852294921875,17.048667907714844,84.45956420898438,20.284778594970703,54.918941497802734
2017-03-16,32.53713607788086,42.67100143432617,17.3001651763916,174.0800018310547,142.37435913085938,73.43208312988281,42.09341812133789,43.14341735839844,100.26715087890625,72.05715942382812,73.8775405883789,107.0153579711914,138.8999786376953,58.371883392333984,2.559623956680298,39.9724235534668,17.469999313354492,84.5722885131836,20.24454116821289,54.96582794189453
2017-03-17,32.37525177001953,42.615501403808594,17.208354949951172,172.82000732421875,143.01353454589844,73.30952453613281,42.259056091308594,43.26095199584961,99.9549331665039,71.30229949951172,72.9822006225586,107.16732788085938,138.75112915039062,58.579586029052734,2.6153483390808105,39.91123580932617,17.433332443237305,84.76013946533203,20.086467742919922,54.918941497802734
2017-03-20,32.715213775634766,42.8484992980957,17.213022232055664,172.07000732421875,142.6981658935547,73.29594421386719,42.07456588745117,43.0397834777832,99.9627456665039,70.79119873046875,73.06912231445312,106.76840209960938,138.8503875732422,58.633758544921875,2.6986875534057617,39.535377502441406,17.461332321166992,83.76451110839844,20.112335205078125,54.918941497802734
2017-03-21,32.34056091308594,42.15999984741211,16.806894302368164,169.47000122070312,142.1357421875,73.55463409423828,41.184871673583984,42.15855407714844,99.32270812988281,68.7153549194336,72.78225708007812,105.15371704101562,137.4314727783203,57.98358154296875,2.611403465270996,39.194488525390625,16.711999893188477,82.71253204345703,20.089345932006836,54.805076599121094
2017-03-22,32.705955505371094,42.40299987792969,16.915821075439453,169.3000030517578,142.90274047851562,73.79292297363281,41.14173126220703,42.141700744628906,98.54997253417969,68.82545471191406,73.32991790771484,105.8565673828125,138.5030975341797,58.724063873291016,2.6646625995635986,39.1507682800293,17.000667572021484,83.14458465576172,20.189937591552734,54.75819778442383
2017-03-23,32.59033203125,42.36899948120117,16.872251510620117,169.88999938964844,142.23802185058594,73.43888854980469,40.54612350463867,41.63835906982422,98.26897430419922,68.7153549194336,73.38204956054688,105.99906921386719,138.44357299804688,58.579586029052734,2.640497922897339,39.290626525878906,16.985332489013672,83.46395874023438,20.07784080505371,54.825191497802734
2017-03-24,32.52557373046875,42.28049850463867,17.036409378051758,168.66000366210938,141.48806762695312,73.52059173583984,40.389896392822266,41.414710998535156,97.9411392211914,68.63672637939453,73.17344665527344,106.35997772216797,139.2472686767578,58.67892074584961,2.6498677730560303,39.02840042114258,17.54400062561035,83.77389526367188,20.005998611450195,54.40325164794922
2017-03-27,32.581085205078125,42.340999603271484,17.04263687133789,167.44000244140625,141.59878540039062,72.35640716552734,40.64182662963867,41.58182907104492,98.19091796875,68.59742736816406,73.22557830810547,106.32199096679688,139.2274169921875,58.78727722167969,2.669099807739258,39.194488525390625,18.014667510986328,83.54846954345703,20.020360946655273,54.41664123535156
2017-03-28,33.25638961791992,42.79999923706055,17.19046401977539,168.30999755859375,142.127197265625,72.96232604980469,40.711761474609375,41.68695831298828,98.08165740966797,69.66679382324219,73.66889953613281,106.82538604736328,140.6562042236328,58.95885467529297,2.655292272567749,39.0633544921875,18.496667861938477,83.70816040039062,20.210054397583008,54.81178665161133
2017-03-29,33.33039474487305,43.715999603271484,17.218469619750977,166.58999633789062,142.68966674804688,73.5750503540039,41.23198318481445,42.145164489746094,97.5040512084961,69.40730285644531,73.39945983886719,106.43598175048828,141.5392608642578,59.12140655517578,2.646662712097168,38.91476821899414,18.492000579833984,83.76451110839844,20.33076286315918,54.932342529296875
2017-03-30,33.28644943237305,43.81700134277344,17.11966323852539,167.36000061035156,143.08175659179688,73.37762451171875,41.236454010009766,42.12582778930664,97.3011245727539,70.00489807128906,73.6776123046875,107.0153579711914,141.30113220214844,59.3381233215332,2.6974551677703857,39.054630279541016,18.527999877929688,83.60482788085938,20.57505226135254,56.0574951171875
2017-03-31,33.22400665283203,44.32699966430664,17.03563690185547,166.67999267578125,142.9113006591797,73.0985107421875,41.14023971557617,42.04251480102539,97.21526336669922,69.06919860839844,73.11260223388672,106.82538604736328,140.9439697265625,59.473575592041016,2.685865879058838,38.99342727661133,18.553333282470703,83.47330474853516,20.715877532958984,54.9256477355957
2017-04-03,33.233253479003906,44.57550048828125,17.02318572998047,166.8699951171875,142.06756591796875,73.39124298095703,41.586082458496094,42.48635482788086,97.32453918457031,68.81758117675781,73.40811920166016,106.60693359375,141.1721649169922,59.19365310668945,2.6723055839538574,38.99342727661133,19.90133285522461,83.93356323242188,20.64402961730957,54.96582794189453
2017-04-04,33.480712890625,45.34149932861328,17.03563690185547,166.86000061035156,142.53627014160156,73.97672271728516,41.38869857788086,42.27906799316406,97.31671905517578,69.04691314697266,74.8337173461914,106.46443939208984,140.62643432617188,59.35619354248047,2.4849138259887695,38.97597122192383,20.246667861938477,83.38877868652344,20.695758819580078,55.16675567626953
2017-04-05,33.30725860595703,45.4640007019043,16.893259048461914,165.8300018310547,142.32325744628906,73.96310424804688,41.23198318481445,42.09756851196289,97.41040802001953,68.16121673583984,74.43384552001953,106.65481567382812,140.74551391601562,59.202674865722656,2.4664218425750732,38.8885498046875,19.666667938232422,83.62359619140625,20.592288970947266,55.2739143371582
2017-04-06,33.22400665283203,44.91400146484375,16.922042846679688,166.47000122070312,144.8970184326172,74.40564727783203,41.05693054199219,41.90862274169922,97.60553741455078,68.39054107666016,74.19913482666016,106.99742889404297,140.07080078125,59.35619354248047,2.4844202995300293,38.61758041381836,19.913333892822266,83.67997741699219,20.529071807861328,55.59537887573242
2017-04-07,33.14999771118164,44.74399948120117,16.980392456054688,166.1699981689453,145.40830993652344,74.11289978027344,40.89773178100586,41.759857177734375,97.5040512084961,68.15330505371094,74.16436004638672,106.81658172607422,139.683837890625,59.31104278564453,2.473817825317383,38.713722229003906,20.16933250427246,83.35122680664062,20.951547622680664,55.42793273925781
2017-04-10,33.110679626464844,45.35200119018555,16.962501525878906,166.35000610351562,145.91964721679688,74.50096130371094,40.90071105957031,41.740020751953125,97.0513687133789,67.91603088378906,74.29473876953125,106.89273071289062,139.94178771972656,59.17559051513672,2.4106972217559814,38.625946044921875,20.826000213623047,83.46395874023438,20.997528076171875,55.67576599121094
2017-04-11,32.75452423095703,45.11800003051758,16.92593765258789,165.6999969482422,145.41685485839844,74.18777465820312,40.83226776123047,41.64976501464844,96.95768737792969,67.79742431640625,74.6946029663086,106.69285583496094,138.83053588867188,59.13044738769531,2.4193270206451416,38.775177001953125,20.58066749572754,83.45454406738281,21.10386848449707,55.48153305053711
2017-04-12,32.79385757446289,44.811500549316406,16.276283264160156,165.11000061035156,145.02481079101562,74.18777465820312,40.880374908447266,41.72812271118164,97.87873077392578,67.53644561767578,74.9727783203125,106.08378601074219,138.4931640625,58.9046630859375,2.3993542194366455,38.78395462036133,19.78933334350586,83.29486083984375,21.106740951538086,55.56859588623047
2017-04-13,32.620391845703125,44.23350143432617,16.441221237182617,162.89999389648438,143.89138793945312,72.2338638305664,40.842689514160156,41.66464614868164,97.5587158203125,66.74561309814453,74.65116119384766,105.84588623046875,138.3046417236328,58.651817321777344,2.3544793128967285,38.625946044921875,20.266666412353516,83.47330474853516,21.023401260375977,54.71133041381836
2017-04-17,32.800785064697266,45.0994987487793,16.639619827270508,164.35000610351562,144.62429809570312,72.28150177001953,41.51763916015625,42.4060173034668,98.12848663330078,67.90020751953125,71.60877990722656,107.22581481933594,140.31886291503906,59.13044738769531,2.4466958045959473,38.880523681640625,20.09600067138672,84.35624694824219,21.12111473083496,54.63764953613281
2017-04-18,32.65507888793945,45.18899917602539,16.5797119140625,163.69000244140625,144.99073791503906,71.94791412353516,41.50028991699219,42.349483489990234,95.08443450927734,67.34662628173828,70.58306121826172,107.0830307006836,139.8624267578125,59.04915237426758,2.4481751918792725,39.08243179321289,20.016666412353516,84.28109741210938,21.236072540283203,54.282684326171875
2017-04-19,32.534828186035156,44.959999084472656,16.620948791503906,162.75999450683594,144.93104553222656,70.96074676513672,41.569217681884766,42.47444534301758,94.73316955566406,66.79307556152344,70.31360626220703,106.86417388916016,141.16221618652344,58.73310470581055,2.457792282104492,38.79273986816406,20.368000030517578,84.29989624023438,21.28780174255371,53.907623291015625
2017-04-20,32.941864013671875,45.10300064086914,16.977279663085938,164.97999572753906,145.00779724121094,71.40325164794922,41.73982238769531,42.651493072509766,95.12340545654297,67.65506744384766,71.22633361816406,109.05302429199219,142.68031311035156,59.148494720458984,2.4967494010925293,39.09120178222656,20.167333602905273,85.6148681640625,21.49761199951172,54.25590133666992
2017-04-21,32.902549743652344,44.92649841308594,16.934492111206055,163.41000366210938,145.53619384765625,71.41008758544922,41.816192626953125,42.59545135498047,95.03760528564453,66.84049224853516,71.18285369873047,108.74848175048828,142.56124877929688,59.96123504638672,2.5071051120758057,39.003421783447266,20.373332977294922,85.6148681640625,21.537845611572266,54.04157638549805
2017-04-24,33.21937561035156,45.37049865722656,17.213022232055664,165.77999877929688,146.8656463623047,72.11813354492188,42.78672409057617,43.58625793457031,95.91958618164062,69.19717407226562,72.5128173828125,110.1093978881836,144.33731079101562,60.98165512084961,2.538419246673584,39.36334991455078,20.53533363342285,86.27236938476562,21.491853713989258,54.32286834716797
2017-04-25,33.425209045410156,45.38100051879883,17.36551856994629,167.52999877929688,147.16395568847656,72.66276550292969,43.25984573364258,44.07769775390625,96.341064453125,69.79823303222656,70.58306121826172,110.51859283447266,145.34939575195312,61.33384323120117,2.582555055618286,39.25799560546875,20.91933250427246,86.51656341552734,21.569456100463867,54.73811721801758
2017-04-26,33.22863006591797,45.464500427246094,17.247251510620117,167.6300048828125,150.67515563964844,72.22025299072266,43.231571197509766,44.09257507324219,96.40351104736328,69.93263244628906,70.37444305419922,110.5566635131836,145.4188232421875,61.25253677368164,2.564802646636963,39.231666564941406,20.67799949645996,86.2441635131836,21.678674697875977,54.51709747314453
2017-04-27,33.25407409667969,45.91899871826172,17.356958389282227,166.5500030517578,151.22909545898438,71.80494689941406,43.35654830932617,44.20663070678711,96.5830307006836,69.28416442871094,70.69607543945312,111.44174194335938,146.54994201660156,61.649871826171875,2.604745388031006,39.30189514160156,20.575332641601562,86.03755187988281,21.681541442871094,54.4233283996582
2017-04-28,33.2216911315918,46.2495002746582,17.179563522338867,165.2100067138672,151.28872680664062,72.642333984375,44.92913818359375,45.847076416015625,96.37228393554688,68.8017578125,71.33061981201172,110.6994400024414,149.080078125,61.82146453857422,2.5717053413391113,39.46869659423828,20.937999725341797,85.68065643310547,21.606821060180664,54.684532165527344
2017-05-01,33.89930725097656,47.4114990234375,17.21925163269043,165.44000244140625,151.5784912109375,72.1113052368164,45.25695037841797,46.258670806884766,96.27081298828125,68.84921264648438,71.12200164794922,110.74702453613281,151.2728729248047,62.679351806640625,2.6294026374816895,39.54770278930664,21.52199935913086,85.71817779541016,21.621191024780273,54.959129333496094
2017-05-02,34.11439514160156,47.34700012207031,17.540571212768555,166.0500030517578,152.2006072998047,71.73004913330078,45.44886779785156,46.470420837402344,96.55181884765625,68.4063720703125,71.01769256591797,112.4124755859375,151.5903778076172,62.58000564575195,2.5514872074127197,39.6179313659668,21.25933265686035,86.92046356201172,21.70453643798828,54.952415466308594
2017-05-03,34.01033020019531,47.05149841308594,17.497777938842773,166.72999572753906,153.24891662597656,72.65597534179688,45.97455596923828,47.03376388549805,96.26301574707031,68.8017578125,70.62653350830078,111.66064453125,150.61802673339844,62.381343841552734,2.5704729557037354,39.407230377197266,20.73466682434082,86.82650756835938,21.773513793945312,55.387760162353516
2017-05-04,33.88774490356445,46.87649917602539,17.381078720092773,166.33999633789062,155.49029541015625,71.3556137084961,46.20366668701172,47.34469985961914,96.74694061279297,68.88084411621094,72.18250274658203,112.22210693359375,149.67543029785156,62.13752746582031,2.560610771179199,39.91638946533203,19.69733238220215,86.99560546875,21.940210342407227,54.67784881591797
2017-05-05,34.44973373413086,46.70750045776367,17.618375778198242,166.5500030517578,153.5727081298828,72.02281188964844,45.97901153564453,47.12451934814453,96.40351104736328,68.8017578125,71.72180938720703,111.82242584228516,149.0701904296875,62.3090934753418,2.560856342315674,40.012962341308594,20.55666732788086,86.49778747558594,21.986186981201172,54.932342529296875
2017-05-08,35.38636779785156,47.45199966430664,17.51178550720215,165.02000427246094,153.0762176513672,72.62873840332031,46.3345947265625,47.54157638549805,96.20056915283203,68.88084411621094,70.12239074707031,110.9754409790039,149.8837890625,62.25491714477539,2.53398060798645,39.99541473388672,20.479333877563477,86.33810424804688,21.87697982788086,55.5150146484375
2017-05-09,35.61301040649414,47.64099884033203,17.77475929260254,163.4600067138672,153.1116943359375,71.53943634033203,46.22896194458008,47.443382263183594,96.16935729980469,68.60404968261719,70.22669219970703,110.78511047363281,149.3083038330078,62.345218658447266,2.538172721862793,39.92517852783203,21.417333602905273,86.41324615478516,22.04942512512207,55.12657928466797
2017-05-10,35.44418716430664,47.4474983215332,17.998050689697266,163.72000122070312,152.37356567382812,72.50618743896484,46.06084442138672,47.350650787353516,95.85714721679688,69.14180755615234,70.45272064208984,111.01348114013672,149.11978149414062,62.58904266357422,2.9906249046325684,39.96906661987305,21.681333541870117,86.64805603027344,22.191190719604492,55.37671661376953
2017-05-11,35.75071716308594,47.38100051879883,17.979379653930664,163.27000427246094,152.2935333251953,72.30873107910156,46.15110397338867,47.4027214050293,96.16155242919922,68.92829132080078,70.18150329589844,110.89929962158203,148.87173461914062,61.82146453857422,3.119086742401123,39.64425277709961,21.540000915527344,86.50717163085938,22.02627182006836,55.849952697753906
2017-05-12,36.25,48.067501068115234,18.3582820892334,163.32000732421875,151.9556427001953,72.1385269165039,46.231449127197266,47.36552429199219,96.50496673583984,68.73848724365234,70.15522766113281,111.47027587890625,149.1594696044922,61.74921417236328,3.15336012840271,39.57402801513672,21.65399932861328,87.09893798828125,21.90475845336914,55.80938720703125
2017-05-15,36.157100677490234,47.89849853515625,18.597135543823242,163.8000030517578,152.5692596435547,72.74446105957031,46.47246551513672,47.567848205566406,99.11975860595703,69.07062530517578,70.25147247314453,112.49810791015625,149.0205535888672,61.79436111450195,3.3116567134857178,39.78470993041992,21.058666229248047,87.56858825683594,22.07256507873535,55.9784049987793
2017-05-16,36.103694915771484,48.30350112915039,18.725509643554688,163.61000061035156,152.06231689453125,73.01680755615234,46.76605224609375,47.83513641357422,99.72857666015625,69.28416442871094,69.10537719726562,112.76459503173828,148.61373901367188,63.03862762451172,3.3732986450195312,39.758384704589844,21.134000778198242,87.49342346191406,21.731163024902344,55.80938720703125
2017-05-17,34.89149475097656,47.237998962402344,17.98638916015625,161.25999450683594,150.41722106933594,72.00582885742188,45.6065788269043,46.72234344482422,98.87002563476562,66.64280700683594,68.36175537109375,111.15625,143.72213745117188,61.285762786865234,3.1491689682006836,38.827842712402344,20.407333374023438,86.34080505371094,21.73406219482422,55.4307975769043
2017-05-18,35.42329025268555,47.92449951171875,18.49054527282715,161.6199951171875,151.8134002685547,72.32905578613281,46.13325500488281,47.13542938232422,99.10415649414062,66.39765930175781,68.50173950195312,110.62330627441406,146.51026916503906,61.49464797973633,3.2810826301574707,38.775177001953125,20.87066650390625,86.29371643066406,22.434223175048828,55.26853942871094
2017-05-19,35.54404067993164,47.992000579833984,18.21356964111328,163.24000549316406,152.6314697265625,73.25747680664062,46.32020950317383,47.34122085571289,99.1275863647461,67.04612731933594,68.06431579589844,111.8985595703125,146.90713500976562,61.47647476196289,3.356858491897583,38.8980827331543,20.722000122070312,87.01825714111328,22.790096282958984,55.390220642089844
2017-05-22,35.75999069213867,48.53350067138672,18.546554565429688,165.1300048828125,153.3072967529297,72.98239135742188,46.70951843261719,47.80836868286133,99.33050537109375,66.98285675048828,67.34693145751953,113.24994659423828,147.08575439453125,62.16675567626953,3.428438663482666,39.17899703979492,20.690000534057617,87.7992172241211,22.726436614990234,55.63361358642578
2017-05-23,35.715885162353516,48.57699966430664,18.403413772583008,165.47999572753906,153.3695068359375,73.08555603027344,47.05467987060547,48.12970733642578,99.5334243774414,67.8211441040039,68.23052978515625,113.82096862792969,146.91708374023438,62.375640869140625,3.3822813034057617,39.11754608154297,20.257333755493164,88.31674194335938,22.709081649780273,55.829681396484375
2017-05-24,35.60905838012695,49.01750183105469,18.641475677490234,164.92999267578125,153.8498077392578,73.05117797851562,47.359188079833984,48.47981643676758,99.52565002441406,67.78157043457031,68.20428466796875,114.8677978515625,148.87173461914062,62.457374572753906,3.420293092727661,39.35456848144531,20.681333541870117,89.21065521240234,22.610713958740234,55.63361358642578
2017-05-25,35.73213577270508,49.66899871826172,18.739511489868164,165.3000030517578,155.37928771972656,72.28779602050781,48.08224868774414,49.18647003173828,100.20133972167969,67.49690246582031,68.53673553466797,116.02885437011719,150.7767791748047,63.22932815551758,3.412641763687134,39.679378509521484,21.121999740600586,89.42704010009766,22.657001495361328,55.26853942871094
2017-05-26,35.67176055908203,49.78900146484375,18.766740798950195,165.69000244140625,158.16261291503906,72.01959228515625,48.17796325683594,49.25639724731445,99.72207641601562,67.50482177734375,68.28303527832031,115.75286865234375,150.94546508789062,63.53813552856445,3.5010058879852295,39.73203659057617,21.676000595092773,89.07889556884766,22.604915618896484,55.133331298828125
2017-05-30,35.68568420410156,49.834999084472656,18.658597946166992,165.11000061035156,159.10525512695312,71.56568145751953,48.39666748046875,49.40020751953125,99.8713607788086,66.3501968383789,68.54548645019531,115.77190399169922,151.19351196289062,63.94681167602539,3.575794219970703,39.872493743896484,22.34000015258789,89.12598419189453,22.610713958740234,54.82908630371094
2017-05-31,35.47437286376953,49.73099899291992,18.632144927978516,165.27999877929688,160.44796752929688,71.16677856445312,47.85015106201172,48.94993209838867,100.76705932617188,64.9662857055664,69.61280059814453,116.94246673583984,150.2806854248047,63.42914581298828,3.5629591941833496,39.846168518066406,22.733999252319336,89.60582733154297,22.74090576171875,54.42344665527344
2017-06-01,35.571903228759766,49.79750061035156,18.251686096191406,166.66000366210938,160.6258544921875,71.71009063720703,47.95379638671875,49.00943374633789,101.18347930908203,65.6859359741211,69.98026275634766,117.43733215332031,150.35012817382812,63.665279388427734,3.563206911087036,40.19731903076172,22.691333770751953,89.76580047607422,23.090986251831055,54.55867004394531
2017-06-02,36.09905242919922,50.33649826049805,19.803071975708008,166.2899932861328,160.92816162109375,70.91232299804688,48.38277816772461,49.39772415161133,102.20490264892578,65.35375213623047,70.10275268554688,119.15034484863281,152.4139404296875,65.17291259765625,3.5454349517822266,40.08318328857422,22.656667709350586,90.47150421142578,23.036014556884766,53.74737548828125
2017-06-05,35.746070861816406,50.56700134277344,19.622570037841797,166.52000427246094,161.91529846191406,70.96734619140625,48.783485412597656,49.78255081176758,102.42488098144531,65.47238159179688,69.42034912109375,119.81653594970703,152.43377685546875,65.64517211914062,3.6532986164093018,40.31143569946289,23.154666900634766,90.84786987304688,23.221181869506836,54.16655349731445
2017-06-06,35.8668212890625,50.150001525878906,19.750946044921875,166.1300048828125,161.35504150390625,71.64131164550781,48.430885314941406,49.42549514770508,102.79419708251953,65.60682678222656,69.19287109375,119.18843078613281,151.62017822265625,65.86314392089844,3.63676118850708,40.03929138183594,23.523332595825195,90.13275909423828,22.836380004882812,54.90346145629883
2017-06-07,36.080482482910156,50.503501892089844,19.783620834350586,166.5,162.02198791503906,71.36622619628906,48.647605895996094,49.66452407836914,102.73133850097656,66.35810852050781,69.4553451538086,119.14085388183594,151.927734375,65.74507141113281,3.680697441101074,39.85495376586914,23.976667404174805,90.41504669189453,22.900035858154297,54.70063781738281
2017-06-08,35.992225646972656,50.51350021362305,19.83574867248535,166.94000244140625,161.3195037841797,71.52442169189453,48.77009963989258,49.80238342285156,102.57418060302734,67.18057250976562,70.07648468017578,118.73162841796875,153.5054168701172,65.34545135498047,3.9477646350860596,39.872493743896484,24.666667938232422,90.41504669189453,22.836380004882812,54.50459289550781
2017-06-09,34.5965690612793,48.91550064086914,18.93246078491211,170.0,160.40353393554688,73.17498016357422,47.10477828979492,48.10837936401367,103.34416961669922,68.7701416015625,70.89887237548828,117.09474182128906,148.43515014648438,63.86506652832031,3.69254469871521,39.53013610839844,23.821332931518555,88.97540283203125,22.978151321411133,55.52543258666992
2017-06-12,33.76985168457031,48.24549865722656,18.880327224731445,170.5,159.74551391601562,74.3028564453125,46.7610969543457,47.6962890625,103.5720443725586,68.78593444824219,70.77640533447266,114.92489624023438,147.28421020507812,63.37464904785156,3.701676845550537,39.37211227416992,23.93400001525879,87.97801208496094,22.926071166992188,56.06630325317383
2017-06-13,34.04156494140625,49.03950119018555,18.90134048461914,171.47000122070312,160.51914978027344,74.36473846435547,47.28181457519531,48.127235412597656,103.72916412353516,69.01526641845703,71.08259582519531,116.4095230102539,149.50674438476562,64.16478729248047,3.736973524093628,39.48622512817383,25.06333351135254,89.46469116210938,23.007080078125,56.08657455444336
2017-06-14,33.709476470947266,48.82350158691406,18.714611053466797,171.4499969482422,161.55068969726562,73.3125,47.15089416503906,47.999778747558594,104.31847381591797,68.87294006347656,71.38880157470703,116.58080291748047,149.080078125,63.81966781616211,3.7448720932006836,39.336997985839844,25.37733268737793,89.6905517578125,23.117023468017578,55.484886169433594
2017-06-15,33.50743865966797,48.208499908447266,18.59506607055664,170.5500030517578,160.11895751953125,73.12682342529297,46.731834411621094,47.61545944213867,104.53058624267578,68.46172332763672,71.78248596191406,115.55299377441406,148.63357543945312,63.48362350463867,3.7609150409698486,39.2228889465332,25.022666931152344,88.60845184326172,22.830595016479492,55.613311767578125
2017-06-16,33.03834533691406,49.385501861572266,18.45911407470703,170.47999572753906,148.60313415527344,74.51605224609375,46.60636520385742,47.53810119628906,105.55986022949219,68.15330505371094,71.63374328613281,116.06693267822266,149.467041015625,63.574459075927734,3.742403507232666,39.58280944824219,24.760000228881836,88.60845184326172,21.76877784729004,56.44488525390625
2017-06-19,33.98350143432617,49.75849914550781,18.841970443725586,171.5500030517578,146.1399383544922,73.90396881103516,47.47870635986328,48.36129379272461,105.33985137939453,69.64794158935547,72.03617858886719,117.14232635498047,151.67970275878906,64.3646011352539,3.8830952644348145,40.14463806152344,24.65333366394043,89.19186401367188,21.8439998626709,55.95134735107422
2017-06-20,33.67464065551758,49.62950134277344,18.7513427734375,170.5500030517578,144.85939025878906,73.22998809814453,47.144447326660156,48.05234909057617,105.45771789550781,69.21296691894531,72.3948745727539,116.99002838134766,151.0645294189453,63.49272537231445,3.877418041229248,40.241207122802734,24.81599998474121,88.80604553222656,21.855573654174805,55.64714813232422
2017-06-21,33.87434768676758,50.11149978637695,19.152164459228516,169.6199951171875,145.0817108154297,71.86138153076172,47.58185577392578,48.528411865234375,105.99988555908203,68.89666748046875,72.29865264892578,117.1518325805664,152.7115936279297,63.81966781616211,3.9361629486083984,40.671348571777344,25.093332290649414,88.95659637451172,22.058095932006836,55.058956146240234
2017-06-22,33.818634033203125,50.064998626708984,19.067779541015625,168.32000732421875,142.09384155273438,71.8338851928711,47.46481704711914,48.43071746826172,106.8956069946289,68.81759643554688,73.7596664428711,117.34217071533203,152.20556640625,63.810604095458984,3.9090123176574707,44.1564826965332,25.507333755493164,88.40142822265625,21.849790573120117,54.81556701660156
2017-06-23,33.969566345214844,50.1870002746582,19.163101196289062,167.22000122070312,139.72842407226562,72.21215057373047,47.886356353759766,48.90034103393555,107.19416046142578,68.69105529785156,73.39221954345703,118.01786041259766,153.8625946044922,64.67339324951172,3.796952486038208,44.72707748413086,25.56333351135254,89.93517303466797,21.653045654296875,55.173885345458984
2017-06-26,33.86274719238281,49.69900131225586,18.966981887817383,167.49000549316406,142.45838928222656,71.62068939208984,47.22578048706055,48.206077575683594,107.12342834472656,68.99156951904297,73.73342895507812,117.55152130126953,152.3940887451172,64.05580139160156,3.7554855346679688,44.6480827331543,25.166000366210938,89.59644317626953,21.8439998626709,54.92374038696289
2017-06-27,33.37739944458008,48.8390007019043,18.387235641479492,167.35000610351562,141.62252807617188,71.57255554199219,45.98893356323242,47.01591491699219,106.07843017578125,69.63211822509766,72.64861297607422,116.80921936035156,149.4075469970703,62.856964111328125,3.61800217628479,44.551513671875,24.158000946044922,89.29530334472656,21.991552352905273,54.835853576660156
2017-06-28,33.86506652832031,49.51649856567383,18.83415985107422,169.88999938964844,142.43174743652344,71.71694946289062,46.641578674316406,47.656620025634766,105.14346313476562,71.03189086914062,72.70106506347656,118.77919006347656,152.04684448242188,63.392822265625,3.7456114292144775,44.656856536865234,24.749332427978516,90.54679107666016,22.136220932006836,55.11979675292969
2017-06-29,33.36578369140625,48.79650115966797,18.286436080932617,169.3000030517578,141.10675048828125,71.60691833496094,45.51581954956055,46.506622314453125,104.21629333496094,72.08369445800781,72.35114288330078,115.63864135742188,149.86395263671875,62.20307540893555,3.6204710006713867,44.068695068359375,24.049999237060547,88.84365844726562,21.968402862548828,54.55867004394531
2017-06-30,33.44473648071289,48.400001525878906,18.209087371826172,169.3699951171875,142.2183380126953,71.7513427734375,45.06650924682617,46.102962493896484,103.94131469726562,72.28137969970703,72.00118255615234,115.58155059814453,149.8043975830078,62.602657318115234,3.5681426525115967,44.016021728515625,24.107332229614258,88.2414779663086,21.896081924438477,54.578948974609375
2017-07-03,33.3239860534668,47.68299865722656,17.952024459838867,171.8000030517578,141.23123168945312,73.10618591308594,44.569091796875,45.59614562988281,104.42059326171875,73.7524642944336,72.35114288330078,114.94395446777344,147.2742462158203,61.91242599487305,3.439051866531372,43.33128356933594,23.507999420166016,87.83687591552734,21.803495407104492,55.50514602661133
2017-07-05,33.461002349853516,48.56999969482422,18.096572875976562,171.85000610351562,140.5198974609375,71.95079803466797,45.214290618896484,46.230899810791016,105.00204467773438,74.49198150634766,72.35114288330078,116.29777526855469,149.1693878173828,62.73890686035156,3.530871629714966,43.4190559387207,21.805999755859375,88.45789337158203,21.79192543029785,54.66004943847656
2017-07-06,33.14517593383789,48.25699996948242,18.364574432373047,170.1999969482422,139.6928253173828,71.40060424804688,44.96533203125,46.004268646240234,104.12203216552734,74.25342559814453,71.38880157470703,115.17277526855469,147.66123962402344,62.27571105957031,3.5414857864379883,42.883575439453125,20.588666915893555,87.7427749633789,21.835317611694336,54.16655349731445
2017-07-07,33.481903076171875,48.9379997253418,18.722427368164062,171.13999938964844,137.04287719726562,71.17366790771484,45.55548858642578,46.65489959716797,104.13774108886719,74.62715911865234,71.99243927001953,116.50753021240234,150.26083374023438,63.084022521972656,3.6224453449249268,43.322513580322266,20.881332397460938,88.37320709228516,21.794815063476562,54.23415756225586
2017-07-10,33.68625259399414,49.82350158691406,18.89041519165039,170.25,134.27734375,70.86418914794922,46.061832427978516,47.16021728515625,103.35989379882812,74.10235595703125,71.98369598388672,117.0128402709961,152.30479431152344,63.55630874633789,3.7937443256378174,43.55952072143555,21.06999969482422,89.4740982055664,21.187231063842773,54.193580627441406
2017-07-11,33.7953987121582,49.70650100708008,18.82166290283203,169.24000549316406,134.37510681152344,70.91920471191406,46.12581253051758,47.28568649291992,103.10845184326172,73.81607055664062,72.04492950439453,118.44298553466797,154.06101989746094,63.56536865234375,3.8475520610809326,43.78776931762695,21.814666748046875,89.77523040771484,21.256671905517578,54.49106216430664
2017-07-12,33.84416961669922,50.32550048828125,19.253734588623047,169.9199981689453,134.9442138671875,71.44874572753906,46.80721664428711,47.98639678955078,103.8941879272461,73.5616226196289,73.05101776123047,119.44405364990234,157.66275024414062,64.61888122558594,4.011197090148926,44.28815460205078,21.968000411987305,90.49971008300781,21.392650604248047,54.734458923339844
2017-07-13,34.315582275390625,50.03150177001953,19.323278427124023,169.69000244140625,136.58935546875,71.6137924194336,46.97236633300781,48.045406341552734,103.60346221923828,74.03076934814453,73.5059585571289,119.6252212524414,158.0199432373047,65.1819839477539,3.9647958278656006,44.20036697387695,21.560667037963867,90.27391815185547,21.71380043029785,54.7412109375
2017-07-14,34.610504150390625,50.09049987792969,19.556116104125977,169.47000122070312,136.05577087402344,71.82699584960938,47.4102668762207,48.445098876953125,104.18489074707031,73.35487365722656,73.79463958740234,121.0934829711914,158.72439575195312,66.09925842285156,4.0714240074157715,44.38471984863281,21.851999282836914,91.20545196533203,22.087034225463867,54.9507942199707
2017-07-17,34.73125457763672,50.50199890136719,19.45688819885254,170.16000366210938,135.91351318359375,71.66883087158203,47.282814025878906,48.39799118041992,103.83130645751953,72.67103576660156,73.17349243164062,121.49388885498047,158.4862823486328,66.61695098876953,4.0541462898254395,44.44639587402344,21.30466651916504,91.1113510131836,22.0957088470459,54.66682815551758
2017-07-18,34.85200881958008,51.22249984741211,19.60221290588379,170.30999755859375,134.72190856933594,71.33184051513672,47.87692642211914,48.942989349365234,105.64631652832031,72.41658020019531,73.22600555419922,121.77996063232422,161.5919189453125,66.57154846191406,4.0963544845581055,44.4552116394043,21.882667541503906,91.81704711914062,22.046525955200195,54.49106216430664
2017-07-19,35.070289611816406,51.34349822998047,19.87724494934082,171.1999969482422,134.49069213867188,71.84075927734375,48.14919662475586,49.23160171508789,106.23560333251953,72.51993560791016,73.68968963623047,122.07549285888672,162.8619842529297,67.08013916015625,4.075127601623535,44.93985366821289,21.68400001525879,92.44746398925781,21.951051712036133,54.66004943847656
2017-07-20,34.91238784790039,51.435001373291016,19.801456451416016,171.3300018310547,134.26840209960938,71.95767974853516,48.013309478759766,49.20283508300781,107.30416870117188,72.51993560791016,74.14461517333984,122.48544311523438,163.24891662597656,67.40708923339844,4.134366989135742,45.05440902709961,21.994667053222656,92.31575012207031,21.99444580078125,54.66682815551758
2017-07-21,34.89613723754883,51.28350067138672,19.776458740234375,171.33999633789062,133.77928161621094,71.00859069824219,48.249874114990234,49.28466033935547,106.31414794921875,72.27342224121094,74.06587982177734,123.24820709228516,163.14967346191406,67.01654052734375,4.149175643920898,44.76362991333008,21.893333435058594,93.71774291992188,22.032062530517578,54.16655349731445
2017-07-24,35.31878662109375,51.9474983215332,19.77020263671875,171.3699951171875,134.27734375,70.9742202758789,48.61784744262695,49.50633239746094,104.50703430175781,72.58354949951172,74.1358642578125,123.48654174804688,164.7074737548828,66.84400177001953,4.101044654846191,44.72838592529297,22.834667205810547,94.44229888916016,22.24616050720215,53.997535705566406
2017-07-25,35.4697380065918,51.993499755859375,19.869434356689453,172.94000244140625,136.20693969726562,71.79263305664062,47.147918701171875,48.0543327331543,103.61919403076172,73.79222869873047,71.90494537353516,123.92512512207031,163.99307250976562,67.37987518310547,4.081298828125,45.089656829833984,22.639999389648438,94.084716796875,22.717761993408203,54.26796340942383
2017-07-26,35.63693618774414,52.63999938964844,20.081172943115234,173.02000427246094,135.24656677246094,72.294677734375,47.00409698486328,47.869850158691406,102.88847351074219,73.10041809082031,71.5987319946289,124.88810729980469,164.32049560546875,67.25270080566406,4.12844181060791,45.089656829833984,22.92333221435547,94.89393615722656,22.827701568603516,54.33557891845703
2017-07-27,34.96348190307617,52.29999923706055,19.607681274414062,173.0500030517578,135.62893676757812,72.97553253173828,46.32417678833008,47.23509979248047,102.79419708251953,72.79826354980469,72.6310806274414,122.92404174804688,169.11289978027344,66.44438171386719,3.992192268371582,44.4552116394043,22.297332763671875,93.68952178955078,23.082307815551758,54.64656066894531
2017-07-28,34.71732711791992,51.00199890136719,19.562368392944336,174.0,135.95797729492188,74.3578872680664,46.69314956665039,47.52371597290039,103.5956039428711,72.58354949951172,72.70106506347656,121.95155334472656,171.1072235107422,66.33539581298828,4.057600975036621,44.323036193847656,22.33799934387207,93.29432678222656,23.090986251831055,53.81499481201172
2017-07-31,34.538509368896484,49.388999938964844,19.272491455078125,174.97000122070312,140.95558166503906,75.0937271118164,46.146141052246094,46.887481689453125,104.27919006347656,72.99705505371094,72.31615447998047,121.8466796875,167.93214416503906,66.02661895751953,4.011197090148926,43.99699401855469,21.564666748046875,93.68011474609375,23.143070220947266,54.11246109008789
2017-08-01,34.84504318237305,49.80950164794922,19.407663345336914,176.2899932861328,142.0315704345703,76.1872329711914,46.162513732910156,46.94004440307617,104.11417388916016,73.9751205444336,72.06241607666016,123.45794677734375,168.5373992919922,65.91763305664062,4.06007194519043,44.199676513671875,21.30466651916504,94.91275787353516,23.29061508178711,54.20033645629883
2017-08-02,36.49150085449219,49.794498443603516,19.795991897583008,177.85000610351562,143.4188232421875,75.96717071533203,46.140682220458984,46.99359893798828,103.83916473388672,74.03872680664062,71.5812759399414,124.52578735351562,167.9817657470703,65.62699127197266,4.057600975036621,43.85600662231445,21.72599983215332,95.29853057861328,23.299301147460938,54.49106216430664
2017-08-03,36.12691879272461,49.34600067138672,19.556116104125977,178.99000549316406,140.42201232910156,75.25879669189453,45.80643844604492,46.629608154296875,104.774169921875,73.55368041992188,71.67750549316406,123.83932495117188,167.27728271484375,65.527099609375,4.109190940856934,44.261348724365234,23.139333724975586,94.6492691040039,23.397676467895508,54.41668701171875
2017-08-04,36.31733322143555,49.37900161743164,19.46860694885254,179.9199981689453,139.11483764648438,75.7264633178711,46.02017593383789,46.901859283447266,104.64058685302734,74.47608947753906,72.00991821289062,123.7725830078125,168.2992706298828,66.00845336914062,4.127207279205322,44.0234375,23.79400062561035,94.93155670166016,23.284835815429688,54.22739028930664
2017-08-07,36.87932205200195,49.61349868774414,19.72410774230957,178.0399932861328,139.568359375,75.49951934814453,46.08960723876953,46.89987564086914,104.3891830444336,74.76234436035156,71.79999542236328,124.30650329589844,170.64088439941406,65.75416564941406,4.254077911376953,43.741458892822266,23.67799949645996,95.49612426757812,23.516298294067383,54.193580627441406
2017-08-08,37.17422866821289,49.492000579833984,19.639713287353516,176.42999267578125,140.27969360351562,75.89152526855469,45.96215057373047,46.822509765625,103.92559051513672,74.49198150634766,71.71247863769531,123.7916259765625,169.896728515625,66.10836029052734,4.203478813171387,43.26561737060547,24.347999572753906,95.29853057861328,23.605987548828125,54.05838394165039
2017-08-09,37.40181350708008,49.10049819946289,19.46860694885254,178.05999755859375,139.48828125,76.26290130615234,45.76923751831055,46.618690490722656,104.67986297607422,74.37271881103516,72.23738861083984,123.67721557617188,169.8471221923828,65.8177490234375,4.248154163360596,43.23037338256836,24.235332489013672,95.0068359375,23.760295867919922,54.22739028930664
2017-08-10,36.21050262451172,47.84600067138672,18.807592391967773,176.36000061035156,139.2926788330078,75.7264633178711,44.99261474609375,45.80095291137695,104.56988525390625,73.30717468261719,71.78248596191406,121.72271728515625,166.0965576171875,64.85502624511719,4.0662407875061035,42.38445281982422,23.69333267211914,93.61424255371094,23.483705520629883,53.906551361083984
2017-08-11,36.714073181152344,48.39950180053711,19.077930450439453,175.33999633789062,139.30154418945312,75.12123107910156,45.34720230102539,46.123291015625,104.5777587890625,72.69487762451172,71.44791412353516,122.56171417236328,166.77125549316406,65.844970703125,3.849526882171631,42.507808685302734,23.857999801635742,94.17880249023438,23.408008575439453,53.38777160644531
2017-08-14,37.2666130065918,49.165000915527344,19.60455894470215,177.2899932861328,140.42201232910156,74.76364135742188,45.75783157348633,46.56167221069336,104.87631225585938,73.54570007324219,71.74725341796875,124.9833984375,169.42047119140625,66.83492279052734,4.156580448150635,43.04533004760742,24.253332138061523,95.85367584228516,23.49534797668457,53.401432037353516
2017-08-15,37.67458724975586,49.137001037597656,19.82176971435547,177.47000122070312,139.506103515625,74.66736602783203,45.735511779785156,46.51951599121094,104.79773712158203,73.73657989501953,71.94096374511719,125.45063018798828,169.66854858398438,66.85317993164062,4.121531963348389,43.02770233154297,24.155332565307617,96.56880187988281,23.515727996826172,53.2717170715332
2017-08-16,37.523048400878906,48.909000396728516,19.800670623779297,178.5399932861328,142.52137756347656,74.21583557128906,45.9705810546875,46.826480865478516,105.41844177246094,73.22764587402344,71.04290008544922,126.20379638671875,168.6763153076172,67.24578094482422,4.0763630867004395,43.39781188964844,24.194000244140625,97.37460327148438,23.57686996459961,52.88262939453125
2017-08-17,36.80268096923828,48.028499603271484,19.295148849487305,177.16000366210938,141.45977783203125,73.57676696777344,45.1780891418457,46.002784729003906,104.53058624267578,72.08259582519531,68.49842834472656,124.78318786621094,165.6103973388672,66.1044921875,3.9855282306671143,42.78097152709961,23.461332321166992,96.28133392333984,23.204208374023438,52.05665969848633
2017-08-18,36.71873474121094,47.923500061035156,19.484237670898438,177.55999755859375,140.13055419921875,73.96575927734375,45.1627197265625,45.92938995361328,104.2084732055664,72.15416717529297,67.8556900024414,125.03108215332031,166.1064910888672,66.1866455078125,3.9862685203552246,42.84266662597656,23.163999557495117,96.6112060546875,23.090660095214844,52.3160514831543
2017-08-21,36.651119232177734,47.66450119018555,19.50377082824707,178.33999633789062,140.12159729003906,73.47949981689453,44.96385192871094,45.66606903076172,104.85272216796875,72.06668853759766,68.1286392211914,125.79381561279297,166.4735870361328,65.87622833251953,3.9282643795013428,43.08940505981445,22.52400016784668,97.28038024902344,23.207120895385742,52.138572692871094
2017-08-22,37.25028991699219,48.345001220703125,19.938976287841797,180.4499969482422,141.5757293701172,73.88241577148438,45.85801315307617,46.63457107543945,105.83487701416016,72.80619812011719,68.9034194946289,127.56715393066406,168.31912231445312,66.79840850830078,4.015718936920166,43.4066162109375,22.75666618347168,98.08142852783203,23.297367095947266,52.384315490722656
2017-08-23,37.29690170288086,47.900001525878906,20.07414436340332,179.97999572753906,142.17344665527344,74.05606842041016,45.972564697265625,46.742671966552734,104.34202575683594,72.8936538696289,68.80657958984375,126.87120819091797,167.39634704589844,66.39665985107422,4.096008777618408,43.239192962646484,23.51799964904785,97.2426528930664,23.279897689819336,52.29556655883789
2017-08-24,37.13137435913086,47.622501373291016,19.928035736083984,178.42999267578125,135.0009765625,74.63261413574219,45.68889617919922,46.46051025390625,104.41275024414062,72.77442169189453,69.43169403076172,126.76630401611328,166.43392944335938,66.3692626953125,4.080938816070557,43.344932556152344,23.528667449951172,97.28038024902344,22.808246612548828,52.10446548461914
2017-08-25,37.26893615722656,47.26300048828125,19.188884735107422,179.60000610351562,136.0001678466797,75.18138885498047,45.42158889770508,46.14362335205078,104.12017059326172,73.06861114501953,69.37005615234375,126.56607818603516,165.02499389648438,66.48797607421875,4.046847343444824,43.388999938964844,23.203332901000977,97.40288543701172,22.892677307128906,52.370662689208984
2017-08-28,37.644287109375,47.30099868774414,19.006057739257812,178.6999969482422,136.08935546875,74.85490417480469,45.31843185424805,46.026100158691406,104.16763305664062,72.8380126953125,69.41407012939453,127.6148452758789,165.93780517578125,66.49707794189453,4.075503826141357,43.388999938964844,23.04400062561035,97.80813598632812,22.717992782592773,52.20001220703125
2017-08-29,37.98000717163086,47.702999114990234,18.88729476928711,178.6199951171875,136.99041748046875,74.92436981201172,45.689395904541016,46.403968811035156,104.53926086425781,72.44042205810547,69.15875244140625,127.60529327392578,166.74151611328125,66.69795227050781,4.06883430480957,43.57404708862305,23.157333374023438,97.79871368408203,22.933441162109375,52.18635559082031
2017-08-30,38.08257293701172,48.37950134277344,19.222482681274414,180.35000610351562,137.77537536621094,74.83406829833984,46.10001754760742,46.79473876953125,103.63785552978516,72.60742950439453,70.86681365966797,127.56715393066406,168.596923828125,67.57449340820312,4.093044281005859,43.8824462890625,23.545333862304688,97.76101684570312,22.866477966308594,51.94744873046875
2017-08-31,38.234130859375,49.029998779296875,19.695188522338867,181.16000366210938,139.82725524902344,74.75764465332031,46.584049224853516,47.370479583740234,104.665771484375,72.27342224121094,71.57117462158203,127.09043884277344,170.63096618652344,68.26838684082031,4.185932159423828,44.34946823120117,23.726667404174805,97.5630874633789,22.72964096069336,52.10446548461914
2017-09-01,38.245765686035156,48.912498474121094,19.746767044067383,180.72999572753906,141.16537475585938,75.54955291748047,46.485355377197266,47.20931625366211,103.60621643066406,72.91753387451172,70.50584411621094,127.03328704833984,170.68057250976562,67.51057434082031,4.2111310958862305,44.605003356933594,23.69333267211914,97.92122650146484,22.81698226928711,52.268272399902344
2017-09-05,37.786495208740234,48.26350021362305,19.45923614501953,176.97999572753906,141.96824645996094,76.02191162109375,46.04447937011719,46.6881217956543,102.71273803710938,71.17607879638672,70.27692413330078,126.48026275634766,169.39071655273438,67.20926666259766,4.09872579574585,44.87818145751953,23.305999755859375,97.08243560791016,23.23331642150879,52.684669494628906
2017-09-06,37.74685287475586,48.38999938964844,19.485010147094727,176.7899932861328,141.7184600830078,77.65430450439453,46.012733459472656,46.71490478515625,103.32156372070312,71.65320587158203,70.88443756103516,126.69955444335938,170.75003051757812,67.01752471923828,4.096255302429199,44.948665618896484,22.968666076660156,97.2426528930664,23.314842224121094,53.77687072753906
2017-09-07,37.595314025878906,48.9734992980957,19.26389503479004,173.99000549316406,142.09310913085938,77.66126251220703,46.41642379760742,47.10517501831055,104.5234375,70.39682006835938,71.79127502441406,130.17001342773438,171.861328125,67.87577056884766,4.115279197692871,45.58311080932617,23.374000549316406,98.54324340820312,23.32649040222168,53.947513580322266
2017-09-08,36.982177734375,48.29499816894531,19.07324981689453,175.5,140.33572387695312,76.95272064208984,45.94777297973633,46.68465042114258,103.56670379638672,70.3093490600586,73.00627136230469,130.8278045654297,169.618896484375,67.5470962524414,4.043881893157959,45.4509391784668,22.893333435058594,98.42070007324219,22.965463638305664,53.804161071777344
2017-09-11,37.651283264160156,48.89799880981445,19.35688018798828,177.8699951171875,140.38035583496094,78.16141510009766,46.07571792602539,46.77788543701172,105.32997131347656,71.39875030517578,72.7509765625,135.37567138671875,172.1589813232422,68.25926208496094,4.1750617027282715,46.25279998779297,24.246000289916992,100.04175567626953,23.023696899414062,54.09769821166992
2017-09-12,37.502071380615234,49.12900161743164,19.30999183654785,178.6300048828125,142.77113342285156,78.14055633544922,46.224002838134766,46.94449996948242,104.87136840820312,72.27342224121094,72.34595489501953,135.78562927246094,171.61328125,68.18622589111328,4.190132141113281,46.49953842163086,24.183332443237305,100.09831237792969,23.178003311157227,54.26834487915039
2017-09-13,37.2199821472168,49.97999954223633,19.23967742919922,178.9199981689453,145.40284729003906,79.31451416015625,46.37377166748047,47.1324462890625,104.7290267944336,72.48019409179688,72.57486724853516,133.57373046875,171.7025909423828,68.67015075683594,4.208907604217529,46.52596664428711,24.415332794189453,99.74018859863281,23.250795364379883,54.45265197753906
2017-09-14,36.900569915771484,49.61050033569336,19.295148849487305,178.57000732421875,144.84976196289062,79.50209045410156,45.878841400146484,46.621185302734375,106.09693908691406,72.33706665039062,73.13834381103516,134.8798828125,169.6288604736328,68.26838684082031,4.184943675994873,46.51715850830078,25.176000595092773,99.97576904296875,23.198383331298828,54.671085357666016
2017-09-15,37.27360534667969,49.339500427246094,19.576435089111328,179.88999938964844,144.78732299804688,79.6270980834961,45.639801025390625,46.38115692138672,106.31044006347656,72.85392761230469,72.58370208740234,134.98480224609375,170.3035430908203,68.76145935058594,4.44952917098999,42.94841003417969,25.320667266845703,99.24066162109375,23.402185440063477,54.65743637084961
2017-09-18,36.99150848388672,48.70949935913086,19.59918212890625,181.47000122070312,143.5472412109375,80.01609802246094,45.3774528503418,46.10643005371094,107.04579162597656,73.88764190673828,72.65411376953125,134.81317138671875,168.68624877929688,68.62448120117188,4.633331298828125,42.587127685546875,25.666667938232422,98.7977294921875,23.29155158996582,54.671085357666016
2017-09-19,37.0054817199707,48.49300003051758,19.5944766998291,183.00999450683594,144.12713623046875,80.81494903564453,45.71517562866211,46.459014892578125,106.91928100585938,74.69873046875,71.95856475830078,135.85235595703125,171.17669677734375,68.88013458251953,4.628391742706299,42.331581115722656,25.00666618347168,99.34432220458984,23.30610466003418,54.75983428955078
2017-09-20,36.3853645324707,48.660499572753906,19.057069778442383,183.82000732421875,145.27793884277344,80.83576965332031,46.19969940185547,46.98863983154297,105.33787536621094,75.2235336303711,72.2138671875,135.614013671875,170.8294219970703,68.42359161376953,4.591087341308594,42.2698974609375,24.92733383178711,98.9296646118164,23.43712043762207,54.985103607177734
2017-09-21,35.760555267333984,48.23249816894531,18.858579635620117,183.16000366210938,144.0557403564453,80.90524291992188,46.24285125732422,46.989139556884766,104.175537109375,75.5654525756836,73.3672866821289,135.1182403564453,169.7776641845703,67.75708770751953,4.465587139129639,42.2698974609375,24.43199920654297,99.25009155273438,23.29446029663086,54.534584045410156
2017-09-22,35.410850524902344,47.755001068115234,18.769149780273438,181.86000061035156,143.88624572753906,81.4748764038086,46.04844284057617,46.776390075683594,103.890869140625,75.40643310546875,73.8779296875,135.28028869628906,169.2120819091797,67.93972778320312,4.422107219696045,42.43731689453125,23.4060001373291,99.48571014404297,23.154712677001953,54.5550422668457
2017-09-25,35.098445892333984,46.989498138427734,18.476518630981445,182.52000427246094,144.81405639648438,81.96112060546875,45.673526763916016,46.331077575683594,103.71691131591797,74.84185791015625,74.52063751220703,132.11497497558594,161.60183715820312,66.88970184326172,4.224471569061279,42.2698974609375,22.999332427978516,97.09185791015625,23.044071197509766,55.27861785888672
2017-09-26,35.7022705078125,46.93000030517578,18.614595413208008,181.86000061035156,146.36630249023438,81.63462829589844,45.86643981933594,46.48727798461914,103.53507995605469,74.50785827636719,74.15087127685547,131.9242706298828,162.93142700195312,66.88970184326172,4.2481889724731445,42.22583770751953,23.016666412353516,97.01646423339844,23.113943099975586,55.217185974121094
2017-09-27,35.95638656616211,47.54349899291992,18.8742733001709,183.27000427246094,146.67852783203125,81.58596801757812,46.83994674682617,47.60157775878906,102.5941162109375,75.68474578857422,74.52944946289062,133.16372680664062,166.37437438964844,67.42838287353516,4.341322422027588,42.43731689453125,22.731332778930664,97.91180419921875,23.084842681884766,55.5858154296875
2017-09-28,35.73490905761719,47.81999969482422,19.059423446655273,183.2100067138672,146.21461486816406,81.70408630371094,47.088409423828125,47.84505844116211,102.3727035522461,75.84378814697266,74.83761596679688,133.66905212402344,167.41619873046875,67.44667053222656,4.340088844299316,42.36682891845703,22.639999389648438,98.56208038330078,22.985849380493164,56.104591369628906
2017-09-29,35.930728912353516,48.067501068115234,19.02804183959961,183.32000732421875,146.56251525878906,81.62075805664062,47.564998626708984,48.28691101074219,102.7997055053711,75.94715118408203,75.31304931640625,134.62242126464844,169.53953552246094,68.01272583007812,4.4164252281188965,42.604740142822266,22.739999771118164,99.18413543701172,22.75002670288086,55.961238861083984
2017-10-02,35.85847473144531,47.95949935913086,18.865642547607422,185.41000366210938,147.98989868164062,81.57212829589844,47.27537536621094,47.97697067260742,103.7564468383789,77.00474548339844,76.02621459960938,135.21356201171875,168.1504364013672,68.12230682373047,4.422107219696045,43.001277923583984,22.768667221069336,99.37261962890625,22.84027671813965,55.72232437133789
2017-10-03,36.01466369628906,47.85499954223633,18.78954315185547,185.6699981689453,147.267333984375,81.84300994873047,47.49953079223633,48.20558166503906,104.45227813720703,77.41026306152344,76.11422729492188,136.35765075683594,168.6366424560547,67.802734375,4.431249141693115,42.90434265136719,23.209333419799805,99.51397705078125,23.064453125,55.81106185913086
2017-10-04,35.781524658203125,48.272499084472656,18.98567771911621,185.8300018310547,147.38331604003906,81.67633056640625,47.19651412963867,47.94275665283203,105.07694244384766,76.62303161621094,76.56327056884766,135.47100830078125,167.1085968017578,68.19535064697266,4.468304634094238,43.08940505981445,23.667333602905273,99.25009155273438,23.0266056060791,55.831565856933594
2017-10-05,36.22682571411133,49.04249954223633,19.1166934967041,187.1199951171875,149.04258728027344,82.37095642089844,48.10308074951172,48.8557014465332,105.31414794921875,77.6548080444336,77.17078399658203,137.2661590576172,169.90664672851562,69.36405944824219,4.465835094451904,43.09821319580078,23.68866729736328,100.1265869140625,23.11977195739746,55.98855972290039
2017-10-06,36.205841064453125,49.479000091552734,19.27908706665039,187.42999267578125,140.13943481445312,81.29425048828125,48.54594039916992,49.274742126464844,105.33787536621094,77.51884460449219,76.6689224243164,137.0465850830078,170.88893127441406,69.3914566040039,4.4789276123046875,42.648807525634766,23.79199981689453,100.58837127685547,23.000402450561523,55.776947021484375
2017-10-09,36.33172607421875,49.54949951171875,19.332439422607422,187.5,137.9270782470703,81.7666244506836,48.452205657958984,49.20879364013672,105.51969909667969,77.1109390258789,76.64251708984375,138.03012084960938,171.1568603515625,69.65623474121094,4.579969882965088,42.613555908203125,22.862667083740234,100.85224914550781,23.44585609436035,55.9953727722168
2017-10-10,36.34572219848633,49.36000061035156,19.2987060546875,188.0,139.94320678710938,82.5237808227539,48.2339973449707,48.985137939453125,105.87554168701172,77.68681335449219,75.85894775390625,139.08050537109375,170.25393676757812,69.65623474121094,4.667425632476807,42.648929595947266,23.70599937438965,101.1349868774414,24.493974685668945,56.15237045288086
2017-10-11,36.497249603271484,49.75,19.64468765258789,187.4600067138672,140.8352813720703,82.8919448852539,49.059722900390625,49.87032699584961,108.04999542236328,77.45487213134766,75.77088165283203,140.22637939453125,171.3949737548828,69.77490997314453,4.717080593109131,42.71086120605469,23.639999389648438,102.19999694824219,24.959815979003906,56.38447189331055
2017-10-12,36.3690299987793,50.04650115966797,19.514453887939453,186.3000030517578,140.2554473876953,82.75995635986328,48.98930358886719,49.87032699584961,108.19230651855469,76.7750244140625,76.09664154052734,140.121337890625,171.20648193359375,70.41407012939453,4.719303131103516,42.66664123535156,23.711999893188477,101.88895416259766,25.067529678344727,56.2684211730957
2017-10-13,36.59983825683594,50.14699935913086,19.453262329101562,187.3699951171875,142.6016387939453,82.77384948730469,49.0810432434082,49.980411529541016,107.87602996826172,76.67103576660156,76.20230102539062,140.69424438476562,172.38722229003906,70.75186157226562,4.807251453399658,43.00279998779297,23.704666137695312,102.40731811523438,25.21892547607422,56.25476837158203
2017-10-16,37.27360534667969,50.31700134277344,19.352060317993164,187.9600067138672,141.6738739013672,83.4476547241211,49.19609832763672,50.053810119628906,107.63088989257812,78.25466918945312,75.67401885986328,139.6248016357422,173.16114807128906,70.89795684814453,4.889763832092285,43.223960876464844,23.373332977294922,102.06805419921875,24.962722778320312,56.52783203125
2017-10-17,37.41115188598633,50.45650100708008,19.03431510925293,187.38999938964844,141.29026794433594,83.51017761230469,49.20502471923828,50.1356315612793,111.32349395751953,78.0787124633789,75.77088165283203,139.34786987304688,174.7387237548828,70.84317016601562,4.885317325592041,43.515899658203125,23.71666717529297,101.35175323486328,25.032588958740234,56.63021469116211
2017-10-18,37.245609283447266,49.849998474121094,19.14259147644043,187.85000610351562,140.54983520507812,82.07225799560547,49.236270904541016,50.22191619873047,111.2365493774414,78.3746566772461,75.48033905029297,139.59616088867188,174.65936279296875,70.8614501953125,4.881117820739746,43.86091995239258,23.976667404174805,101.5968017578125,25.102462768554688,56.493675231933594
2017-10-19,36.36436080932617,49.330501556396484,19.16533851623535,187.2100067138672,141.3616180419922,82.10697937011719,48.821678161621094,49.6813850402832,112.31192779541016,78.47065734863281,76.03500366210938,138.44073486328125,173.2008056640625,71.13536834716797,4.886552333831787,43.65744400024414,23.45400047302246,100.86167907714844,25.154874801635742,56.480045318603516
2017-10-20,36.42731857299805,49.14550018310547,19.161415100097656,189.0399932861328,143.42239379882812,82.41265106201172,49.007652282714844,49.8415641784668,112.59656524658203,79.59037780761719,76.8010025024414,138.8227081298828,173.61752319335938,71.95710754394531,4.86431884765625,43.56898498535156,23.00666618347168,101.36121368408203,25.45766258239746,56.732608795166016
2017-10-23,36.40867233276367,48.314998626708984,19.163768768310547,189.38999938964844,144.55535888671875,82.61408233642578,48.0281982421875,48.87306594848633,113.56121063232422,79.45439910888672,76.75698852539062,138.9945526123047,169.93641662597656,71.97537994384766,4.857400894165039,43.6220588684082,22.468000411987305,101.34234619140625,25.80994415283203,56.82135772705078
2017-10-24,36.62548065185547,48.79499816894531,19.431289672851562,189.77999877929688,144.7783660888672,82.82246398925781,48.131839752197266,49.01935577392578,111.99564361572266,80.71812438964844,74.9872817993164,139.22373962402344,170.46229553222656,72.00276184082031,4.9082932472229,44.21477508544922,22.48933219909668,102.17169189453125,25.614879608154297,56.97834396362305
2017-10-25,36.464622497558594,48.64550018310547,19.285369873046875,188.7100067138672,144.68020629882812,82.27372741699219,48.27020263671875,49.1666374206543,112.56494140625,80.79810333251953,74.70553588867188,139.6439208984375,169.2716522216797,71.7927474975586,4.784277439117432,43.96706771850586,21.722667694091797,103.1895523071289,25.76045036315918,56.7735595703125
2017-10-26,36.69776153564453,48.621498107910156,19.123756408691406,188.61000061035156,144.9300079345703,82.27372741699219,48.23202133178711,49.16465377807617,112.1300277709961,81.37398529052734,74.0980453491211,139.97811889648438,169.30140686035156,71.91146087646484,4.8344268798828125,44.36516571044922,21.744667053222656,103.48171997070312,25.80121421813965,56.97834396362305
2017-10-27,38.01263427734375,55.04750061035156,19.840816497802734,188.58999633789062,144.858642578125,78.86993408203125,50.54850769042969,51.25983810424805,112.1063003540039,81.3979721069336,73.83390808105469,141.82106018066406,176.49496459960938,76.52230072021484,4.986852169036865,45.01095962524414,21.391332626342773,103.39690399169922,25.670194625854492,57.14217758178711
2017-10-30,38.86824035644531,55.54249954223633,20.49432945251465,187.85000610351562,142.94068908691406,79.46038818359375,50.441383361816406,51.233055114746094,110.69886779785156,81.11006164550781,72.76858520507812,142.2316436767578,178.46945190429688,76.59537506103516,5.035767078399658,44.83402633666992,21.338666915893555,103.70793151855469,25.31500244140625,57.026145935058594
2017-10-31,39.40911102294922,55.263999938964844,20.704587936401367,186.94000244140625,143.6989288330078,80.50238037109375,50.41807174682617,51.228599548339844,110.2323226928711,80.47018432617188,72.14344787597656,142.05978393554688,178.65798950195312,75.94709777832031,5.109140872955322,45.02863693237305,22.101999282836914,103.6513442993164,25.419816970825195,56.896453857421875
2017-11-01,38.907875061035156,55.183998107910156,20.342130661010742,187.1699981689453,145.13519287109375,80.50931549072266,50.85746765136719,51.70267868041992,110.68305969238281,80.71812438964844,72.97987365722656,142.17437744140625,181.2377471923828,75.94709777832031,5.118774890899658,44.79864501953125,21.405332565307617,104.67866516113281,25.603233337402344,57.25139236450195
2017-11-02,39.19230651855469,54.71099853515625,20.358606338500977,188.61000061035156,147.15133666992188,80.11339569091797,50.86143493652344,51.72102355957031,110.64351654052734,81.25401306152344,73.1911849975586,141.56324768066406,177.52685546875,76.74148559570312,5.087646007537842,44.48017501831055,19.950666427612305,104.59380340576172,25.85361671447754,57.01930236816406
2017-11-03,40.215755462646484,55.58000183105469,21.467151641845703,187.27000427246094,148.4805450439453,79.87716674804688,51.20362091064453,52.069149017333984,110.76211547851562,81.11006164550781,73.52577209472656,142.55624389648438,177.52685546875,76.82361602783203,5.155585765838623,44.3917121887207,20.4060001373291,104.95195770263672,26.109825134277344,56.7803955078125
2017-11-06,40.62375259399414,56.03300094604492,21.7723388671875,186.67999267578125,147.24058532714844,81.30121612548828,50.877296447753906,51.706642150878906,110.50907135009766,80.60615539550781,73.02389526367188,143.3202362060547,178.76715087890625,77.12493896484375,5.178806304931641,44.58631896972656,20.185333251953125,105.47970581054688,25.824506759643555,57.16949462890625
2017-11-07,40.754302978515625,56.15850067138672,21.285924911499023,186.3000030517578,148.3378448486328,81.44013977050781,51.24577713012695,52.18815994262695,110.51699829101562,78.9825210571289,73.32327270507812,143.2056121826172,178.84652709960938,76.94232940673828,5.238097190856934,44.66593933105469,20.40333366394043,105.63993835449219,25.897289276123047,57.053428649902344
2017-11-08,41.087684631347656,56.64400100708008,21.37066078186035,184.60000610351562,150.8089599609375,81.04415893554688,51.56911849975586,52.48074722290039,111.74256896972656,78.09469604492188,73.96599578857422,143.2056121826172,178.16188049316406,77.20712280273438,5.167196750640869,44.71016311645508,20.292667388916016,105.99810791015625,26.27869415283203,56.97834396362305
2017-11-09,41.00375747680664,56.45650100708008,20.840312957763672,184.49000549316406,150.86251831054688,81.44013977050781,51.14311599731445,51.956581115722656,110.97562408447266,78.08671569824219,73.9483642578125,142.55624389648438,177.90391540527344,76.7779769897461,5.072331428527832,43.56014633178711,20.19933319091797,105.68708038330078,26.29033851623535,57.31968688964844
2017-11-10,40.86804962158203,56.26750183105469,20.786968231201172,183.67999267578125,152.8696746826172,81.3984603881836,50.98491668701172,51.779541015625,110.35094451904297,77.9907455444336,73.33204650878906,142.79505920410156,177.07044982910156,76.57711029052734,5.339633464813232,43.63089370727539,20.19933319091797,105.44204711914062,26.470844268798828,57.14054489135742
2017-11-13,40.70426559448242,56.458499908447266,20.790884017944336,184.39999389648438,152.95892333984375,81.43317413330078,50.86985778808594,51.63325500488281,110.50907135009766,78.27066802978516,72.95343780517578,142.9382781982422,177.37802124023438,76.63191986083984,5.2529215812683105,43.7016716003418,21.02666664123535,104.98965454101562,26.491222381591797,57.10609436035156
2017-11-14,40.08892822265625,56.84199905395508,20.653594970703125,183.33999633789062,152.94105529785156,81.21784210205078,50.882259368896484,51.65507507324219,110.29560852050781,77.79878234863281,73.08636474609375,143.18655395507812,176.68350219726562,76.74148559570312,5.29121208190918,43.52474594116211,20.579999923706055,105.5362777709961,26.520336151123047,56.65828323364258
2017-11-15,39.56013107299805,56.33449935913086,20.83717918395996,181.80999755859375,150.7642822265625,80.89137268066406,50.62983703613281,51.395713806152344,109.98722076416016,78.5346450805664,72.82056427001953,141.63967895507812,176.5644073486328,76.14498138427734,5.187453269958496,43.188575744628906,20.753332138061523,103.90581512451172,26.153493881225586,55.94865798950195
2017-11-16,40.03276443481445,56.864498138427734,21.347902297973633,182.0500030517578,152.98329162597656,80.3304443359375,51.20461654663086,51.993770599365234,109.80535888671875,78.75859069824219,73.9280776977539,143.54940795898438,178.191650390625,76.3469009399414,5.227722644805908,43.52474594116211,20.833332061767578,104.81690979003906,29.003795623779297,55.500858306884766
2017-11-17,39.81050491333008,56.49399948120117,21.328296661376953,181.05999755859375,152.98329162597656,80.4286117553711,50.53956985473633,51.369930267333984,109.11747741699219,78.49463653564453,73.44075012207031,142.29849243164062,177.60623168945312,75.61278533935547,5.221545696258545,43.29473114013672,21.003332138061523,103.68394470214844,28.377845764160156,55.28041458129883
2017-11-20,39.770721435546875,56.31549835205078,21.565221786499023,181.6300048828125,154.146484375,80.43562316894531,50.50436019897461,51.308929443359375,109.06206512451172,79.19046783447266,73.69770050048828,142.81411743164062,177.34828186035156,75.73206329345703,5.288740634918213,43.36550521850586,20.582666397094727,103.80667114257812,28.380741119384766,55.493988037109375
2017-11-21,40.510074615478516,56.9744987487793,21.699369430541992,183.17999267578125,155.1664581298828,80.75115203857422,51.30329132080078,52.08451843261719,109.38626098632812,79.12651062011719,73.99009704589844,145.63104248046875,180.44398498535156,76.82405090332031,5.337410926818848,43.02049255371094,21.187332153320312,105.22286987304688,28.101253509521484,55.714439392089844
2017-11-22,40.9359016418457,57.80799865722656,21.603662490844727,182.55999755859375,154.325439453125,81.26998138427734,51.37620544433594,52.16485595703125,108.55603790283203,78.89453125,74.14070892333984,144.4279022216797,179.461669921875,76.26428985595703,5.313429832458496,42.97626876831055,20.84000015258789,104.62805938720703,28.069223403930664,55.87288284301758
2017-11-24,40.9382438659668,59.29999923706055,22.153615951538086,182.36000061035156,153.55592346191406,81.690673828125,51.606807708740234,52.392974853515625,109.1253662109375,78.63858795166016,74.45079040527344,145.8506622314453,181.35679626464844,76.40193176269531,5.363613605499268,43.356658935546875,21.036666870117188,105.71383666992188,28.130373001098633,56.093345642089844
2017-11-27,40.73234939575195,59.791500091552734,22.32935905456543,183.49000549316406,154.44175720214844,81.04561614990234,52.281272888183594,53.16112518310547,109.86520385742188,78.32669830322266,75.14187622070312,146.07029724121094,181.6048583984375,76.96170043945312,5.293900012969971,43.24165725708008,21.12066650390625,106.1009292602539,28.130373001098633,55.8797721862793
2017-11-28,40.49369812011719,59.68000030517578,21.762924194335938,187.5399932861328,155.3722686767578,81.64859008789062,51.94404220581055,52.72869873046875,111.39266204833984,81.07003784179688,75.35453033447266,147.2353057861328,180.99960327148438,77.88849639892578,5.209105014801025,43.356658935546875,21.170000076293945,107.0261459350586,28.174043655395508,56.265594482421875
2017-11-29,39.65372848510742,58.063499450683594,21.300048828125,189.85000610351562,158.8438720703125,82.16043853759766,50.66702651977539,51.44381332397461,111.22562408447266,82.96566009521484,75.27477264404297,141.6587371826172,173.76638793945312,76.475341796875,4.855831146240234,42.923179626464844,20.502666473388672,103.72174072265625,28.404041290283203,56.678951263427734
2017-11-30,40.2082405090332,58.837501525878906,21.805288314819336,193.00999450683594,165.0176239013672,83.42951202392578,50.654624938964844,51.38380432128906,110.84376525878906,83.59750366210938,74.99127960205078,143.68313598632812,175.80038452148438,77.23697662353516,4.961887359619141,43.4008903503418,20.59000015258789,106.29918670654297,28.307968139648438,57.38166427612305
2017-12-01,40.021060943603516,58.11750030517578,21.304758071899414,194.55999755859375,165.64398193359375,83.79412078857422,50.097206115722656,50.8333625793457,111.3608627319336,83.81343841552734,75.5937728881836,142.9382781982422,173.73663330078125,77.31957244873047,4.88698148727417,43.887447357177734,20.435333251953125,104.54312896728516,28.342905044555664,57.4987907409668
2017-12-04,39.72859191894531,56.6974983215332,20.68105125427246,196.9600067138672,169.60765075683594,84.72663116455078,49.527381896972656,50.178768157958984,110.58917236328125,85.54108428955078,75.82412719726562,136.96060180664062,170.13487243652344,74.40150451660156,4.614548206329346,42.81703186035156,20.34666633605957,101.42749786376953,28.24390983581543,57.57456588745117
2017-12-05,39.69115447998047,57.07849884033203,20.527286529541016,196.07000732421875,168.05081176757812,84.41111755371094,49.84824752807617,50.56210708618164,111.11424255371094,84.55728149414062,76.24939727783203,138.583984375,171.4842987060547,74.8694839477539,4.641247272491455,42.45431137084961,20.246667861938477,102.51325225830078,28.482648849487305,57.10609436035156
2017-12-06,39.54376220703125,57.61750030517578,20.703020095825195,196.00999450683594,167.51394653320312,83.86422729492188,50.50436019897461,51.21273422241211,112.22006225585938,83.9254379272461,75.5937728881836,140.7707061767578,174.6891326904297,75.96148681640625,4.678824424743652,42.83470916748047,20.884000778198242,103.6084213256836,28.322519302368164,56.68584060668945
2017-12-07,39.616294860839844,57.989498138427734,20.703020095825195,196.33999633789062,166.60130310058594,83.87825775146484,51.12675094604492,51.80037307739258,111.38470458984375,83.67748260498047,76.08106231689453,142.70909118652344,178.7373504638672,75.69538116455078,4.746314525604248,42.923179626464844,20.749332427978516,105.17567443847656,28.32544708251953,56.87184524536133
2017-12-08,39.62799835205078,58.099998474121094,20.390775680541992,196.44000244140625,168.27447509765625,84.08161163330078,51.430259704589844,52.038902282714844,111.8461685180664,84.7252426147461,76.5949478149414,143.12930297851562,177.60623168945312,77.22781372070312,4.733953952789307,43.878604888916016,21.0086669921875,106.30864715576172,28.258136749267578,56.9476432800293
2017-12-11,40.400108337402344,58.44599914550781,20.393917083740234,196.6999969482422,168.98135375976562,84.43215942382812,51.63111114501953,52.16733932495117,112.28366088867188,84.477294921875,76.78983306884766,144.0746307373047,177.6459197998047,78.20966339111328,4.812321662902832,44.64824676513672,21.92733383178711,106.09149932861328,28.369356155395508,57.20254135131836
2017-12-12,40.17314147949219,58.25400161743164,20.29584503173828,199.07000732421875,168.480224609375,83.9133071899414,51.600364685058594,52.00865173339844,113.44515991210938,85.46107482910156,76.82527160644531,145.62147521972656,175.58213806152344,78.53083801269531,4.717885971069336,44.57748031616211,22.735332489013672,107.12055206298828,28.302038192749023,57.016517639160156
2017-12-13,40.306514739990234,58.20650100708008,20.557096481323242,197.39999389648438,168.46237182617188,84.0886001586914,51.606807708740234,52.13857650756836,113.67588806152344,84.3893051147461,77.87078094482422,144.84805297851562,176.91168212890625,78.31979370117188,4.6026811599731445,44.27669906616211,22.601999282836914,106.97896575927734,28.61227798461914,57.264549255371094
2017-12-14,40.2948112487793,58.7130012512207,20.346054077148438,196.66000366210938,166.8965301513672,83.8081283569336,52.030338287353516,52.44008255004883,112.68940734863281,83.70948028564453,76.63922882080078,145.07717895507812,177.00100708007812,77.71417236328125,4.6098504066467285,44.400543212890625,22.525999069213867,106.61076354980469,28.42788314819336,57.112972259521484
2017-12-15,40.70426559448242,58.957000732421875,20.847373962402344,197.77999877929688,172.4439697265625,83.94837188720703,52.776206970214844,53.16062545776367,113.33381652832031,84.89322662353516,76.67467498779297,146.48092651367188,178.77703857421875,79.69623565673828,4.735684394836426,42.72854995727539,22.89666748046875,107.46044158935547,28.422033309936523,57.20254135131836
2017-12-18,41.277496337890625,59.52899932861328,20.87975311279297,199.33999633789062,172.0682373046875,83.92733001708984,53.41843032836914,53.80976486206055,112.80870819091797,85.54905700683594,76.26714324951172,146.2135467529297,179.41207885742188,79.26494598388672,4.892420768737793,42.20661163330078,22.591333389282227,107.20556640625,28.653242111206055,57.14054489135742
2017-12-19,40.83763122558594,59.36899948120117,20.825265884399414,197.91000366210938,168.5071258544922,84.02550506591797,53.09806823730469,53.54644012451172,112.7928237915039,85.18913269042969,76.82527160644531,144.8385009765625,178.11227416992188,78.76023864746094,4.84816837310791,42.303924560546875,22.073333740234375,105.87434387207031,28.916658401489258,56.796085357666016
2017-12-20,40.79319381713867,58.88100051879883,20.978469848632812,197.7899932861328,167.77340698242188,84.7616958618164,52.813899993896484,53.23799514770508,112.2995834350586,84.89322662353516,75.96589660644531,144.61892700195312,176.50486755371094,78.47579956054688,4.865225791931152,42.37470626831055,21.93199920654297,105.85545349121094,28.90202522277832,57.09231948852539
2017-12-21,40.94759750366211,58.737998962402344,20.653884887695312,198.88999938964844,167.13819885253906,87.5171890258789,52.74843978881836,53.10360336303711,112.22006225585938,86.24491119384766,75.8507080078125,143.74037170410156,176.0683135986328,78.45743560791016,4.8427300453186035,41.82622146606445,22.110666275024414,106.1292495727539,28.70008087158203,57.76748275756836
2017-12-22,40.94759750366211,58.417999267578125,20.71864891052246,197.9199981689453,166.986083984375,87.62939453125,52.57436752319336,53.00491714477539,111.47220611572266,85.94097137451172,75.37226104736328,144.04592895507812,175.8202362060547,78.46659088134766,4.827401638031006,41.89698028564453,21.68000030517578,106.39358520507812,28.743980407714844,57.85016632080078
2017-12-26,39.90876388549805,58.8380012512207,20.383010864257812,197.57000732421875,166.91445922851562,88.33052825927734,52.40674591064453,52.85564422607422,111.44833374023438,85.59706115722656,75.30137634277344,144.45654296875,174.6196746826172,78.36567687988281,4.881048202514648,41.95891571044922,21.152666091918945,106.67682647705078,29.02202796936035,57.85704803466797
2017-12-27,39.91577911376953,59.112998962402344,20.46356773376465,198.69000244140625,166.69078063964844,88.02903747558594,52.04124069213867,52.575462341308594,111.83020782470703,85.75702667236328,75.43428039550781,144.57113647460938,176.2369842529297,78.6501235961914,4.874373435974121,41.914676666259766,20.775999069213867,107.64927673339844,29.05129051208496,57.80192565917969
2017-12-28,40.02808380126953,59.30500030517578,20.56622886657715,199.55999755859375,166.97711181640625,88.05007934570312,51.980247497558594,52.36470413208008,111.82225036621094,86.2129135131836,75.35453033447266,144.92449951171875,176.53463745117188,78.65931701660156,4.880060195922852,42.03852844238281,21.02400016784668,107.96085357666016,29.092266082763672,57.88459014892578
2017-12-29,39.59524154663086,58.4734992980957,20.28824234008789,198.22000122070312,166.52972412109375,87.77661895751953,51.893951416015625,52.23824691772461,111.1540298461914,85.53306579589844,74.83180236816406,144.53292846679688,175.08602905273438,78.49414825439453,4.783644676208496,41.82622146606445,20.75666618347168,107.64927673339844,28.90202522277832,57.622806549072266
2018-01-02,40.304176330566406,59.45050048828125,21.08665657043457,197.22000122070312,168.4981689453125,89.4523696899414,52.81637954711914,53.22063446044922,110.76419067382812,86.34088134765625,75.02671813964844,145.05810546875,180.0074005126953,78.87036895751953,4.928267002105713,41.25119400024414,21.368667602539062,108.1119155883789,28.855199813842773,58.58042526245117
2018-01-03,40.297142028808594,60.209999084472656,21.31726837158203,199.7899932861328,170.52029418945312,90.10444641113281,53.683258056640625,54.128631591796875,111.82225036621094,86.42888641357422,75.43428039550781,146.8820037841797,183.2321014404297,79.2374038696289,5.2526140213012695,42.20661163330078,21.149999618530273,109.18821716308594,29.10690689086914,59.730934143066406
2018-01-04,40.484336853027344,60.47949981689453,21.32436752319336,200.69000244140625,169.19606018066406,89.823974609375,53.87767028808594,54.33888626098633,111.81430053710938,87.6669921875,75.77095794677734,148.78221130371094,182.89474487304688,79.93482971191406,5.280302047729492,42.62239456176758,20.974666595458984,109.59418487548828,29.133241653442383,59.813621520996094
2018-01-05,40.945255279541016,61.457000732421875,21.450729370117188,201.4199981689453,167.9881591796875,89.67675018310547,54.6627197265625,55.05943298339844,112.73716735839844,87.10424041748047,76.70124816894531,151.86656188964844,185.39511108398438,80.92584991455078,5.325050354003906,42.87895202636719,21.10533332824707,112.21885681152344,29.30592918395996,59.76540756225586
2018-01-08,40.79319381713867,62.34349822998047,21.502063751220703,202.74000549316406,168.6413116455078,90.11847686767578,54.896305084228516,55.25382995605469,112.88032531738281,87.23286437988281,76.31141662597656,152.3256378173828,186.81396484375,81.00846099853516,5.488213539123535,43.33012390136719,22.42733383178711,112.67203521728516,29.739089965820312,60.0340690612793
2018-01-09,40.78849792480469,62.6349983215332,21.204334259033203,203.02000427246094,166.6818389892578,89.63467407226562,54.86258316040039,55.183406829833984,114.67033386230469,87.6750717163086,76.24939727783203,152.54562377929688,186.4071807861328,80.95338439941406,5.486728668212891,43.56990432739258,22.246000289916992,112.45489501953125,29.382015228271484,59.77916717529297
2018-01-10,40.77914810180664,62.71649932861328,20.75655746459961,205.61000061035156,165.90338134765625,90.2095947265625,54.68157196044922,55.0519905090332,114.53511810302734,88.63986206054688,76.28484344482422,152.88987731933594,186.37741088867188,80.58634185791016,5.529745578765869,43.338993072509766,22.31999969482422,112.33213806152344,29.171289443969727,59.303802490234375
2018-01-11,41.010772705078125,63.83399963378906,20.809465408325195,206.69000244140625,169.44664001464844,92.95108795166016,54.82588577270508,55.1467170715332,115.18743896484375,89.11420440673828,76.54179382324219,153.90367126464844,186.3079376220703,80.82491302490234,5.5396342277526855,43.472225189208984,22.530000686645508,113.14409637451172,29.27373695373535,59.88938522338867
2018-01-12,41.434268951416016,65.26000213623047,20.87186050415039,210.16000366210938,171.6476593017578,93.67327880859375,55.65606689453125,56.069087982177734,115.95909881591797,90.58550262451172,77.06451416015625,155.2522430419922,177.9733428955078,82.21971130371094,5.512439250946045,43.96955108642578,22.4146671295166,113.38011169433594,29.522506713867188,60.29588317871094
2018-01-16,41.223697662353516,65.24299621582031,20.789724349975586,210.2899932861328,171.37033081054688,92.5584487915039,55.63127136230469,56.07156753540039,116.8342056274414,90.26390075683594,75.5671615600586,155.21392822265625,177.00100708007812,81.07266998291016,5.441486835479736,44.040592193603516,22.67066764831543,113.66339874267578,29.46982192993164,59.916961669921875
2018-01-17,41.90455627441406,64.75,20.991893768310547,214.16000366210938,172.05029296875,92.8038330078125,56.13811111450195,56.48813247680664,116.92967987060547,90.84278869628906,76.38228607177734,157.1554412841797,176.21713256835938,82.7152328491211,5.555455684661865,44.64449691772461,23.143999099731445,115.16452026367188,30.058107376098633,60.62656021118164
2018-01-18,41.94198226928711,64.66600036621094,21.30699920654297,213.19000244140625,171.35240173339844,92.26397705078125,56.02949905395508,56.33291244506836,116.8819580078125,91.05986022949219,76.03675842285156,158.26480102539062,178.39999389648438,82.67852783203125,5.548533916473389,44.608978271484375,22.971332550048828,116.23137664794922,30.52638816833496,60.23388671875
2018-01-19,41.75481414794922,64.72899627685547,21.037694931030273,213.25,172.05029296875,92.06065368652344,56.412357330322266,56.706321716308594,117.23197174072266,90.85885620117188,75.7443618774414,159.5559539794922,179.87840270996094,82.5867691040039,5.688704967498779,44.91981506347656,23.334667205810547,115.84428405761719,30.61127281188965,60.04096221923828
2018-01-22,41.4132080078125,66.3655014038086,20.699689865112305,215.97000122070312,173.9203338623047,92.94408416748047,57.31990432739258,57.73085403442383,117.8525161743164,91.92012023925781,75.70008087158203,160.94277954101562,183.9266357421875,84.06415557861328,5.7772088050842285,45.03526306152344,23.437332153320312,117.38323211669922,30.862977981567383,60.79881286621094
2018-01-23,41.422569274902344,68.12699890136719,20.762081146240234,215.55999755859375,173.06134033203125,91.86431884765625,58.02214431762695,58.32643508911133,112.83261108398438,91.82364654541016,74.7963638305664,159.90028381347656,187.8756561279297,84.33026123046875,5.906255722045898,45.399375915527344,23.519332885742188,117.6853256225586,30.99466896057129,60.83324432373047
2018-01-24,40.762760162353516,67.87550354003906,20.285079956054688,215.61000061035156,173.79505920410156,92.1237564086914,57.737979888916016,58.08443069458008,113.0235366821289,92.9974594116211,74.69001007080078,159.72817993164062,185.09744262695312,84.25684356689453,5.829371452331543,45.69246292114258,23.05933380126953,117.5909652709961,30.962493896484375,60.99168395996094
2018-01-25,40.03511428833008,68.89749908447266,19.52931022644043,215.10000610351562,177.11453247070312,91.60488891601562,58.0419807434082,58.62248611450195,114.87718200683594,93.02159118652344,75.319091796875,161.2392120361328,186.02020263671875,84.72482299804688,5.842967987060547,45.825660705566406,22.50933265686035,118.22351837158203,31.199542999267578,60.88148880004883
2018-01-26,40.128684997558594,70.10250091552734,19.805715560913086,217.19000244140625,177.97352600097656,91.98353576660156,58.31324768066406,58.891265869140625,115.61705780029297,93.52005767822266,77.15312957763672,162.91293334960938,188.52059936523438,86.31234741210938,6.01552677154541,46.84696578979492,22.856666564941406,119.26203155517578,31.72345542907715,61.315513610839844
2018-01-29,39.29808807373047,70.88400268554688,19.385581970214844,215.4600067138672,177.44557189941406,90.08338928222656,58.300357818603516,58.83770751953125,114.30435943603516,93.42356872558594,77.61383819580078,161.2009735107422,184.53189086914062,86.18389129638672,6.102546691894531,46.12761306762695,23.302000045776367,117.86473083496094,32.06295394897461,60.63344955444336
2018-01-30,39.06646728515625,71.89099884033203,19.030986785888672,214.41000366210938,177.0787353515625,87.80467987060547,57.71070098876953,58.38594055175781,113.30992126464844,92.54724884033203,76.2759780883789,159.90028381347656,185.66299438476562,85.10108184814453,6.000444412231445,45.25728988647461,23.05466651916504,116.64680480957031,31.530288696289062,59.78606033325195
2018-01-31,39.17408752441406,72.54450225830078,19.587751388549805,214.3800048828125,174.3586883544922,87.88880920410156,58.02065658569336,58.62644958496094,109.93680572509766,92.9974594116211,72.16492462158203,161.63134765625,185.43479919433594,87.18412017822266,6.076588153839111,45.81678009033203,23.62066650390625,117.2888412475586,31.199542999267578,60.144317626953125
2018-02-01,39.25597381591797,69.5,18.8580322265625,217.25,173.1060791015625,88.04308319091797,57.90956497192383,58.595211029052734,111.39266204833984,93.96226501464844,73.01548767089844,165.3900604248047,191.58653259277344,86.49584197998047,5.945563793182373,45.85231018066406,23.28333282470703,118.69556427001953,30.883464813232422,61.36371994018555
2018-02-02,37.55264663696289,71.49749755859375,18.596635818481445,209.1199951171875,170.88714599609375,83.14204406738281,55.14228439331055,55.501285552978516,109.5311050415039,91.8799057006836,71.92571258544922,163.11383056640625,188.7983856201172,84.22015380859375,5.773005962371826,44.520172119140625,22.916667938232422,114.15433502197266,30.579072952270508,58.235939025878906
2018-02-05,36.61442947387695,69.5,18.01380729675293,196.8000030517578,163.53233337402344,78.96321868896484,52.360130310058594,52.68406677246094,103.73153686523438,87.47405242919922,68.65633392333984,157.4136199951172,179.8486328125,80.75152587890625,5.283023357391357,42.70845413208008,22.208667755126953,109.77357482910156,29.29421615600586,54.92216110229492
2018-02-06,38.14459991455078,72.14199829101562,18.983598709106445,201.24000549316406,165.53652954101562,82.16043853759766,53.59002685546875,53.77703857421875,104.87712860107422,90.1352767944336,69.09933471679688,161.89918518066406,183.8671112060547,83.80721282958984,5.576716423034668,43.87184524536133,22.264667510986328,113.26685333251953,29.531286239624023,53.978309631347656
2018-02-07,37.32804489135742,70.83899688720703,18.74668312072754,200.3699951171875,163.9081268310547,80.83525848388672,52.002071380615234,52.33792495727539,104.55094909667969,90.74628448486328,67.97412872314453,161.37315368652344,178.77703857421875,82.2289047241211,5.656319618225098,43.40116882324219,23.0,112.9646987915039,30.101999282836914,53.006919860839844
2018-02-08,36.3008918762207,67.5250015258789,18.129905700683594,191.4199981689453,159.81019592285156,78.73883819580078,49.66822052001953,49.97248077392578,100.52547454833984,86.73439025878906,65.75025177001953,153.61672973632812,170.2440185546875,78.00778198242188,5.37746000289917,41.59833526611328,21.01533317565918,107.49822235107422,29.27373695373535,52.407535552978516
2018-02-09,36.744911193847656,66.9800033569336,18.59821128845215,196.02000427246094,161.69810485839844,79.5802230834961,51.466468811035156,51.884666442871094,103.04735565185547,88.47100067138672,67.53998565673828,157.99700927734375,174.7387237548828,80.91667175292969,5.737407684326172,42.38874053955078,20.69466781616211,109.82078552246094,29.08348846435547,52.741600036621094
2018-02-12,38.22494125366211,69.3115005493164,19.301074981689453,198.88999938964844,162.0023193359375,79.91677856445312,52.168697357177734,52.295780181884766,103.63607025146484,89.83778381347656,67.5577163696289,160.85670471191406,175.03640747070312,81.7884292602539,5.637284755706787,42.76174545288086,21.048667907714844,111.85063171386719,29.136173248291016,53.18703842163086
2018-02-13,38.607879638671875,70.72550201416016,19.416379928588867,197.99000549316406,164.76708984375,79.4329833984375,52.1766357421875,52.27494812011719,103.38943481445312,90.39253997802734,67.52227020263672,162.7025146484375,171.8018035888672,82.43077087402344,5.751003265380859,43.06368637084961,21.577333450317383,111.73735046386719,29.554702758789062,53.103511810302734
2018-02-14,39.31969451904297,72.55249786376953,19.558528900146484,200.5399932861328,167.63027954101562,79.67137145996094,53.049468994140625,53.19534683227539,103.15876007080078,92.4829330444336,68.75675201416016,164.9979248046875,178.1221923828125,83.72147369384766,5.968308925628662,43.916255950927734,21.487333297729492,114.07880401611328,29.765426635742188,53.21486282348633
2018-02-15,40.64000701904297,73.08799743652344,19.887853622436523,203.89999389648438,171.78399658203125,79.685546875,54.03239440917969,54.120697021484375,104.39977264404297,92.86882781982422,69.64036560058594,167.07327270507812,178.5587615966797,85.42707824707031,6.093893051147461,44.97311019897461,22.271333694458008,115.64874267578125,30.213224411010742,53.04087829589844
2018-02-16,40.50844192504883,72.43450164794922,19.65566635131836,203.7899932861328,171.85580444335938,79.40937042236328,54.294254302978516,54.32600021362305,105.92726135253906,92.20152282714844,70.48837280273438,167.99142456054688,175.97901916503906,84.818603515625,6.028133869171143,45.03526306152344,22.365999221801758,115.24210357666016,30.666881561279297,53.270565032958984
2018-02-20,40.37217330932617,73.4175033569336,19.713321685791016,203.0500030517578,168.76963806152344,78.58794403076172,54.674129486083984,54.7271842956543,104.11339569091797,92.22563934326172,69.22087097167969,167.7045440673828,174.6395263671875,85.48240661621094,6.157674312591553,44.307029724121094,22.31800079345703,115.3934326171875,27.544002532958984,52.720726013183594
2018-02-21,40.18894577026367,74.14600372314453,19.63434600830078,201.02000427246094,166.64344787597656,77.22834014892578,55.11451721191406,55.23101806640625,103.34970092773438,92.61154174804688,69.22087097167969,164.80661010742188,176.5247344970703,84.348388671875,5.970530986785889,43.898502349853516,22.219999313354492,113.89908599853516,26.785959243774414,52.12217712402344
2018-02-22,40.524879455566406,74.26699829101562,19.691997528076172,200.72999572753906,167.39700317382812,77.81608581542969,54.88093185424805,55.040096282958984,103.34970092773438,92.4427261352539,68.89954376220703,165.4091796875,177.5963134765625,84.56966400146484,5.990074157714844,44.040592193603516,23.077999114990234,113.8517837524414,27.151803970336914,52.79728317260742
2018-02-23,41.22966766357422,75.0,20.03631591796875,202.75999450683594,170.28582763671875,79.72801971435547,55.8807258605957,55.942138671875,105.02825927734375,94.3160171508789,70.2919921875,168.09664916992188,181.86282348632812,86.71778869628906,6.083580017089844,44.84877014160156,23.469999313354492,116.26351928710938,27.186927795410156,53.959571838378906
2018-02-26,42.044864654541016,76.09750366210938,19.976299285888672,210.6199951171875,172.97723388671875,81.1513671875,56.7218132019043,56.716243743896484,105.74089050292969,95.48982238769531,71.56839752197266,170.11463928222656,183.49005126953125,87.97162628173828,6.099660873413086,45.44377899169922,23.827999114990234,117.83350372314453,27.254243850708008,54.87130355834961
2018-02-27,41.908599853515625,75.5989990234375,19.886272430419922,209.66000366210938,170.54598999023438,80.4502944946289,55.45918655395508,55.417476654052734,105.42057800292969,94.356201171875,70.24735260009766,168.2592315673828,180.04708862304688,86.84687805175781,6.086796283721924,45.05302810668945,23.39933204650879,116.6796646118164,26.785959243774414,53.93869400024414
2018-02-28,41.84518051147461,75.62249755859375,19.463762283325195,207.1999969482422,171.26368713378906,79.25358581542969,54.78670883178711,54.74354553222656,103.98743438720703,92.86079406738281,68.74779510498047,168.09664916992188,176.93153381347656,86.45044708251953,5.986362934112549,44.999732971191406,22.87066650390625,116.2729721069336,26.344013214111328,52.71377182006836
2018-03-01,41.1121940612793,74.67250061035156,19.214998245239258,201.52999877929688,169.5860595703125,79.33854675292969,53.0405387878418,53.13136672973633,101.90576171875,91.196533203125,68.28363037109375,165.92562866210938,174.57005310058594,85.60224914550781,5.744189262390137,44.14717102050781,22.062000274658203,113.87074279785156,26.071823120117188,52.337928771972656
2018-03-02,41.39646911621094,75.01249694824219,19.812034606933594,201.33999633789062,169.8551483154297,79.0552978515625,53.5067138671875,53.76264953613281,103.1387710571289,91.10808563232422,68.93523406982422,167.38890075683594,175.24476623535156,85.78662109375,5.851298809051514,44.68889617919922,22.341333389282227,114.22064971923828,25.981088638305664,52.581539154052734
2018-03-05,41.53976821899414,76.18049621582031,19.50482749938965,203.24000549316406,171.78399658203125,80.12457275390625,54.102325439453125,54.28929901123047,103.91536712646484,92.50702667236328,69.35475158691406,170.74588012695312,178.99533081054688,86.33058166503906,5.829285621643066,45.550350189208984,22.22333335876465,115.27045440673828,26.335237503051758,53.0826301574707
2018-03-06,41.50452423095703,76.88200378417969,19.819143295288086,204.5500030517578,171.76608276367188,80.47863006591797,54.3071403503418,54.59377670288086,102.65836334228516,92.58745574951172,68.89954376220703,169.78948974609375,178.38014221191406,86.03556060791016,5.990322113037109,45.736854553222656,21.8799991607666,114.49491882324219,26.065969467163086,53.01999282836914
2018-03-07,41.11924743652344,77.25,19.510353088378906,204.3000030517578,168.08779907226562,80.61316680908203,55.03020477294922,55.294986724853516,103.31489562988281,92.2417221069336,69.12268829345703,171.39620971679688,182.27955627441406,86.5334243774414,5.982407093048096,45.9322395324707,22.15333366394043,115.24210357666016,25.67963218688965,51.6837043762207
2018-03-08,41.56795883178711,77.59300231933594,19.502456665039062,205.2899932861328,166.58961486816406,80.26619720458984,55.8415412902832,56.00611114501953,105.73286437988281,92.249755859375,70.41693878173828,171.43447875976562,180.92019653320312,87.05891418457031,5.966080188751221,46.296363830566406,21.940000534057617,115.5920181274414,25.88573455810547,51.58626937866211
2018-03-09,42.282127380371094,78.94450378417969,20.04184341430664,212.94000244140625,169.1823272705078,83.00666046142578,57.52968978881836,57.56621551513672,107.12596130371094,94.90293884277344,71.05961608886719,175.25047302246094,183.78775024414062,89.00421142578125,6.0687384605407715,47.042362213134766,21.81133270263672,117.75780487060547,26.121273040771484,51.89251708984375
2018-03-12,42.69091796875,79.91950225830078,20.757341384887695,211.82000732421875,169.8910369873047,82.7021484375,57.75087356567383,57.81863021850586,106.18922424316406,94.597412109375,70.55082702636719,174.58102416992188,183.32139587402344,89.21626281738281,6.178323268890381,46.980194091796875,23.034000396728516,117.50247192382812,25.92989730834961,52.36577224731445
2018-03-13,42.279781341552734,79.40899658203125,20.629411697387695,209.1300048828125,168.17750549316406,82.46846771240234,56.44508743286133,56.52829360961914,107.5662841796875,93.46377563476562,70.64904022216797,173.11773681640625,180.4638214111328,87.04046630859375,6.1276140213012695,46.69599151611328,22.78933334350586,116.51887512207031,25.997608184814453,51.87162780761719
2018-03-14,41.92036056518555,79.55000305175781,20.57965660095215,206.99000549316406,165.63861083984375,81.52666473388672,57.00647735595703,56.973609924316406,105.94100189208984,92.4185791015625,70.05992889404297,172.2665252685547,182.75579833984375,86.52420806884766,6.1530914306640625,46.4650993347168,21.775333404541016,115.93248748779297,25.812124252319336,51.22437286376953
2018-03-15,41.96968078613281,79.11599731445312,21.145891189575195,207.82000732421875,166.42808532714844,81.8453140258789,57.01094436645508,57.05890655517578,106.53350830078125,92.65177154541016,70.2919921875,173.06033325195312,182.42840576171875,86.82845306396484,6.167933940887451,46.50949478149414,21.706666946411133,116.71748352050781,25.7650203704834,51.795082092285156
2018-03-16,41.82167434692383,78.58399963378906,20.12792205810547,206.9600067138672,166.75103759765625,81.71785736083984,56.32408142089844,56.25604248046875,107.02987670898438,92.81255340576172,71.8451156616211,174.59060668945312,183.64881896972656,87.21564483642578,6.196133136749268,46.420692443847656,21.42333221435547,117.77674102783203,26.25375747680664,52.28224182128906
2018-03-19,41.182682037353516,77.24649810791016,19.344512939453125,203.99000549316406,165.2080078125,80.64859771728516,54.5432014465332,54.55263137817383,104.27568054199219,92.08090209960938,70.27413940429688,172.7064666748047,171.2163848876953,85.63911437988281,5.961626052856445,46.136497497558594,20.90399932861328,116.5283203125,25.74734878540039,51.60716247558594
2018-03-20,41.168575286865234,79.32550048828125,19.139970779418945,204.75,168.07884216308594,81.0805435180664,54.438568115234375,54.34086990356445,105.05229187011719,92.16935729980469,69.95280456542969,174.5523223876953,166.8406982421875,85.86039733886719,6.173870086669922,41.78484344482422,20.703332901000977,118.13616180419922,25.894563674926758,51.495784759521484
2018-03-21,40.23591613769531,79.09300231933594,19.71210289001465,204.8300018310547,166.93051147460938,82.87919616699219,54.09983825683594,54.25161361694336,105.03628540039062,92.249755859375,69.83678436279297,172.86907958984375,168.07106018066406,85.26113891601562,6.148640155792236,41.75819778442383,21.101999282836914,116.53777313232422,25.962282180786133,52.22657775878906
2018-03-22,39.667415618896484,77.24600219726562,19.51738929748535,197.6300048828125,163.8533172607422,80.51405334472656,52.02686309814453,52.225852966308594,101.98585510253906,88.39864349365234,68.3104248046875,167.86712646484375,163.6061248779297,82.78112030029297,5.982654094696045,40.754638671875,20.606666564941406,113.48295593261719,25.656082153320312,51.154762268066406
2018-03-23,38.74883270263672,74.77799987792969,19.43004035949707,192.4600067138672,162.23846435546875,80.00421142578125,50.66256332397461,50.90675735473633,100.16036224365234,86.03492736816406,66.73054504394531,164.3380126953125,158.14894104003906,80.37482452392578,5.762989521026611,39.777740478515625,20.1026668548584,110.65506744384766,25.149673461914062,50.73020553588867
2018-03-26,40.58831024169922,77.79299926757812,19.85072898864746,199.33999633789062,167.96218872070312,81.68244171142578,52.23168182373047,52.2724723815918,101.99382019042969,88.6880874633789,67.99801635742188,169.4451446533203,158.81370544433594,86.45966339111328,6.04771089553833,41.27861022949219,20.278667449951172,114.09769439697266,25.76207733154297,51.50275421142578
2018-03-27,39.54759216308594,74.85250091552734,19.58148956298828,196.14999389648438,164.31088256835938,81.1938705444336,49.84577560424805,49.934295654296875,101.84974670410156,86.9675521850586,67.53388214111328,164.9979248046875,151.03475952148438,82.48609161376953,5.578697204589844,40.30172348022461,18.61199951171875,111.03340148925781,25.335159301757812,51.29395294189453
2018-03-28,39.110618591308594,71.57099914550781,18.965286254882812,196.6699981689453,164.72352600097656,79.38104248046875,49.81898880004883,49.84701919555664,102.0418701171875,86.83085632324219,68.73887634277344,162.92251586914062,151.83843994140625,82.41232299804688,5.475544452667236,39.946475982666016,17.185333251953125,110.64563751220703,25.841567993164062,50.6745491027832
2018-03-29,39.4160270690918,72.36699676513672,18.88275146484375,199.47999572753906,169.04771423339844,80.75481414794922,51.169403076171875,51.43191146850586,102.60234069824219,88.41474151611328,69.06022644042969,167.5227813720703,158.5458221435547,84.14557647705078,5.728851318359375,40.63031005859375,17.742000579833984,113.13300323486328,26.194873809814453,51.927310943603516
2018-04-02,39.1576042175293,68.59950256347656,18.244112014770508,195.0,163.9519805908203,79.48017883300781,49.91371154785156,50.21646499633789,99.72802734375,86.71027374267578,67.56957244873047,164.11802673339844,154.18008422851562,81.61024475097656,5.468122482299805,39.97312545776367,16.832000732421875,111.96971893310547,25.18794822692871,50.95988845825195
2018-04-03,39.559329986572266,69.60250091552734,18.973297119140625,197.9600067138672,163.82643127441406,81.31423950195312,50.25788879394531,50.5164794921875,102.76246643066406,87.90018463134766,69.21195983886719,164.9501190185547,154.8944854736328,82.70735931396484,5.57449197769165,39.86655044555664,17.8353328704834,112.73579406738281,25.55598258972168,52.21266555786133
2018-04-04,40.3157958984375,70.52850341796875,18.990129470825195,200.11000061035156,166.43701171875,81.06640625,50.83960723876953,51.06345748901367,104.41179656982422,89.23480224609375,70.15811157226562,166.11691284179688,153.892333984375,85.12283325195312,5.59650993347168,40.41716766357422,19.12933349609375,113.3127212524414,25.679630279541016,52.108253479003906
2018-04-05,40.59536361694336,72.5875015258789,18.93563461303711,200.85000610351562,167.09197998046875,83.05622100830078,50.972023010253906,51.208763122558594,104.6519546508789,90.406494140625,70.17596435546875,168.13490295410156,158.0993194580078,85.1689224243164,5.476286888122559,40.816810607910156,20.381332397460938,114.61788177490234,25.853351593017578,52.90864562988281
2018-04-06,39.55698776245117,70.2614974975586,18.33946990966797,195.49000549316406,165.0375518798828,81.26466369628906,49.941978454589844,50.083560943603516,102.56230163574219,88.15199279785156,68.59606170654297,162.531982421875,155.97598266601562,83.18675994873047,5.299910545349121,39.81327819824219,19.953332901000977,111.317138671875,25.52358627319336,52.108253479003906
2018-04-09,39.949317932128906,70.30400085449219,18.809833526611328,195.3300018310547,165.44122314453125,82.12858581542969,50.35905838012695,50.586402893066406,103.66718292236328,89.2105484008789,69.03343963623047,163.1449737548828,156.70028686523438,83.68460845947266,5.328605651855469,39.875431060791016,19.310667037963867,112.3480453491211,25.40287971496582,52.108253479003906
2018-04-10,40.701072692871094,71.81099700927734,19.211288452148438,197.8000030517578,164.66969299316406,84.1609115600586,51.16196823120117,51.40018081665039,104.28369140625,90.91558074951172,70.71151733398438,167.33993530273438,163.75491333007812,85.6299057006836,5.637818336486816,40.692481994628906,20.31333351135254,114.17337799072266,25.452926635742188,53.63941955566406
2018-04-11,40.51079177856445,71.35250091552734,19.2569580078125,195.22000122070312,165.65655517578125,84.44415283203125,50.583213806152344,50.83286666870117,103.78727722167969,89.3883285522461,70.27413940429688,165.0796356201172,165.02499389648438,84.68953704833984,5.59650993347168,40.50598907470703,20.062000274658203,113.2843246459961,25.2939395904541,53.88996887207031
2018-04-12,40.91015625,72.42500305175781,19.185646057128906,198.1300048828125,169.3976593017578,84.42999267578125,51.20510482788086,51.43935012817383,104.42777252197266,91.61051177978516,70.77398681640625,167.4165802001953,162.5940399169922,86.27526092529297,5.803310394287109,40.74576950073242,19.60533332824707,114.50439453125,25.152618408203125,53.74382019042969
2018-04-13,41.04878234863281,71.53949737548828,19.787425994873047,197.0,169.47837829589844,84.91860961914062,51.044429779052734,51.377357482910156,104.57991027832031,89.12975311279297,71.15779876708984,166.90896606445312,163.23898315429688,85.81429290771484,5.726625919342041,40.92340087890625,20.022666931152344,114.20172119140625,25.32632064819336,54.17533493041992
2018-04-16,41.304847717285156,72.07499694824219,19.982147216796875,198.22000122070312,174.56515502929688,85.4709243774414,51.47637939453125,51.87624740600586,105.49263763427734,89.05702209472656,71.51486206054688,166.52584838867188,163.5465850830078,86.81922912597656,5.726378440856934,41.066070556640625,19.413999557495117,115.27045440673828,25.567752838134766,54.66251754760742
2018-04-17,41.87336349487305,75.19149780273438,20.172048568725586,199.27000427246094,175.8390350341797,86.00909423828125,53.270652770996094,53.525611877441406,104.515869140625,89.05702209472656,71.33631896972656,170.8070526123047,167.3467254638672,88.5708999633789,5.876036643981934,41.610050201416016,19.179332733154297,117.08634948730469,25.87984275817871,54.516380310058594
2018-04-18,41.77939224243164,76.39199829101562,19.999771118164062,199.50999450683594,176.296630859375,87.6802749633789,53.16749954223633,53.328739166259766,102.25804901123047,88.33784484863281,71.15779876708984,171.87977600097656,165.06466674804688,88.91201782226562,5.847095012664795,41.98460006713867,19.55666732788086,117.72943878173828,25.782686233520508,55.135799407958984
2018-04-19,40.59536361694336,77.84549713134766,19.460491180419922,200.3800048828125,175.00474548339844,87.60237884521484,53.942134857177734,54.025978088378906,102.12193298339844,90.2772216796875,71.18460845947266,171.44871520996094,166.79110717773438,88.6077880859375,5.665771961212158,41.75273895263672,20.005332946777344,117.23765563964844,25.87689781188965,55.27498245239258
2018-04-20,38.93207931518555,76.37449645996094,19.00054168701172,200.1300048828125,173.65003967285156,86.61101531982422,53.21113967895508,53.4244499206543,101.40937805175781,90.07518005371094,70.5687026977539,169.6002655029297,164.9852752685547,87.58441162109375,5.657607555389404,41.226585388183594,19.349332809448242,117.46463775634766,25.608978271484375,54.98268127441406
2018-04-23,38.81932830810547,75.89299774169922,18.706466674804688,199.4199981689453,173.461669921875,87.51034545898438,52.93788528442383,53.25038146972656,101.54547882080078,89.63883209228516,71.58625793457031,168.0199432373047,164.54872131347656,87.90709686279297,5.5381293296813965,40.84312057495117,18.891332626342773,117.7105484008789,25.349882125854492,55.37937545776367
2018-04-24,38.27898025512695,73.00450134277344,18.30100440979004,196.8000030517578,172.70803833007812,86.77388000488281,50.58370590209961,50.71286392211914,101.03307342529297,89.2186508178711,71.48806762695312,165.92245483398438,158.44659423828125,85.85115814208984,5.471834659576416,40.60234832763672,18.8973331451416,114.69352722167969,25.476484298706055,54.53028106689453
2018-04-25,38.4457893371582,73.00849914550781,18.349884033203125,196.8000030517578,174.01792907714844,86.9013671875,50.64321517944336,50.73021697998047,101.48944091796875,88.87926483154297,72.42530822753906,165.18499755859375,158.44659423828125,85.10438537597656,5.359528064727783,40.79853439331055,18.71266746520996,114.6368179321289,25.664913177490234,55.33066177368164
2018-04-26,38.579689025878906,75.89800262451172,18.463665008544922,197.02999877929688,175.17520141601562,87.96353912353516,51.57854080200195,51.737884521484375,102.49026489257812,88.96813201904297,73.68385314941406,170.63461303710938,172.803955078125,86.90218353271484,5.571277618408203,40.985809326171875,19.031999588012695,120.1884536743164,25.891616821289062,56.277191162109375
2018-04-27,38.133323669433594,78.63099670410156,18.65277671813965,197.22999572753906,176.35940551757812,89.66304016113281,51.08310317993164,51.149749755859375,102.69841003417969,88.40248107910156,73.84452819824219,168.50843811035156,172.2383575439453,88.34039306640625,5.598735332489014,40.60234832763672,19.60533332824707,119.17648315429688,25.70024299621582,54.140533447265625
2018-04-30,38.824005126953125,78.30650329589844,18.383543014526367,193.72999572753906,176.8797607421875,88.59376525878906,50.45228958129883,50.51152420043945,101.27326965332031,87.90148162841797,72.36283111572266,170.73995971679688,170.6607208251953,86.21995544433594,5.563362121582031,40.72719192504883,19.593332290649414,119.99930572509766,26.044721603393555,54.112693786621094
2018-05-01,39.72611999511719,79.11299896240234,18.460468292236328,195.11000061035156,176.3324737548828,88.41673278808594,51.44315719604492,51.61093521118164,100.88896942138672,87.90148162841797,70.57763671875,172.63636779785156,172.5062713623047,87.58441162109375,5.618771076202393,40.97689437866211,19.994667053222656,120.59514617919922,25.73557472229004,53.5558967590332
2018-05-02,41.48103713989258,78.48400115966797,18.32904815673828,193.30999755859375,174.04481506347656,88.86283874511719,50.80192184448242,50.88196563720703,98.87934112548828,87.20655822753906,70.36339569091797,177.9711456298828,174.69903564453125,86.21075439453125,5.598239421844482,40.58451843261719,20.07666778564453,119.52642059326172,25.42053985595703,53.45151901245117
2018-05-03,41.55621337890625,78.60399627685547,18.049394607543945,191.61000061035156,173.1566619873047,89.23106384277344,50.76919174194336,50.894351959228516,98.50304412841797,86.65707397460938,69.65824890136719,178.6032257080078,172.6650390625,86.72702026367188,5.763484001159668,40.18321228027344,18.963333129882812,120.28304290771484,25.388154983520508,53.270565032958984
2018-05-04,43.18661117553711,79.04750061035156,18.4716739654541,195.63999938964844,175.1124267578125,88.89118957519531,51.98371124267578,52.119232177734375,99.4317626953125,87.61865997314453,69.97957611083984,180.2218017578125,175.23483276367188,87.73192596435547,5.913636684417725,40.76287078857422,19.606000900268555,121.20991516113281,25.77090835571289,53.5211181640625
2018-05-07,43.499061584472656,80.00700378417969,18.908397674560547,197.05999755859375,173.20152282714844,88.473388671875,52.310035705566406,52.53876495361328,98.9513931274414,88.37823486328125,70.18486785888672,181.11251831054688,176.58425903320312,88.70918273925781,6.151606559753418,41.08390808105469,20.184667587280273,122.25023651123047,25.164392471313477,54.10572814941406
2018-05-08,43.7081413269043,79.61949920654297,19.139171600341797,196.24000549316406,174.47544860839844,89.62763214111328,52.26639938354492,52.49562072753906,98.16679382324219,89.68731689453125,70.40802001953125,182.48211669921875,177.52685546875,88.3311767578125,6.194156169891357,40.96797180175781,20.131332397460938,122.85550689697266,25.243892669677734,54.34933090209961
2018-05-09,44.015899658203125,80.4000015258789,19.075063705444336,199.8699951171875,175.87496948242188,91.15010070800781,53.69715118408203,54.00117874145508,98.88734436035156,91.6428451538086,70.75613403320312,182.5779266357422,181.2377471923828,89.37299346923828,6.327239990234375,41.53871154785156,20.456666946411133,123.74453735351562,24.454832077026367,55.62994384765625
2018-05-10,44.64549255371094,80.4540023803711,19.51258087158203,201.1999969482422,175.85696411132812,91.22093200683594,54.43162155151367,54.820411682128906,100.36053466796875,92.35391998291016,72.17537689208984,184.89569091796875,184.08538818359375,90.26728820800781,6.4348464012146,41.850833892822266,20.334667205810547,123.8958740234375,24.49927520751953,56.875736236572266
2018-05-11,44.47570037841797,80.14550018310547,19.502161026000977,199.3000030517578,176.13587951660156,91.94320678710938,54.46583938598633,54.71676254272461,101.87374877929688,92.0064926147461,73.59458923339844,185.18301391601562,185.53402709960938,90.07366180419922,6.296319007873535,41.75273895263672,20.070667266845703,124.67140197753906,24.703702926635742,57.142913818359375
2018-05-14,44.37193298339844,80.0770034790039,19.61273956298828,199.17999267578125,176.2438201904297,92.33268737792969,54.56204605102539,54.87644958496094,100.9289779663086,92.03878784179688,74.14800262451172,184.00497436523438,185.18673706054688,90.37792205810547,6.316851615905762,41.75273895263672,19.46466636657715,124.09449005126953,25.002946853637695,57.52956771850586
2018-05-15,43.968666076660156,78.80599975585938,19.35793113708496,197.36000061035156,175.8839111328125,91.87239837646484,53.5220832824707,53.79884719848633,100.18440246582031,91.33576202392578,73.38037109375,183.8900604248047,182.8848114013672,89.72332763671875,6.074426651000977,41.743812561035156,18.94533348083496,123.99044036865234,25.041460037231445,57.501461029052734
2018-05-16,44.37900161743164,79.36399841308594,19.272180557250977,197.8300018310547,178.79014587402344,91.74494171142578,53.64805221557617,53.76017379760742,100.36053466796875,91.58626556396484,72.96066284179688,184.25396728515625,181.77354431152344,89.95481872558594,6.085560321807861,41.67247009277344,19.09866714477539,123.79183197021484,25.518470764160156,57.66314697265625
2018-05-17,44.09837341308594,79.08799743652344,19.1872501373291,197.49000549316406,179.5909423828125,92.47352600097656,53.49034881591797,53.61983108520508,99.15955352783203,91.2791976928711,73.3920669555664,183.12384033203125,182.32916259765625,89.05664825439453,6.1276140213012695,41.50303649902344,18.96933364868164,123.08135986328125,25.032577514648438,57.56471633911133
2018-05-18,43.93800354003906,78.71849822998047,18.909997940063477,196.05999755859375,179.0150909423828,91.33063507080078,52.883827209472656,53.04359436035156,99.4718246459961,89.80044555664062,73.76057434082031,182.3576202392578,181.25758361816406,89.22330474853516,6.083827495574951,41.30683898925781,18.454666137695312,123.08135986328125,24.780744552612305,57.156959533691406
2018-05-21,44.249298095703125,79.27300262451172,19.15519142150879,197.91000366210938,179.60894775390625,92.40924072265625,53.53944396972656,53.75620651245117,99.05547332763672,90.62467956542969,73.54486846923828,183.12384033203125,183.05348205566406,90.3714828491211,6.041774272918701,42.10052490234375,18.965999603271484,123.77288055419922,25.03850555419922,57.84593200683594
2018-05-22,44.138465881347656,79.06999969482422,19.110322952270508,198.1300048828125,179.02413940429688,91.59492492675781,53.05095672607422,53.324771881103516,98.40696716308594,91.31959533691406,73.8953857421875,183.52609252929688,182.36886596679688,90.27888488769531,6.003679275512695,41.3514289855957,18.333999633789062,123.82024383544922,24.700740814208984,57.39600372314453
2018-05-23,44.42146301269531,80.09300231933594,19.27618980407715,195.9499969482422,178.27732849121094,91.93065643310547,53.54490661621094,53.852909088134766,98.83930969238281,90.89940643310547,74.30876922607422,184.83822631835938,185.44473266601562,91.35296630859375,6.127193450927734,41.82407760620117,18.60466766357422,124.9286117553711,24.594079971313477,57.75455856323242
2018-05-24,44.37193298339844,80.15350341796875,19.51417350769043,194.8300018310547,178.95213317871094,90.43775939941406,53.522579193115234,53.827613830566406,97.87854766845703,89.8812484741211,74.33575439453125,183.80384826660156,184.48228454589844,91.02891540527344,6.130905628204346,41.43169021606445,18.523332595825195,124.93806457519531,24.546676635742188,56.43283462524414
2018-05-25,44.47334289550781,80.50749969482422,20.035024642944336,194.14999389648438,178.4752655029297,87.28055572509766,53.34503936767578,53.75967788696289,97.97534942626953,89.42066955566406,74.38968658447266,183.09510803222656,183.4801483154297,91.07518005371094,6.170262813568115,41.913265228271484,18.59000015258789,124.36027526855469,24.431127548217773,55.33609390258789
2018-05-29,44.3129768371582,80.64350128173828,20.007781982421875,189.8699951171875,177.01763916015625,86.70912170410156,52.584285736083984,52.96574020385742,96.30570220947266,85.59849548339844,74.09309387207031,181.5243682861328,184.29376220703125,90.75110626220703,6.153184413909912,41.25334548950195,18.917333602905273,122.85399627685547,24.413354873657227,55.1322021484375
2018-05-30,44.218650817871094,81.24449920654297,19.984546661376953,194.10000610351562,179.62692260742188,89.40202331542969,52.955238342285156,53.431888580322266,97.57203674316406,87.55400848388672,75.36932373046875,183.66021728515625,186.20875549316406,91.62149047851562,6.262094974517822,41.957847595214844,19.447999954223633,123.75395202636719,24.922948837280273,57.297576904296875
2018-05-31,44.070064544677734,81.48100280761719,20.19849395751953,191.52999877929688,178.3672637939453,88.78772735595703,53.807743072509766,54.549156188964844,96.483154296875,86.4712142944336,76.42984008789062,182.0894317626953,190.2867431640625,91.5196304321289,6.242292881011963,41.6635627746582,18.98200035095215,123.82974243164062,24.45482635498047,57.114776611328125
2018-06-01,44.864830017089844,82.0770034790039,20.5406551361084,192.22999572753906,177.36856079101562,88.4662857055664,55.51919174194336,56.28480529785156,97.80596160888672,87.59442901611328,76.25907897949219,187.11769104003906,192.47955322265625,93.32524871826172,6.3766961097717285,42.22537612915039,19.454666137695312,123.95286560058594,24.58815574645996,57.52956771850586
2018-06-04,45.239810943603516,83.26349639892578,20.703311920166016,191.3000030517578,178.7091827392578,87.33055114746094,56.50063705444336,57.17940902709961,98.36250305175781,87.63481903076172,76.456787109375,189.37799072265625,191.77505493164062,94.14004516601562,6.555658340454102,42.198612213134766,19.78266716003418,126.05587768554688,25.308116912841797,56.92496871948242
2018-06-05,45.588829040527344,84.81749725341797,20.774633407592773,190.77000427246094,178.0074005126953,87.66629028320312,56.518978118896484,57.0792350769043,97.98340606689453,87.14190673828125,76.23211669921875,190.9391632080078,191.4376983642578,94.62153625488281,6.56110143661499,42.02918243408203,19.408666610717773,126.52001190185547,25.071088790893555,56.72108459472656
2018-06-06,45.7468376159668,84.7874984741211,21.115989685058594,193.99000549316406,177.84542846679688,88.13056945800781,56.38111877441406,56.87740707397461,99.04002380371094,89.17823028564453,77.2297134399414,194.62657165527344,189.8501434326172,94.8993148803711,6.563083648681641,42.58208084106445,21.299999237060547,129.0966796875,25.053308486938477,57.69126892089844
2018-06-07,45.624210357666016,84.46499633789062,21.208938598632812,195.57000732421875,182.26327514648438,90.6877670288086,55.73541259765625,56.25604248046875,99.47559356689453,89.53377532958984,77.18478393554688,191.11154174804688,186.7147674560547,93.40855407714844,6.507390022277832,42.519649505615234,21.07266616821289,126.7852783203125,25.168865203857422,58.26774215698242
2018-06-08,45.209144592285156,84.19950103759766,20.6712646484375,196.00999450683594,183.33387756347656,90.3163070678711,55.58713150024414,56.17124557495117,100.06436920166016,89.78428649902344,77.36456298828125,191.5904541015625,187.62759399414062,94.10302734375,6.4920430183410645,42.96554183959961,21.17733383178711,127.63784790039062,24.994060516357422,58.773956298828125
2018-06-11,45.098297119140625,84.45600128173828,20.900436401367188,195.3300018310547,183.99972534179688,91.11634063720703,56.03942108154297,56.57738494873047,98.93516540527344,89.55802917480469,77.16681671142578,190.10594177246094,190.048583984375,93.56595611572266,6.450954914093018,42.97446823120117,22.139999389648438,126.85157012939453,24.976282119750977,58.42243957519531
2018-06-12,45.34592056274414,84.9375,20.948511123657227,195.27000427246094,184.34169006347656,90.77348327636719,56.50212097167969,56.93890380859375,98.83837127685547,89.04086303710938,76.83428192138672,191.67665100097656,190.90188598632812,93.80673217773438,6.4994683265686035,43.206321716308594,22.851333618164062,127.75154113769531,24.917028427124023,57.944358825683594
2018-06-13,44.973304748535156,85.24299621582031,21.120790481567383,194.5500030517578,183.6488800048828,90.7663345336914,56.2774658203125,56.742523193359375,98.91098022460938,88.86309051513672,77.04096984863281,190.98709106445312,190.91183471679688,93.38077545166016,6.495014190673828,43.045799255371094,22.985332489013672,127.31572723388672,24.914066314697266,57.30459976196289
2018-06-14,44.99689483642578,86.19300079345703,21.51183319091797,192.5,184.55758666992188,90.3663330078125,57.13690948486328,57.53001403808594,98.7335205078125,87.2954330444336,77.60722351074219,190.89129638671875,195.27755737304688,93.9085464477539,6.606647968292236,40.93230438232422,23.847999572753906,127.88411712646484,24.825178146362305,57.57174301147461
2018-06-15,44.53466033935547,85.79850006103516,21.653661727905273,191.75999450683594,186.53709411621094,88.60201263427734,57.14384841918945,57.48836135864258,98.89485168457031,87.19036865234375,78.08354949951172,191.10195922851562,194.3250274658203,92.71409606933594,6.565807342529297,41.27117156982422,23.878000259399414,127.97891998291016,24.798511505126953,56.70703125
2018-06-18,44.51108169555664,86.18949890136719,21.194517135620117,191.11000061035156,185.53836059570312,89.9806137084961,58.19522476196289,58.69389724731445,97.85433197021484,87.4166488647461,77.3915023803711,192.63438415527344,196.76588439941406,93.39002990722656,6.561596870422363,41.48520278930664,24.722000122070312,129.02088928222656,24.591123580932617,56.81950378417969
2018-06-19,43.79179000854492,86.73899841308594,21.190454483032227,190.35000610351562,186.72601318359375,89.6734619140625,57.92741394042969,58.45140075683594,98.86257934570312,86.90758514404297,78.02964782714844,191.25523376464844,195.9522705078125,93.39002990722656,6.439816951751709,41.26226806640625,23.503332138061523,127.98831939697266,24.7718505859375,56.73512649536133
2018-06-20,43.982810974121094,87.50399780273438,21.212383270263672,189.5,187.13087463378906,89.49488830566406,58.01569366455078,58.71819305419922,98.43508911132812,86.89946746826172,77.54428100585938,193.02708435058594,200.42715454101562,94.32523345947266,6.492785930633545,38.18565368652344,24.148000717163086,128.35775756835938,24.7718505859375,56.55938720703125
2018-06-21,43.737552642822266,86.51100158691406,21.08489227294922,188.86000061035156,188.91246032714844,87.56626892089844,57.411651611328125,57.99269104003906,97.95918273925781,86.87523651123047,77.35556030273438,192.2991943359375,199.93104553222656,93.64929962158203,6.364073753356934,38.43535232543945,23.167333602905273,127.43888854980469,24.94961166381836,56.025081634521484
2018-06-22,43.610191345214844,85.78350067138672,21.08976173400879,188.91000366210938,189.93812561035156,89.35916137695312,57.30353927612305,57.98525619506836,99.0803451538086,85.45303344726562,77.22074127197266,192.9696502685547,200.16917419433594,92.97335815429688,6.211599349975586,39.32710647583008,22.242000579833984,128.19676208496094,25.130342483520508,57.21319580078125
2018-06-25,42.96165466308594,83.15750122070312,20.49777603149414,186.72999572753906,190.52294921875,87.58055114746094,55.78253173828125,56.49705505371094,98.87869262695312,84.67730712890625,77.0859375,186.7441864013672,194.82113647460938,91.10298156738281,5.918776512145996,39.487632751464844,22.200666427612305,124.02865600585938,25.619203567504883,56.06022644042969
2018-06-26,43.4946403503418,84.55449676513672,20.426311492919922,186.44000244140625,189.02938842773438,88.68773651123047,55.467613220214844,56.166778564453125,98.68513488769531,84.73387145996094,76.49273681640625,188.16163635253906,197.45050048828125,91.74188232421875,5.989818572998047,39.603572845458984,22.799999237060547,125.56327056884766,25.474021911621094,56.692928314208984
2018-06-27,43.43096923828125,83.02549743652344,20.066577911376953,184.91000366210938,188.9753875732422,90.00202941894531,54.74951171875,55.38921356201172,98.08827209472656,83.42475891113281,76.09730529785156,185.0202178955078,194.3151092529297,90.31593322753906,5.834621906280518,38.74747085571289,22.96666717529297,124.11393737792969,25.743640899658203,57.44520950317383
2018-06-28,43.74697494506836,85.07250213623047,19.88711929321289,187.08999633789062,187.7877197265625,89.75918579101562,55.25733947753906,55.877174377441406,98.4028091430664,84.79043579101562,76.83428192138672,188.7746124267578,194.7020721435547,91.32518768310547,5.961848735809326,39.09524917602539,23.32866668701172,125.74325561523438,25.438474655151367,57.62799835205078
2018-06-29,43.654998779296875,84.98999786376953,19.703594207763672,186.64999389648438,188.03065490722656,90.30919647216797,55.3282585144043,55.99668502807617,97.87047576904297,84.20052337646484,76.69048309326172,188.21913146972656,192.80697631835938,91.30668640136719,5.863830089569092,39.291439056396484,22.863332748413086,125.46853637695312,25.376253128051758,58.16231155395508
2018-07-02,44.14316940307617,85.68900299072266,19.65567970275879,187.8300018310547,187.139892578125,88.75200653076172,55.9139518737793,56.637393951416016,98.06404876708984,84.91163635253906,77.16681671142578,189.3205108642578,195.8232879638672,92.60301971435547,5.996006011962891,40.085121154785156,22.33799934387207,125.51594543457031,24.887399673461914,57.48033905029297
2018-07-03,43.37436294555664,84.697998046875,19.431554794311523,186.02000427246094,186.3571014404297,89.09489440917969,54.69544982910156,55.356475830078125,98.9754867553711,83.72380065917969,77.7509994506836,187.99880981445312,191.2293243408203,91.71409606933594,5.862343788146973,39.88001251220703,20.724000930786133,124.52128601074219,25.01776123046875,57.817813873291016
2018-07-05,43.723388671875,84.98650360107422,19.927715301513672,187.5,188.17462158203125,88.55914306640625,55.7557487487793,56.59672546386719,100.82256317138672,84.26811981201172,77.79594421386719,190.46986389160156,196.90481567382812,92.37151336669922,6.008135795593262,40.49534225463867,20.610666275024414,126.26427459716797,25.056270599365234,57.86703872680664
2018-07-06,44.32948303222656,85.53150177001953,20.112863540649414,187.55999755859375,188.60650634765625,88.6734390258789,56.544273376464844,57.280582427978516,101.42749786376953,84.54434967041016,78.54192352294922,191.33294677734375,201.6475830078125,93.6678237915039,6.121994972229004,41.021488189697266,20.593332290649414,127.02208709716797,25.03850555419922,57.8810920715332
2018-07-09,44.94500732421875,86.95099639892578,20.092565536499023,189.63999938964844,189.79420471191406,89.99491119384766,57.23262023925781,57.88557434082031,101.66947174072266,87.16046142578125,78.97330474853516,192.6851043701172,203.14581298828125,94.30670166015625,6.169521808624268,41.67247009277344,21.233999252319336,128.37673950195312,25.45921516418457,58.28181457519531
2018-07-10,44.890769958496094,87.15350341796875,20.346736907958984,189.89999389648438,190.47801208496094,91.13778686523438,57.17261505126953,57.87863540649414,102.74222564697266,86.62423706054688,79.13506317138672,193.25086975097656,201.95513916015625,94.55673217773438,6.268528938293457,41.90433120727539,21.49799919128418,129.4850311279297,25.838455200195312,58.81612777709961
2018-07-11,44.308250427246094,87.75,19.7685604095459,189.91000366210938,189.8031463623047,88.23057556152344,57.22518539428711,58.09286880493164,101.82271575927734,86.4374008178711,78.69468688964844,195.47567749023438,200.96295166015625,94.42707061767578,6.126946449279785,42.483985900878906,21.263999938964844,130.8680877685547,25.63698387145996,58.063865661621094
2018-07-12,45.0511360168457,89.83100128173828,17.051433563232422,189.9600067138672,192.56541442871094,88.75917053222656,58.692142486572266,59.57064437866211,103.04873657226562,86.81111907958984,79.90801239013672,199.2539825439453,205.30885314941406,96.473388671875,6.21852970123291,42.93879318237305,21.11400032043457,132.5258331298828,25.634017944335938,58.134193420410156
2018-07-13,45.12188720703125,90.65149688720703,16.44077491760254,190.9600067138672,194.83279418945312,88.60201263427734,58.95697021484375,59.72735595703125,101.57267761230469,86.41300964355469,80.62699890136719,197.46075439453125,205.70574951171875,97.62158966064453,6.171252250671387,43.36684036254883,21.257999420166016,132.07115173339844,25.983627319335938,58.5700798034668
2018-07-16,45.02283477783203,91.12449645996094,16.504924774169922,192.0,193.31222534179688,87.84483337402344,58.71098709106445,59.33510208129883,100.572509765625,89.84159088134766,80.05182647705078,195.705810546875,205.616455078125,97.14010620117188,6.14353084564209,43.38473892211914,20.67333221435547,131.1617889404297,25.965852737426758,57.993587493896484
2018-07-17,45.15018081665039,92.19650268554688,16.915821075439453,190.41000366210938,193.44715881347656,87.08055114746094,59.451904296875,60.156803131103516,104.13761138916016,89.776611328125,80.50117492675781,197.90182495117188,208.3549346923828,98.10304260253906,6.279420852661133,43.77867126464844,21.512666702270508,132.279541015625,26.12881088256836,57.86703872680664
2018-07-18,44.902565002441406,92.14600372314453,16.953990936279297,200.44000244140625,193.42015075683594,86.8091049194336,59.307098388671875,60.148372650146484,103.08100128173828,90.61343383789062,80.91461944580078,199.8102264404297,207.72984313964844,97.33454132080078,6.230164051055908,43.545894622802734,21.59000015258789,133.47312927246094,26.09325408935547,57.80377197265625
2018-07-19,45.2515869140625,90.64849853515625,17.083105087280273,197.49000549316406,195.73255920410156,86.90911865234375,58.86471939086914,59.463539123535156,101.58074951171875,89.2809829711914,80.3753662109375,197.60458374023438,206.4697265625,96.66786193847656,6.238331317901611,43.366825103759766,21.34866714477539,132.74375915527344,25.989553451538086,57.65612030029297
2018-07-20,45.1478385925293,90.68499755859375,17.07986068725586,196.77999877929688,196.76724243164062,87.33768463134766,58.7630615234375,59.40303421020508,101.50814056396484,90.41029357910156,79.51256561279297,198.22793579101562,208.30532836914062,98.39936065673828,6.210114002227783,43.43845748901367,20.905332565307617,133.55838012695312,26.090280532836914,57.22726058959961
2018-07-23,45.187923431396484,90.0999984741211,17.5987606048584,197.85000610351562,196.90220642089844,86.6662368774414,59.784175872802734,60.05365753173828,102.1373062133789,92.09210205078125,79.88104248046875,199.3115234375,209.2677764892578,99.97348022460938,6.17348051071167,43.572750091552734,20.213333129882812,132.6490020751953,25.962881088256836,57.22726058959961
2018-07-24,45.515716552734375,91.46199798583984,17.649099349975586,198.4600067138672,196.66824340820312,88.4662857055664,61.89583969116211,62.39183044433594,104.33927154541016,92.7420654296875,83.8984603881836,200.98013305664062,212.9984893798828,99.68640899658203,6.156153678894043,43.572750091552734,19.82866668701172,132.6490020751953,26.060659408569336,58.3591423034668
2018-07-25,45.9449462890625,93.18049621582031,18.349903106689453,197.61000061035156,198.5757598876953,89.21631622314453,62.670475006103516,63.274044036865234,103.74237060546875,93.5788803100586,86.6666259765625,205.37222290039062,215.80645751953125,102.62162017822266,6.234371662139893,43.82342529296875,20.582666397094727,135.12142944335938,26.04288673400879,58.76691436767578
2018-07-26,45.801082611083984,90.4000015258789,18.12334442138672,197.4600067138672,199.49346923828125,88.53772735595703,62.90009689331055,63.748130798339844,105.08131408691406,93.310791015625,85.5431900024414,198.86080932617188,174.8875732421875,101.50126647949219,6.307885646820068,43.75181198120117,20.44333267211914,134.98883056640625,26.14065170288086,59.22388458251953
2018-07-27,45.039344787597656,90.8635025024414,17.950374603271484,197.9499969482422,197.63099670410156,89.9806137084961,61.42073440551758,62.1309928894043,106.10564422607422,94.26949310302734,86.81941986083984,194.6125946044922,173.52822875976562,99.70494079589844,6.238083362579346,43.53694534301758,19.812000274658203,133.29315185546875,26.111026763916016,57.59283447265625
2018-07-30,44.78700256347656,88.96099853515625,18.28656005859375,199.08999633789062,197.14515686035156,91.3092041015625,60.490379333496094,60.99785614013672,106.6057357788086,94.83821105957031,88.09564208984375,189.75067138671875,169.72804260253906,97.56602478027344,6.042788982391357,42.73119354248047,19.344667434692383,129.2861328125,26.333236694335938,57.46630096435547
2018-07-31,44.87660598754883,88.87200164794922,18.00884437561035,197.8699951171875,196.78530883789062,90.19490814208984,60.36738586425781,60.858009338378906,106.88805389404297,93.39202880859375,88.80564880371094,189.87530517578125,171.23622131347656,98.22342681884766,6.060857772827148,42.686431884765625,19.875999450683594,129.5324249267578,26.436933517456055,57.30459976196289
2018-08-01,47.52030563354492,89.8584976196289,17.60525131225586,197.85000610351562,195.36363220214844,89.56632995605469,60.50376892089844,61.1441535949707,106.98479461669922,93.96886444091797,88.70679473876953,192.9440155029297,170.3134765625,98.40860748291016,6.100710391998291,42.39099884033203,20.055999755859375,130.9628143310547,26.143617630004883,56.51719665527344
2018-08-02,48.909358978271484,91.71649932861328,17.568710327148438,198.05999755859375,198.9536895751953,88.40200805664062,60.808265686035156,61.54780960083008,105.86368560791016,94.36698913574219,89.3988265991211,193.7207794189453,174.99671936035156,99.60306549072266,6.20343017578125,42.883384704589844,23.30266761779785,131.59751892089844,26.29768180847168,56.17973709106445
2018-08-03,49.05085754394531,91.16449737548828,17.687267303466797,200.24000549316406,199.77244567871094,88.6091537475586,60.6872673034668,61.40052795410156,106.42828369140625,95.13067626953125,90.3964614868164,192.9440155029297,176.39572143554688,100.03826904296875,6.240065097808838,43.3936882019043,23.211332321166992,132.45008850097656,26.54655647277832,56.38361358642578
2018-08-06,49.30554962158203,92.38749694824219,17.617435455322266,206.05999755859375,200.3932647705078,88.78772735595703,60.73982620239258,61.376224517822266,106.48473358154297,95.15509033203125,91.67267608642578,193.2700653076172,184.244140625,100.12162017822266,6.287837028503418,43.572750091552734,22.799333572387695,132.3458709716797,26.567296981811523,56.36954879760742
2018-08-07,48.84333419799805,93.1240005493164,17.890281677246094,208.72000122070312,201.41900634765625,89.41630554199219,61.605224609375,62.27728271484375,106.03306579589844,95.50443267822266,91.61873626708984,194.30572509765625,182.37876892089844,100.81605529785156,6.360113620758057,43.40264892578125,25.30466651916504,132.88580322265625,26.596921920776367,57.1358757019043
2018-08-08,48.87633514404297,94.32599639892578,17.821256637573242,208.94000244140625,202.06680297851562,88.48772430419922,61.77334213256836,62.54953384399414,105.79915618896484,95.69940185546875,91.91532897949219,194.53590393066406,183.73812866210938,101.38086700439453,6.396498203277588,43.32207107543945,24.689332962036133,133.26473999023438,26.679880142211914,56.75623321533203
2018-08-09,49.260746002197266,94.9260025024414,17.587385177612305,209.10000610351562,196.36239624023438,87.52340698242188,61.9464225769043,62.704742431640625,105.82334899902344,94.96009063720703,91.84344482421875,195.24554443359375,181.66439819335938,101.54753875732422,6.347984313964844,43.45636749267578,23.496667861938477,132.63003540039062,26.524921417236328,56.46799087524414
2018-08-10,49.11402893066406,94.31500244140625,17.23414421081543,206.6300048828125,198.22488403320312,88.10198974609375,61.37660598754883,62.11214065551758,105.46040344238281,94.0257568359375,91.8973617553711,194.33456420898438,178.8563995361328,100.92715454101562,6.3066487312316895,43.25940704345703,23.69933319091797,132.36480712890625,26.87359046936035,56.41115951538086
2018-08-13,49.43113708496094,94.80999755859375,17.140762329101562,205.1699981689453,197.55007934570312,87.4591293334961,61.24766159057617,61.920230865478516,105.03292083740234,92.53082275390625,92.06813049316406,194.00848388671875,178.6480712890625,100.1956787109375,6.339570999145508,42.981876373291016,23.76066780090332,132.8195037841797,26.71265983581543,55.80030822753906
2018-08-14,49.639408111572266,95.98249816894531,16.833803176879883,205.8300018310547,199.74542236328125,87.55913543701172,61.599273681640625,62.391334533691406,104.45215606689453,93.14830780029297,92.57691955566406,195.5139923095703,179.69979858398438,101.44570922851562,6.471003532409668,43.17882537841797,23.176000595092773,133.34051513671875,27.073238372802734,55.622737884521484
2018-08-15,49.75536346435547,94.13099670410156,16.775339126586914,204.5,199.4485321044922,84.24475860595703,60.22456741333008,61.10595703125,105.20227813720703,92.3764419555664,93.38121795654297,192.0233917236328,178.1321258544922,100.0700454711914,6.41283655166626,42.829673767089844,22.57933235168457,132.5447540283203,26.8854923248291,54.6496467590332
2018-08-16,50.484283447265625,94.32599639892578,16.946680068969727,207.55999755859375,200.81617736816406,84.85053253173828,59.83327865600586,60.70130157470703,106.85578155517578,93.24577331542969,94.31204986572266,195.24554443359375,173.33970642089844,100.05145263671875,6.372243404388428,43.062442779541016,22.363332748413086,133.43655395507812,29.3946590423584,55.40253448486328
2018-08-17,51.49245071411133,94.11100006103516,16.993783950805664,208.13999938964844,203.0565185546875,84.95149230957031,59.55902862548828,60.29417037963867,108.46086883544922,93.24577331542969,95.38748168945312,194.8715362548828,172.4467315673828,99.99566650390625,6.059868812561035,43.29522705078125,20.366666793823242,134.0817108154297,29.15924072265625,55.587215423583984
2018-08-20,50.99073791503906,93.83550262451172,16.786706924438477,208.4600067138672,204.5591583251953,84.91543579101562,59.89675521850586,60.5966682434082,110.40474700927734,93.12393188476562,95.63147735595703,196.34835815429688,171.1568603515625,99.33573150634766,6.13461971282959,43.348934173583984,20.562667846679688,133.71173095703125,28.607940673828125,55.97789764404297
2018-08-21,50.89134216308594,94.1709976196289,17.09447479248047,208.49000549316406,205.6298065185547,85.05245208740234,59.59175491333008,60.37153244018555,109.1706771850586,93.6926498413086,94.95370483398438,194.7564697265625,171.2759246826172,98.50850677490234,6.270263195037842,43.33998107910156,21.459999084472656,132.8578643798828,28.63178062438965,55.99208068847656
2018-08-22,50.893699645996094,95.24500274658203,16.85329246520996,207.3300018310547,206.23269653320312,85.75916290283203,59.87492752075195,60.58675003051758,108.57381439208984,93.40827941894531,94.91754150390625,195.92642211914062,172.2879638671875,99.51233673095703,6.505408763885498,43.68913650512695,21.44266700744629,133.90147399902344,28.509599685668945,56.79471206665039
2018-08-23,50.99783706665039,95.1449966430664,16.6949462890625,207.24000549316406,206.50259399414062,85.16783142089844,59.778221130371094,60.557491302490234,108.97708892822266,93.21328735351562,94.72776794433594,196.7991180419922,171.5537109375,99.97710418701172,6.604915618896484,43.83237838745117,21.34000015258789,134.81222534179688,28.36357879638672,56.16965866088867
2018-08-24,51.15639877319336,95.26950073242188,16.97184944152832,207.97999572753906,208.09515380859375,85.82408905029297,60.53550338745117,61.33060836791992,109.65460205078125,93.17265319824219,95.58631134033203,200.8075408935547,173.29013061523438,100.75786590576172,6.738080978393555,44.100955963134766,21.521333694458008,136.80447387695312,28.295042037963867,56.553218841552734
2018-08-27,51.5776481628418,96.38400268554688,17.294239044189453,210.50999450683594,206.970458984375,86.79042053222656,61.58538818359375,62.29859924316406,109.54910278320312,94.82194519042969,94.98983764648438,202.85009765625,176.07823181152344,101.87325286865234,6.8291707038879395,44.16361999511719,21.284666061401367,137.9429931640625,28.1728515625,57.10725021362305
2018-08-28,51.99415969848633,96.64099884033203,17.412797927856445,210.77000427246094,207.1774139404297,86.43705749511719,61.05622863769531,61.782371520996094,109.0618667602539,94.35884857177734,95.05309295654297,203.9049530029297,174.8875732421875,102.48674011230469,6.7915472984313965,43.545894622802734,20.790666580200195,137.75326538085938,28.62879753112793,57.02199935913086
2018-08-29,52.770408630371094,99.90499877929688,17.458276748657227,211.27000427246094,207.11444091796875,86.69667053222656,61.95634460449219,62.71416473388672,109.50035858154297,94.05011749267578,95.18865966796875,205.765380859375,174.53036499023438,104.1226577758789,6.8970489501953125,43.76970672607422,20.333999633789062,139.4893798828125,28.50065803527832,57.433963775634766
2018-08-30,53.25556945800781,100.11900329589844,17.59307289123535,209.75,208.205810546875,86.40099334716797,61.45148849487305,62.207855224609375,109.57343292236328,93.5870132446289,95.32421112060547,205.0269317626953,176.25682067871094,104.05760192871094,6.880210876464844,43.31312561035156,20.209999084472656,139.21426391601562,28.637737274169922,57.18537521362305
2018-08-31,53.87087631225586,100.635498046875,17.78634262084961,208.72000122070312,210.2804412841797,85.42745208740234,60.413509368896484,61.08512878417969,109.36231994628906,93.0914306640625,95.47785949707031,206.7147216796875,174.36167907714844,104.41080474853516,6.951286792755127,43.49217987060547,20.110666275024414,139.35658264160156,28.566213607788086,56.943878173828125
2018-09-04,54.04365158081055,101.97550201416016,17.81882095336914,210.0500030517578,211.6785125732422,85.7231216430664,59.362632751464844,60.06903076171875,108.57471466064453,93.55451965332031,94.5470199584961,207.92308044433594,169.82728576660156,103.83450317382812,7.0260796546936035,43.49217987060547,19.26333236694336,140.2198486328125,28.417219161987305,57.02912139892578
2018-09-05,53.691009521484375,99.74099731445312,17.980419158935547,212.25999450683594,212.51734924316406,85.75916290283203,58.84092330932617,59.463539123535156,110.31230163574219,93.09954833984375,95.54110717773438,202.49526977539062,165.87823486328125,100.84149932861328,6.895314693450928,43.00873565673828,18.715999603271484,135.3529815673828,28.79270362854004,57.78912353515625
2018-09-06,52.798824310302734,97.91549682617188,17.537853240966797,212.8800048828125,213.4824676513672,83.09814453125,58.09503936767578,58.714229583740234,111.13236999511719,92.70144653320312,95.2248306274414,204.03924560546875,161.26446533203125,101.07389068603516,6.754150867462158,42.713287353515625,18.729999542236328,137.089111328125,28.742033004760742,57.14986038208008
2018-09-07,52.372825622558594,97.60350036621094,18.886667251586914,214.0399932861328,217.7939910888672,82.64381408691406,57.76723861694336,58.39685821533203,111.49774932861328,92.88019561767578,96.72498321533203,202.4281768798828,161.7705078125,100.58126068115234,6.732851982116699,42.80281448364258,17.549333572387695,135.85580444335938,28.557275772094727,58.122955322265625
2018-09-10,51.669944763183594,96.95050048828125,19.538742065429688,215.11000061035156,219.34536743164062,82.55728912353516,57.7578125,58.27138900756836,111.4084243774414,92.38458251953125,96.17372131347656,202.984375,162.90164184570312,101.66877746582031,6.803928852081299,43.74285125732422,19.03333282470703,136.69070434570312,28.876136779785156,58.0377197265625
2018-09-11,52.97631072998047,99.35749816894531,18.884233474731445,215.10000610351562,220.27450561523438,82.94668579101562,58.388633728027344,59.01176834106445,112.46394348144531,92.96955108642578,95.46882629394531,204.6913299560547,164.64794921875,103.39764404296875,6.756132125854492,43.796566009521484,18.62933349609375,138.02838134765625,28.798656463623047,58.85456466674805
2018-09-12,52.31840515136719,99.5,18.668228149414062,214.58999633789062,218.67788696289062,83.50196838378906,57.66755294799805,58.09980392456055,113.15414428710938,91.87272644042969,95.76703643798828,205.24752807617188,160.73861694335938,103.83450317382812,6.642207145690918,44.17258071899414,19.369333267211914,139.0529327392578,28.5989990234375,59.04635238647461
2018-09-13,53.582157135009766,99.49349975585938,19.117290496826172,214.88999938964844,217.62258911132812,83.86976623535156,58.28795623779297,58.62248611450195,113.5844955444336,92.230224609375,96.31830596923828,208.30662536621094,160.10360717773438,104.94991302490234,6.719974040985107,43.83237838745117,19.297332763671875,140.05859375,28.345699310302734,58.47099685668945
2018-09-14,52.973934173583984,98.5094985961914,19.192005157470703,216.3699951171875,212.30992126464844,84.64860534667969,58.14910125732422,58.41618728637695,113.25970458984375,92.21395874023438,95.58631134033203,209.0162811279297,161.05612182617188,105.37748718261719,6.84603214263916,44.09201431274414,19.68000030517578,140.2578887939453,28.187759399414062,58.897178649902344
2018-09-17,51.56344985961914,95.40149688720703,19.06937599182129,216.2899932861328,209.26116943359375,84.74235534667969,57.33180618286133,57.51613235473633,113.641357421875,92.49020385742188,95.53207397460938,207.58743286132812,159.32965087890625,104.23419952392578,6.784117221832275,44.02933120727539,19.6560001373291,138.6829376220703,28.256296157836914,59.24522399902344
2018-09-18,51.64864730834961,97.05249786376953,19.61345100402832,218.3000030517578,211.38082885742188,85.189453125,57.58820724487305,57.877140045166016,114.11225128173828,92.86393737792969,96.58943176269531,211.02056884765625,159.0518341064453,105.22874450683594,6.712047576904297,43.89503860473633,18.997333526611328,140.05859375,28.43807601928711,59.40146255493164
2018-09-19,51.679412841796875,96.32099914550781,19.7819881439209,220.9499969482422,210.92987060546875,86.18465423583984,58.07768630981445,58.23221206665039,114.04730224609375,95.56129455566406,95.55918884277344,209.23684692382812,161.79034423828125,103.82521057128906,6.7358245849609375,44.2531623840332,19.934667587280273,139.85939025878906,28.3814640045166,60.11176681518555
2018-09-20,52.072265625,97.21499633789062,20.038883209228516,221.67999267578125,210.99298095703125,86.11974334716797,58.86025619506836,59.090118408203125,115.28143310546875,96.38187408447266,95.85743713378906,212.30552673339844,164.72731018066406,105.56339263916016,6.594658374786377,45.1484260559082,19.8886661529541,141.5860595703125,28.53343391418457,60.2467041015625
2018-09-21,51.51139450073242,95.75050354003906,20.298240661621094,220.52000427246094,211.75067138671875,87.35291290283203,57.829715728759766,58.12559509277344,116.01219940185547,95.7481689453125,96.0923843383789,212.79458618164062,161.66134643554688,106.20475769042969,6.524570465087891,45.74825668334961,19.940000534057617,142.35452270507812,28.578140258789062,60.49531173706055
2018-09-24,52.25212097167969,96.71800231933594,20.408687591552734,218.1300048828125,210.4698486328125,88.42743682861328,58.19075393676758,58.49454116821289,114.055419921875,94.83007049560547,95.42363739013672,212.26718139648438,164.1220703125,106.58583068847656,6.58029317855835,45.87358856201172,19.978666305541992,141.4627227783203,28.28609848022461,61.511024475097656
2018-09-25,52.58345031738281,98.72750091552734,20.26141929626465,218.0500030517578,210.1000518798828,88.96829223632812,58.750160217285156,59.205169677734375,112.56956481933594,94.56195831298828,95.52301788330078,213.005615234375,163.62594604492188,106.38133239746094,6.647408962249756,46.30332565307617,20.06599998474121,141.90863037109375,28.33974266052246,61.43999481201172
2018-09-26,52.16456604003906,98.74250030517578,20.079790115356445,216.11000061035156,210.89378356933594,87.94428253173828,58.54385757446289,59.21359634399414,112.17982482910156,93.44889831542969,96.07431030273438,213.1398162841797,165.65008544921875,105.94449615478516,6.610508918762207,46.22275161743164,20.6386661529541,141.614501953125,28.187759399414062,60.9286003112793
2018-09-27,53.236637115478516,100.64900207519531,20.163244247436523,216.6999969482422,211.0651397705078,88.31926727294922,59.2455940246582,59.873146057128906,112.2285385131836,93.04268646240234,96.417724609375,213.18777465820312,167.5253448486328,106.34416198730469,6.622395038604736,46.276466369628906,20.501333236694336,142.32608032226562,28.05068588256836,60.92149353027344
2018-09-28,53.42359924316406,100.1500015258789,20.1861515045166,214.11000061035156,211.85888671875,88.1822509765625,59.18757629394531,59.85926055908203,112.18793487548828,91.67774200439453,96.97802734375,213.4754638671875,163.179443359375,106.30696105957031,6.959707260131836,46.16007995605469,17.65133285522461,142.3924560546875,27.985122680664062,60.388771057128906
2018-10-01,53.783329010009766,100.21800231933594,20.413597106933594,214.77999877929688,211.65142822265625,89.70387268066406,59.2788200378418,59.93117141723633,113.42208862304688,92.21395874023438,97.24011993408203,214.5878448486328,161.1751708984375,107.45954132080078,7.166255474090576,46.37494659423828,20.713333129882812,143.05650329589844,28.131139755249023,60.94991683959961
2018-10-02,54.26137161254883,98.56549835205078,20.298240661621094,215.2899932861328,213.18482971191406,89.95626831054688,59.51687240600586,59.88703536987305,114.06356811523438,92.59581756591797,97.5654525756836,213.2452850341797,158.0894317626953,107.03199768066406,7.094929218292236,44.969364166259766,20.06800079345703,141.99395751953125,28.354637145996094,61.41159439086914
2018-10-03,54.92164611816406,97.63800048828125,20.40623664855957,216.39999389648438,210.3435516357422,90.36734008789062,59.65770721435547,60.07994079589844,112.88619995117188,93.46515655517578,98.16188049316406,213.97415161132812,161.16526794433594,107.05059814453125,7.101120471954346,44.539642333984375,19.65333366394043,141.70936584472656,28.032798767089844,61.19138717651367
2018-10-04,53.956085205078125,95.47100067138672,20.303964614868164,218.97000122070312,208.97250366210938,90.10770416259766,57.93386459350586,58.371063232421875,113.14601135253906,94.30784606933594,102.11114501953125,207.28054809570312,157.61314392089844,104.83837127685547,6.916861534118652,44.28897476196289,18.788667678833008,139.2332305908203,28.07451629638672,60.786537170410156
2018-10-05,53.08042526245117,94.48249816894531,19.981611251831055,219.4600067138672,197.37295532226562,90.38175964355469,57.396278381347656,57.91284942626953,112.9430160522461,93.77604675292969,103.94568634033203,204.74595642089844,156.10499572753906,104.22490692138672,6.683320045471191,44.18152618408203,17.463333129882812,137.905029296875,27.80631446838379,60.61607360839844
2018-10-08,52.957374572753906,93.22100067138672,19.747623443603516,222.05999755859375,201.98211669921875,90.02838897705078,56.98069381713867,57.322235107421875,113.17852020263672,94.34874725341797,104.34332275390625,199.94557189941406,156.0255889892578,103.03514099121094,6.582027435302734,44.19048309326172,16.70400047302246,134.61293029785156,28.217561721801758,61.177207946777344
2018-10-09,53.691009521484375,93.51599884033203,20.02006721496582,223.75999450683594,202.19859313964844,91.45628356933594,56.477325439453125,56.78913879394531,113.02423858642578,93.6942367553711,104.33430480957031,201.3856658935547,156.67051696777344,104.34574890136719,6.576330184936523,43.75181198120117,17.520000457763672,135.01145935058594,28.929773330688477,61.447113037109375
2018-10-10,51.2037353515625,87.76249694824219,18.967105865478516,213.10000610351562,199.38438415527344,88.41302490234375,53.62077713012695,54.16036605834961,111.83065795898438,91.19890594482422,102.42742156982422,188.83750915527344,150.2012939453125,98.67578125,6.084729194641113,42.435752868652344,17.125333786010742,128.56971740722656,28.536418914794922,60.033626556396484
2018-10-11,50.75168991088867,85.96800231933594,18.727394104003906,205.19000244140625,200.0789337158203,85.40582275390625,53.526546478271484,54.08995056152344,108.6721420288086,88.46624755859375,97.520263671875,186.7445068359375,152.15597534179688,98.44342041015625,5.8232011795043945,41.88068771362305,16.815332412719727,126.8714828491211,27.988101959228516,57.9595832824707
2018-10-12,52.56452178955078,89.43049621582031,19.05875015258789,206.8000030517578,204.70608520507812,84.92986297607422,55.05202865600586,55.5677375793457,108.69651794433594,87.50083923339844,99.84280395507812,196.06686401367188,152.54293823242188,101.84538269042969,6.105779647827148,42.417842864990234,17.25200080871582,132.87689208984375,28.25331687927246,57.80331802368164
2018-10-15,51.44037628173828,88.04750061035156,19.01947021484375,205.02999877929688,202.5053253173828,84.33130645751953,54.16778564453125,54.67014694213867,108.761474609375,87.00177001953125,99.96932220458984,192.3225860595703,152.32464599609375,100.01425170898438,5.829391956329346,42.35491943359375,17.305999755859375,130.19204711914062,27.958293914794922,57.40555953979492
2018-10-16,52.57400131225586,90.99800109863281,19.49808692932129,209.8300018310547,205.3645477294922,84.74235534667969,55.60746383666992,56.18959045410156,110.88066864013672,88.86717224121094,100.33987426757812,199.48472595214844,157.54368591308594,103.17455291748047,6.088195323944092,43.35268020629883,18.439332962036133,134.47071838378906,28.551319122314453,57.675479888916016
2018-10-17,52.3468017578125,91.58650207519531,19.404001235961914,210.52000427246094,206.09521484375,84.58369445800781,55.33024215698242,55.91734313964844,113.23533630371094,89.85709381103516,102.65338134765625,199.10072326660156,158.17868041992188,102.90502166748047,6.019593238830566,43.02009963989258,18.118667602539062,135.144287109375,28.774818420410156,57.8885612487793
2018-10-18,51.12324905395508,88.53600311279297,18.655397415161133,208.6999969482422,206.17636108398438,84.7135238647461,53.955528259277344,54.44551086425781,113.26783752441406,88.43353271484375,102.40035247802734,195.49078369140625,153.71372985839844,100.85081481933594,5.9321722984313965,42.588645935058594,17.5939998626709,132.14634704589844,28.65859603881836,58.13714599609375
2018-10-19,51.90187454223633,88.20149993896484,18.676668167114258,209.8300018310547,207.15951538085938,85.19668579101562,54.37656784057617,54.806026458740234,112.9024429321289,88.28628540039062,101.14415740966797,194.9531707763672,152.8505096435547,100.99954986572266,5.675596714019775,42.77739715576172,17.333332061767578,132.8958282470703,28.95063591003418,58.22239303588867
2018-10-22,52.2190055847168,89.46499633789062,18.704486846923828,206.19000244140625,206.60934448242188,84.5260009765625,54.609657287597656,55.11299514770508,112.6020278930664,87.01815795898438,101.24356079101562,196.3356475830078,153.57484436035156,101.9011459350586,5.726366996765137,43.092018127441406,17.39666748046875,133.4270782470703,28.947654724121094,57.63996124267578
2018-10-23,52.71126174926758,88.43499755859375,18.739669799804688,204.0,206.32969665527344,81.77842712402344,54.73512268066406,55.28853988647461,112.80501556396484,86.11001586914062,99.761474609375,194.34829711914062,153.1878662109375,100.4790267944336,5.474746227264404,43.136959075927734,19.609333038330078,131.98504638671875,29.14433479309082,56.70948028564453
2018-10-24,50.903167724609375,83.20999908447266,17.893701553344727,199.80999755859375,201.82876586914062,79.47796630859375,52.107696533203125,52.422733306884766,111.61956787109375,84.50643920898438,96.08334350585938,187.87738037109375,144.90289306640625,95.10649871826172,4.938562870025635,42.03133010864258,19.233333587646484,127.37432861328125,29.072813034057617,55.13264465332031
2018-10-25,52.01784133911133,89.1084976196289,18.18250846862793,201.97999572753906,204.2100372314453,80.46595001220703,54.332435607910156,54.7271842956543,112.43151092529297,85.79093170166016,97.5021743774414,196.04766845703125,149.774658203125,100.6649169921875,5.147341251373291,43.109989166259766,20.99066734313965,133.31333923339844,29.555580139160156,55.622737884521484
2018-10-26,51.18952941894531,82.1405029296875,17.43881607055664,198.49000549316406,196.80474853515625,80.42987060546875,53.137245178222656,53.74331283569336,111.2136001586914,84.61280059814453,96.14659118652344,189.60552978515625,144.2380828857422,99.41937255859375,4.910825729370117,42.53470993041992,22.059999465942383,130.6758270263672,29.48404884338379,55.06870651245117
2018-10-29,50.22869110107422,76.94400024414062,17.303815841674805,200.0399932861328,200.62017822265625,78.55488586425781,50.58867263793945,51.312400817871094,111.6844711303711,85.78274536132812,97.05937194824219,183.4130401611328,140.983642578125,96.52864837646484,4.597043991088867,42.26504898071289,22.323333740234375,127.44068908691406,29.740333557128906,54.727783203125
2018-10-30,50.47954559326172,76.52100372314453,18.08187484741211,203.35000610351562,205.5810546875,79.93950653076172,51.388607025146484,52.04534912109375,114.28278350830078,87.29631805419922,97.90884399414062,180.23519897460938,145.08148193359375,96.4171142578125,5.027472496032715,43.658294677734375,21.99333381652832,125.95123291015625,30.521093368530273,55.956581115722656
2018-10-31,51.79536056518555,79.90049743652344,18.284778594970703,205.27999877929688,206.221435546875,80.51641082763672,53.40009307861328,54.08201217651367,113.66568756103516,89.19440460205078,97.99922943115234,189.77833557128906,150.60809326171875,99.27993774414062,5.221390247344971,43.9009895324707,22.488000869750977,130.7801971435547,29.883378982543945,56.59583282470703
2018-11-01,52.59054946899414,83.27649688720703,18.807573318481445,205.86000061035156,207.09642028808594,80.17025756835938,53.06435012817383,53.85389709472656,114.33959197998047,89.16167449951172,97.4750747680664,191.73696899414062,150.56842041015625,98.45269012451172,5.401686668395996,43.67627716064453,22.95199966430664,133.6073455810547,29.972776412963867,57.29903030395508
2018-11-02,49.102176666259766,83.27649688720703,18.062240600585938,206.57000732421875,207.6015167236328,82.73757934570312,52.45882034301758,53.13534164428711,114.22591400146484,88.67080688476562,96.47193145751953,189.8263702392578,149.1793212890625,98.67578125,5.322681903839111,43.892005920410156,23.0939998626709,132.61122131347656,30.199249267578125,58.20820617675781
2018-11-05,47.708255767822266,81.38999938964844,18.006610870361328,216.24000549316406,211.47103881835938,85.77361297607422,51.58102035522461,52.35380172729492,115.46013641357422,89.25167846679688,99.53553771972656,190.07595825195312,147.52230834960938,99.93061828613281,5.24467134475708,44.06278610229492,22.760000228881836,132.6301727294922,30.6671142578125,57.98801040649414
2018-11-06,48.224178314208984,82.1405029296875,18.674217224121094,218.50999450683594,213.50946044921875,85.74475860595703,52.36063003540039,53.040122985839844,115.76050567626953,89.66893768310547,95.70377349853516,191.1992645263672,148.7725067138672,100.12580871582031,5.227086067199707,44.26953125,22.737333297729492,133.5694580078125,30.79227066040039,58.236610412597656
2018-11-07,49.68673324584961,87.77449798583984,19.17737579345703,221.24000549316406,216.810791015625,87.16544342041016,54.22431945800781,54.9577751159668,117.53059387207031,91.20706939697266,99.15599822998047,199.92637634277344,150.35012817382812,104.06688690185547,5.294696807861328,45.1773796081543,23.21066665649414,137.3547821044922,31.08728790283203,58.97529983520508
2018-11-08,49.513370513916016,87.74549865722656,19.65599250793457,222.4199981689453,215.8162841796875,86.07649230957031,53.679290771484375,54.28285217285156,117.97715759277344,91.9433822631836,99.49939727783203,200.52157592773438,146.71861267089844,103.87169647216797,5.101522922515869,45.330204010009766,23.426666259765625,137.7816619873047,31.254175186157227,58.0377197265625
2018-11-09,48.55867385864258,85.62149810791016,19.552906036376953,219.6300048828125,214.9483184814453,86.18465423583984,52.873409271240234,53.40957260131836,118.00963592529297,91.0516357421875,101.40623474121094,197.4109649658203,143.83128356933594,101.84538269042969,5.093598365783691,45.49199295043945,23.367332458496094,136.54835510253906,31.45681381225586,58.023372650146484
2018-11-12,46.112579345703125,81.84249877929688,18.296226501464844,215.4199981689453,212.0008087158203,84.65581512451172,51.50861358642578,52.037906646728516,118.23697662353516,89.13715362548828,102.30091094970703,191.1896514892578,140.44784545898438,99.33573150634766,4.694125175476074,44.24256134033203,22.0853328704834,132.55429077148438,30.953195571899414,57.277191162109375
2018-11-13,45.651851654052734,81.55850219726562,18.394407272338867,217.9199981689453,211.6934356689453,83.18466186523438,51.38066864013672,51.9689826965332,117.47372436523438,89.6607666015625,101.56890869140625,190.25836181640625,141.0531005859375,99.40080261230469,4.936089038848877,44.50322723388672,22.582000732421875,132.55429077148438,30.676054000854492,55.964176177978516
2018-11-14,44.3623046875,79.95050048828125,18.506498336791992,216.02999877929688,210.94297790527344,83.45150756835938,51.7580680847168,52.2967643737793,117.12462615966797,87.8117446899414,99.73690795898438,189.6919403076172,143.0970458984375,97.99119567871094,4.883583068847656,43.9009895324707,22.933332443237305,132.33607482910156,30.255870819091797,55.52652359008789
2018-11-15,45.457122802734375,80.97200012207031,19.336097717285156,217.3800048828125,207.89602661132812,85.16275787353516,52.801998138427734,53.113521575927734,117.32760620117188,90.05347442626953,101.90767669677734,192.69700622558594,142.72994995117188,100.1476058959961,5.012364864349365,45.509979248046875,23.229333877563477,134.80714416503906,29.66285514831543,56.100486755371094
2018-11-16,45.96057891845703,79.67050170898438,19.43999671936035,218.41000366210938,208.87252807617188,86.69926452636719,52.64230728149414,52.97565460205078,118.53740692138672,89.9880142211914,103.38818359375,191.09365844726562,138.44357299804688,101.0904541015625,4.072253227233887,45.995365142822266,23.62066650390625,133.22947692871094,29.111555099487305,56.65296173095703
2018-11-19,44.139060974121094,75.614501953125,18.746212005615234,217.94000244140625,206.8111114501953,86.96141052246094,50.58470153808594,50.94989776611328,119.9501953125,90.67528533935547,105.1865463256836,181.72332763671875,130.5257110595703,97.6644515991211,3.5836217403411865,44.5391960144043,23.564666748046875,128.0782012939453,28.840377807617188,56.83952331542969
2018-11-20,42.03020477294922,74.77300262451172,18.630033493041992,210.7100067138672,198.2851104736328,84.54378509521484,50.87035369873047,51.10015869140625,118.91091918945312,88.72808074951172,104.196533203125,179.59193420410156,131.3988494873047,94.94791412353516,3.6920974254608154,43.44256591796875,23.166000366210938,126.75711059570312,28.059621810913086,55.22517013549805
2018-11-21,41.98270797729492,75.83650207519531,18.81739616394043,210.86000061035156,197.61607360839844,85.61427307128906,51.45803451538086,51.74384307861328,115.28959655761719,88.06539154052734,101.93496704101562,180.16798400878906,133.77024841308594,96.25482940673828,3.5838699340820312,43.7032470703125,22.54599952697754,127.75506591796875,28.062599182128906,55.64849853515625
2018-11-23,40.91638946533203,75.10299682617188,18.80921173095703,207.07000732421875,198.96322631835938,82.7232894897461,50.777122497558594,51.08279800415039,115.48444366455078,87.25542449951172,102.5162353515625,175.3099822998047,130.70431518554688,96.21751403808594,3.591052293777466,43.775146484375,21.722000122070312,126.28192901611328,28.33974266052246,54.163272857666016
2018-11-26,41.46973419189453,79.06649780273438,19.2518253326416,210.6300048828125,198.4117431640625,83.72821807861328,52.004051208496094,52.36420822143555,115.51715087890625,89.3907699584961,102.07118225097656,184.19073486328125,135.31809997558594,99.39146423339844,3.790417432785034,43.3796501159668,23.066667556762695,129.19969177246094,28.354637145996094,55.23234558105469
2018-11-27,41.37948226928711,79.07099914550781,19.29437255859375,212.52999877929688,201.63043212890625,83.89569854736328,51.79526138305664,52.182708740234375,117.02880096435547,89.76712799072266,103.7424087524414,185.27554321289062,133.94882202148438,100.01688385009766,3.807258367538452,42.64257049560547,22.92799949645996,129.17120361328125,28.321861267089844,55.282569885253906
2018-11-28,42.97064208984375,83.88749694824219,19.24445915222168,217.5,208.25778198242188,86.02930450439453,53.869239807128906,54.14202117919922,119.65996551513672,90.76527404785156,104.93223571777344,194.20433044433594,135.6951446533203,103.73230743408203,3.9642744064331055,43.31672668457031,23.191333770751953,134.36996459960938,29.04302215576172,56.28704833984375
2018-11-29,42.640533447265625,83.67849731445312,19.290281295776367,217.6999969482422,208.85446166992188,86.54633331298828,53.971893310546875,54.28036880493164,119.17784118652344,90.0452880859375,106.26738739013672,188.80868530273438,137.6001739501953,102.86415100097656,3.9010579586029053,43.056060791015625,22.744667053222656,132.2030487060547,28.992359161376953,56.72471618652344
2018-11-30,42.4101676940918,84.50849914550781,19.423635482788086,218.24000549316406,209.10760498046875,86.61189270019531,54.27589416503906,55.02770233154297,120.03585052490234,90.96981048583984,107.75692749023438,193.04261779785156,139.51516723632812,103.51760864257812,4.051538467407227,43.82908630371094,23.365333557128906,134.68359375,29.09963607788086,57.04041290283203
2018-12-03,43.892093658447266,88.61799621582031,19.804893493652344,220.80999755859375,209.8309326171875,87.87166595458984,54.87100601196289,55.36044692993164,119.47206115722656,91.82887268066406,107.64794921875,201.48171997070312,139.9914093017578,104.63780975341797,4.215403079986572,44.79087829589844,23.89933204650879,137.8104705810547,29.42743492126465,58.27448654174805
2018-12-04,41.961334228515625,83.41999816894531,18.984296798706055,210.1199951171875,204.65025329589844,85.37393951416016,52.11315155029297,52.68803787231445,119.32495880126953,87.72994232177734,105.83142852783203,192.48574829101562,136.85601806640625,101.3051528930664,3.894860029220581,43.820098876953125,23.979999542236328,131.765869140625,28.551319122314453,56.990196228027344
2018-12-06,41.49348449707031,84.95950317382812,18.591581344604492,207.9600067138672,210.84352111816406,84.40543365478516,53.00136184692383,53.46213912963867,119.22688293457031,86.0609130859375,105.21379852294922,194.88601684570312,138.5428009033203,101.93061828613281,3.9241132736206055,41.95941925048828,24.20400047302246,134.05636596679688,28.3955135345459,56.24399948120117
2018-12-07,40.013954162597656,81.45649719238281,18.699583053588867,204.8800048828125,203.30311584472656,84.099609375,51.40694808959961,51.900047302246094,118.83468627929688,84.50643920898438,103.16110229492188,188.65505981445312,136.35000610351562,97.85116577148438,3.659348487854004,41.34819412231445,23.864667892456055,130.3116455078125,27.92210578918457,55.70587921142578
2018-12-10,40.277557373046875,82.05149841308594,19.57418441772461,203.25999450683594,201.31399536132812,83.69908905029297,51.55424880981445,52.22734451293945,118.69579315185547,82.92742156982422,103.62433624267578,190.1527862548828,140.74551391601562,100.43698120117188,3.764709234237671,41.950435638427734,24.343332290649414,131.04354858398438,28.146821975708008,54.916648864746094
2018-12-11,40.04719161987305,82.16200256347656,20.195146560668945,202.27999877929688,204.78585815429688,84.08501434326172,52.159278869628906,52.64737319946289,119.70902252197266,82.1174545288086,103.99669647216797,189.84555053710938,140.97369384765625,101.3705062866211,3.6737277507781982,41.761680603027344,24.450666427612305,130.02659606933594,28.119855880737305,55.017093658447266
2018-12-12,40.15880584716797,83.177001953125,20.861120223999023,202.47999572753906,205.96121215820312,84.19425964355469,52.750919342041016,53.246421813964844,120.19926452636719,82.64923858642578,103.85140228271484,192.29380798339844,143.3748779296875,101.82791900634766,3.69132924079895,42.53470993041992,24.440000534057617,130.9674835205078,27.89813232421875,54.54354476928711
2018-12-13,40.598167419433594,82.91899871826172,21.13274574279785,202.4199981689453,204.79483032226562,84.42728424072266,52.66264343261719,53.236995697021484,120.80396270751953,82.73106384277344,104.32368469238281,191.016845703125,143.88088989257812,102.17333221435547,3.6910812854766846,42.45381164550781,25.119333267211914,130.72036743164062,27.853191375732422,55.23234558105469
2018-12-14,39.29910659790039,79.59549713134766,20.848852157592773,200.0,187.20948791503906,82.8907699584961,51.68070983886719,52.154441833496094,108.6778335571289,82.0519790649414,101.6624526977539,187.53173828125,142.9382781982422,98.980712890625,3.630591869354248,41.88751220703125,24.380666732788086,128.391845703125,27.520606994628906,54.22785949707031
2018-12-17,38.933380126953125,76.04550170898438,20.791580200195312,197.9199981689453,182.84255981445312,81.88587951660156,50.41261672973633,50.86212921142578,105.52367401123047,81.00476837158203,98.41993713378906,182.8466339111328,139.0984344482422,96.04948425292969,3.5594425201416016,41.105499267578125,23.22800064086914,124.88483428955078,27.197010040283203,53.12291717529297
2018-12-18,39.43923568725586,77.5739974975586,20.641935348510742,196.52000427246094,183.52969360351562,79.9124526977539,51.01665115356445,51.74285125732422,106.56961822509766,80.62024688720703,96.73056030273438,183.9602508544922,142.5414276123047,97.05765533447266,3.64274001121521,41.2133674621582,22.468666076660156,126.08232116699219,27.289892196655273,51.65924072265625
2018-12-19,38.209049224853516,74.75399780273438,20.164064407348633,195.1699981689453,182.10122680664062,78.52159881591797,50.733978271484375,51.34859848022461,104.27349090576172,79.59756469726562,99.10114288330078,179.64955139160156,132.20252990722656,96.79630279541016,3.433753728866577,41.752689361572266,22.197999954223633,124.75176239013672,27.13109016418457,50.783897399902344
2018-12-20,37.24486541748047,73.04149627685547,19.99870491027832,193.5800018310547,178.23150634765625,76.44622039794922,50.059513092041016,50.75947952270508,104.81280517578125,78.91033172607422,99.26464080810547,175.41555786132812,132.36129760742188,94.76122283935547,3.349217414855957,41.56391906738281,21.025333404541016,122.37571716308594,26.151317596435547,49.24129867553711
2018-12-21,35.79619598388672,68.87249755859375,20.248394012451172,192.10000610351562,175.87176513671875,75.88553619384766,48.578182220458984,49.15622329711914,104.66572570800781,77.0449447631836,99.38269805908203,168.19581604003906,123.97708892822266,91.69927978515625,3.212125301361084,39.55044174194336,21.31800079345703,118.09882354736328,26.10637664794922,48.875389099121094
2018-12-24,34.87001037597656,67.197998046875,19.32985496520996,187.75999450683594,171.7760009765625,73.54073333740234,48.41352844238281,48.829917907714844,100.37579345703125,75.38407897949219,96.95762634277344,167.67739868164062,123.09402465820312,87.87187957763672,3.1503970623016357,38.3729248046875,19.69266700744629,115.69429016113281,25.7138614654541,47.00273513793945
2018-12-26,37.32560729980469,73.54499816894531,20.51544189453125,197.57000732421875,179.5876922607422,78.2011947631836,51.54977798461914,51.96302795410156,103.5380859375,78.50940704345703,100.89952087402344,178.987060546875,133.1352081298828,93.87437438964844,3.2996368408203125,40.08078384399414,21.73933219909668,123.7728042602539,27.089149475097656,49.248470306396484
2018-12-27,37.083377838134766,73.08200073242188,20.739492416381836,200.1199951171875,181.8027801513672,79.60660552978516,51.768978118896484,52.21345138549805,104.11007690429688,79.39300537109375,102.534423828125,181.15687561035156,133.4725799560547,94.45314025878906,3.2517900466918945,40.42234802246094,21.075332641601562,125.46453857421875,27.44270896911621,49.46371078491211
2018-12-28,37.102378845214844,73.9010009765625,20.966028213500977,202.0800018310547,182.6707763671875,79.11871337890625,51.4317512512207,51.90501022338867,103.99567413330078,79.2212142944336,103.72425079345703,178.7278594970703,132.16285705566406,93.71569061279297,3.3132712841033936,40.28752899169922,22.257999420166016,124.44762420654297,27.60450553894043,48.9112548828125
2018-12-31,37.46098327636719,75.09850311279297,21.023073196411133,204.17999267578125,184.18067932128906,79.2206802368164,51.358848571777344,51.81970977783203,105.45014953613281,79.86753845214844,105.10481262207031,181.11846923828125,130.06927490234375,94.81725311279297,3.3095529079437256,40.58415603637695,22.18666648864746,125.39804077148438,27.910120010375977,48.92560577392578
2019-01-02,37.50371551513672,76.95649719238281,20.959415435791016,202.8000030517578,185.1300811767578,80.60423278808594,51.86668014526367,52.301727294921875,104.3879165649414,81.25020599365234,104.34186553955078,182.1649627685547,134.62353515625,94.39714050292969,3.376983642578125,40.647071838378906,20.674667358398438,126.32943725585938,27.96704864501953,50.0018424987793
2019-01-03,33.7680778503418,75.01399993896484,19.09505271911621,191.66000366210938,181.20611572265625,79.06047821044922,50.389305114746094,50.853206634521484,102.72911071777344,80.09549713134766,101.09935760498047,173.9466552734375,130.71421813964844,90.9244613647461,3.1729562282562256,40.25156021118164,20.02400016784668,121.7769546508789,27.82322120666504,49.234127044677734
2019-01-04,35.2096061706543,78.76950073242188,19.282726287841797,195.1999969482422,186.4681396484375,80.69891357421875,53.099552154541016,53.461639404296875,104.45326232910156,83.04826354980469,104.14202880859375,182.18417358398438,136.87586975097656,95.15328979492188,3.3762400150299072,41.98639678955078,21.179332733154297,127.02326202392578,27.99700927734375,51.04937744140625
2019-01-07,35.13123321533203,81.47550201416016,19.675443649291992,196.91000366210938,187.1553192138672,81.74751281738281,52.984500885009766,53.355018615722656,103.783203125,83.1059799194336,104.70513916015625,183.5858612060547,136.97508239746094,95.27466583251953,3.554980993270874,42.65156173706055,22.33066749572754,129.31375122070312,28.326597213745117,51.31484603881836
2019-01-08,35.80095672607422,82.8290023803711,19.517526626586914,196.30999755859375,188.5566864013672,81.39068603515625,53.37578201293945,53.82365036010742,106.19373321533203,82.94928741455078,105.66792297363281,184.9226837158203,141.4202117919922,95.96544647216797,3.4664769172668457,43.0380859375,22.356666564941406,130.01708984375,28.524351119995117,51.68794631958008
2019-01-09,36.4089241027832,82.97100067138672,20.361665725708008,196.3699951171875,189.7772979736328,82.48298645019531,53.29544448852539,53.63917541503906,105.35209655761719,82.8090591430664,106.45814514160156,188.27911376953125,143.10694885253906,97.33771514892578,3.5346527099609375,42.94819641113281,22.568666458129883,131.5472412109375,28.431468963623047,51.9605712890625
2019-01-10,36.52528381347656,82.81099700927734,20.629533767700195,196.5800018310547,190.44630432128906,82.61408996582031,53.08070755004883,53.49932861328125,105.98944091796875,82.8008041381836,105.30461120605469,189.4139862060547,143.07717895507812,96.71227264404297,3.6003472805023193,42.984134674072266,22.99799919128418,131.79432678222656,28.45244598388672,51.69511795043945
2019-01-11,36.16667938232422,82.02799987792969,20.71634292602539,196.2899932861328,190.32876586914062,81.95140838623047,52.42905807495117,52.78721618652344,106.02214050292969,82.4049301147461,105.52261352539062,188.40415954589844,142.68031311035156,95.96544647216797,3.68959379196167,43.406612396240234,23.150667190551758,131.21461486816406,28.416494369506836,51.45834732055664
2019-01-14,35.622840881347656,80.8604965209961,20.741147994995117,195.77999877929688,188.9635772705078,81.35429382324219,51.80915069580078,52.14452362060547,104.82096862792969,83.25443267822266,104.16021728515625,187.95213317871094,144.25791931152344,95.26531219482422,3.729506254196167,43.3077278137207,22.293333053588867,130.30218505859375,28.44944953918457,51.393768310546875
2019-01-15,36.35192108154297,83.72799682617188,21.20578384399414,196.94000244140625,190.79893493652344,81.64556884765625,53.41892623901367,53.88018035888672,105.7034683227539,83.86479187011719,106.34915161132812,189.00042724609375,147.7902069091797,98.02851867675781,3.7153754234313965,43.659690856933594,22.961999893188477,130.5302734375,28.838958740234375,51.42247009277344
2019-01-16,36.796016693115234,84.18900299072266,20.809768676757812,198.41000366210938,190.03041076660156,81.12125396728516,53.60838317871094,54.02894973754883,104.6248550415039,84.54113006591797,106.08573150634766,190.2025909423828,146.3911895751953,98.37389373779297,3.6898410320281982,43.37091827392578,23.06999969482422,130.5302734375,28.86892318725586,51.40093994140625
2019-01-17,37.01450729370117,84.66100311279297,21.109888076782227,198.77999877929688,191.18775939941406,81.52906036376953,54.051239013671875,54.505516052246094,105.48284149169922,84.88753509521484,108.229248046875,191.68365478515625,147.14529418945312,99.06472778320312,3.7612383365631104,43.84016418457031,23.15399932861328,130.47328186035156,28.985776901245117,51.75251007080078
2019-01-18,37.24249267578125,84.80999755859375,21.56378173828125,204.47999572753906,193.11349487304688,83.28401184082031,54.46583938598633,54.911163330078125,106.79024505615234,86.26493835449219,105.89498901367188,194.270751953125,148.87173461914062,100.54903411865234,3.8903980255126953,44.46284484863281,20.150667190551758,131.63278198242188,29.28240394592285,52.36954879760742
2019-01-22,36.40654373168945,81.6084976196289,21.354612350463867,200.72000122070312,192.03758239746094,81.8057632446289,53.09013748168945,53.48940658569336,105.2458724975586,84.90402221679688,106.34915161132812,191.82794189453125,146.42095947265625,98.65398406982422,3.6881070137023926,44.16505813598633,19.92799949645996,131.20509338378906,29.210493087768555,51.580318450927734
2019-01-23,36.55379867553711,82.0009994506836,21.290952682495117,201.14999389648438,191.75732421875,81.11397552490234,53.340579986572266,53.77604293823242,105.2458724975586,84.6895751953125,107.8931884765625,190.7604217529297,143.17642211914062,99.6155014038086,3.7009973526000977,44.43577194213867,19.172666549682617,130.2166748046875,29.576038360595703,51.15699768066406
2019-01-24,36.26405715942383,82.74649810791016,21.789491653442383,201.02000427246094,190.14794921875,82.65776824951172,53.257755279541016,53.75571060180664,103.799560546875,84.73908996582031,104.44176483154297,192.14529418945312,144.6945343017578,99.139404296875,3.9129581451416016,44.39968490600586,19.43400001525879,130.87246704101562,29.471166610717773,51.2287483215332
2019-01-25,37.46572494506836,83.52850341796875,22.15243911743164,202.75,189.02685546875,82.44659423828125,54.10529327392578,54.62403106689453,104.78009796142578,85.27519226074219,104.42359161376953,195.17477416992188,147.84971618652344,100.044921875,3.9702236652374268,44.94114685058594,19.80266761779785,131.79432678222656,29.045696258544922,51.45834732055664
2019-01-28,37.11900329589844,81.89450073242188,22.125986099243164,200.9499969482422,190.56390380859375,81.68196868896484,53.06831359863281,53.55040740966797,105.40113067626953,85.67932891845703,104.47811889648438,192.50115966796875,146.32174682617188,98.0938949584961,3.421358823776245,44.68846130371094,19.7586669921875,129.24725341796875,29.081655502319336,51.11394500732422
2019-01-29,36.73426818847656,79.69400024414062,22.01850128173828,202.0500030517578,190.14794921875,81.43441009521484,52.59916305541992,53.06441879272461,106.49608612060547,85.91853332519531,105.0957260131836,191.6163787841797,143.06727600097656,96.09613800048828,3.2624499797821045,44.769683837890625,19.83066749572754,128.30630493164062,28.976789474487305,51.30766677856445
2019-01-30,39.24449157714844,83.52149963378906,22.390548706054688,205.9600067138672,191.08827209472656,82.29367065429688,54.009586334228516,54.44947814941406,107.56651306152344,86.1164779663086,106.21289825439453,196.2134552001953,149.24879455566406,99.30744171142578,3.405988931655884,45.44651794433594,20.584667205810547,130.77734375,28.404502868652344,51.8673095703125
2019-01-31,39.527103424072266,85.9365005493164,22.178075790405273,205.5399932861328,194.05381774902344,83.48793029785156,55.36396408081055,55.833038330078125,108.7431869506836,85.36591339111328,108.86505126953125,203.0514373779297,165.39210510253906,97.48709869384766,3.56365704536438,45.32918167114258,20.468000411987305,128.31585693359375,28.71311378479004,52.57761764526367
2019-02-01,39.546104431152344,81.3115005493164,22.05901527404785,209.19000244140625,190.11178588867188,86.1968002319336,55.08524703979492,55.47251892089844,109.65836334228516,85.67932891845703,109.80054473876953,205.59042358398438,164.4197235107422,95.9468002319336,3.587951898574829,45.85260009765625,20.81399917602539,133.20094299316406,28.122854232788086,54.4718017578125
2019-02-04,40.66939926147461,81.66549682617188,22.49802589416504,208.52000427246094,190.93450927734375,87.19444274902344,56.178775787353516,56.60317611694336,108.57976531982422,85.98450469970703,109.14659881591797,206.68679809570312,167.93214416503906,98.70999145507812,3.698270559310913,46.0511360168457,20.859333038330078,134.48399353027344,28.3955135345459,53.682559967041016
2019-02-05,41.365230560302734,82.94049835205078,22.322763442993164,207.82000732421875,191.3233184814453,87.0051040649414,56.83290481567383,57.121395111083984,108.57976531982422,85.60511779785156,109.38275909423828,207.6003875732422,169.82728576660156,100.09159851074219,3.7173593044281006,46.24064254760742,21.42333221435547,135.46298217773438,28.64419937133789,54.23502731323242
2019-02-06,41.37948226928711,82.01300048828125,22.8361759185791,206.00999450683594,191.3142547607422,86.56817626953125,55.30743408203125,55.68426513671875,108.6778335571289,85.56388092041016,108.32915496826172,207.06182861328125,169.1625213623047,98.980712890625,3.792970895767212,46.25869369506836,21.148000717163086,134.47450256347656,28.656185150146484,53.99825668334961
2019-02-07,40.59579086303711,80.71849822998047,22.247522354125977,201.72999572753906,189.5192413330078,86.0948715209961,54.488162994384766,54.842227935791016,107.90155029296875,84.44213104248047,106.72150421142578,205.78273010253906,165.0845184326172,98.271240234375,3.654639482498169,45.320167541503906,20.500667572021484,133.21994018554688,28.982776641845703,53.58211135864258
2019-02-08,40.643489837646484,79.41100311279297,22.658422470092773,200.9199981689453,188.34072875976562,85.62153625488281,54.3071403503418,54.66717529296875,108.1875228881836,83.60086059570312,108.6288833618164,208.2928924560547,166.02711486816406,98.64463806152344,3.673232078552246,46.0511360168457,20.386667251586914,133.41957092285156,28.63821029663086,53.66917037963867
2019-02-11,40.409751892089844,79.55000305175781,22.795665740966797,203.0500030517578,189.22010803222656,85.16275787353516,54.304664611816406,54.65427780151367,107.86065673828125,83.2049560546875,107.18473052978516,208.79298400878906,164.4990997314453,98.2525863647461,3.630591869354248,46.23162078857422,20.856000900268555,133.81874084472656,28.823974609375,53.756221771240234
2019-02-12,40.75797653198242,81.90049743652344,23.099088668823242,206.14999389648438,192.10299682617188,86.45167541503906,55.6119270324707,55.91684341430664,109.62567901611328,84.62361145019531,108.52899169921875,210.53372192382812,163.75491333007812,99.78353118896484,3.747603416442871,46.222599029541016,20.78733253479004,134.9497528076172,29.054689407348633,54.69930648803711
2019-02-13,40.58863067626953,82.0,23.25865936279297,205.8000030517578,192.91893005371094,87.07064056396484,55.551918029785156,55.96891403198242,109.8626480102539,85.02774047851562,108.67430877685547,212.10133361816406,162.79248046875,99.70885467529297,3.7899959087371826,46.403079986572266,20.544666290283203,136.37533569335938,29.345333099365234,55.31594467163086
2019-02-14,40.73651123046875,81.13249969482422,23.273534774780273,202.77999877929688,193.8617706298828,86.9088363647461,55.626808166503906,55.9971809387207,109.74822998046875,84.47515106201172,110.26778411865234,211.39926147460938,162.67343139648438,99.79287719726562,3.830899715423584,46.45722961425781,20.251333236694336,136.29920959472656,29.51910400390625,55.3304557800293
2019-02-15,40.645870208740234,80.39749908447266,23.309093475341797,205.2899932861328,196.24606323242188,87.78410339355469,55.22907257080078,55.52260208129883,111.4396743774414,87.0567398071289,111.84764099121094,213.61129760742188,161.23472595214844,101.02511596679688,3.9005625247955322,46.67381286621094,20.525333404541016,137.96531677246094,29.959552764892578,56.3751106262207
2019-02-19,40.76751708984375,81.37899780273438,23.286766052246094,205.69000244140625,197.7418975830078,87.7546615600586,55.47257614135742,55.86378479003906,110.87591552734375,86.7515640258789,111.52802276611328,212.1494140625,161.02635192871094,100.97844696044922,3.8832085132598877,46.944541931152344,20.375999450683594,137.517822265625,30.621728897094727,56.75236129760742
2019-02-20,41.02986145019531,81.1050033569336,23.432279586791992,206.16000366210938,196.8262481689453,88.4681167602539,55.236507415771484,55.570213317871094,111.41520690917969,87.17222595214844,112.01203155517578,212.6495361328125,161.29425048828125,100.45343017578125,3.9305591583251953,46.71894454956055,20.17066764831543,137.79400634765625,29.926597595214844,56.96998596191406
2019-02-21,40.79853439331055,80.97200012207031,23.227237701416016,205.3300018310547,195.1219024658203,87.62962341308594,54.40186309814453,54.7579231262207,110.6552505493164,86.99075317382812,112.06680297851562,210.91844177246094,158.79385375976562,102.57220458984375,3.8616409301757812,47.02577209472656,19.415332794189453,137.09890747070312,29.779783248901367,56.45491409301758
2019-02-22,41.25405502319336,81.5780029296875,22.860157012939453,201.91000366210938,196.08287048339844,87.81351470947266,55.066410064697266,55.370361328125,111.6194839477539,86.60311126708984,113.23568725585938,214.7749786376953,160.62945556640625,104.0346908569336,3.946425437927246,47.35966873168945,19.6473331451416,138.8792724609375,29.82773208618164,56.890174865722656
2019-02-25,41.554569244384766,81.6500015258789,23.03377914428711,202.30999755859375,196.77186584472656,87.98268127441406,55.018310546875,55.40855026245117,112.03071594238281,87.51038360595703,113.13521575927734,214.7749786376953,163.33819580078125,104.61595916748047,3.9340293407440186,47.431854248046875,19.917999267578125,139.0601806640625,29.698883056640625,56.94822692871094
2019-02-26,41.57842254638672,81.81999969482422,22.73613739013672,201.89999389648438,197.279541015625,88.2180404663086,55.302467346191406,55.640625,111.95671844482422,86.84229278564453,113.84752655029297,215.42893981933594,162.85202026367188,105.33782196044922,3.8946123123168945,47.46795654296875,19.857332229614258,139.99322509765625,29.57004737854004,57.064308166503906
2019-02-27,41.707210540771484,82.05449676513672,22.445941925048828,202.2899932861328,197.67843627929688,88.32102966308594,55.34810256958008,55.68426513671875,111.75929260253906,86.73507690429688,114.76984405517578,215.9771270751953,161.54232788085938,105.15969848632812,3.8527164459228516,47.26942443847656,20.982667922973633,140.1646270751953,29.396265029907227,57.65192413330078
2019-02-28,41.2969856262207,81.99150085449219,22.76590919494629,201.3000030517578,198.30398559570312,87.9532699584961,55.54001998901367,55.86577224731445,112.39266967773438,86.07523345947266,115.32688903808594,216.16949462890625,160.19288635253906,105.0284423828125,3.828148365020752,47.043819427490234,21.325332641601562,141.0214385986328,29.659934997558594,57.33271408081055
2019-03-01,41.73106002807617,83.58650207519531,22.55011558532715,203.1300048828125,198.93862915039062,89.7552719116211,56.58493423461914,56.95526885986328,113.7991943359375,86.13298034667969,117.65550231933594,218.5545654296875,161.01641845703125,105.49718475341797,3.882495164871216,47.3867301940918,19.652666091918945,142.3067626953125,29.342329025268555,58.03642272949219
2019-03-04,41.940956115722656,84.80850219726562,22.727046966552734,201.80999755859375,198.0048370361328,89.82150268554688,56.922664642333984,57.19825744628906,113.9061279296875,85.9350357055664,116.39533233642578,217.6313018798828,166.06678771972656,105.24407196044922,3.8906853199005127,46.96260070800781,19.02400016784668,140.86920166015625,29.318361282348633,58.261287689208984
2019-03-05,41.86463165283203,84.62149810791016,22.902320861816406,201.47000122070312,199.28306579589844,90.6820297241211,57.62837600708008,57.98028564453125,114.1446762084961,85.86905670166016,117.33592224121094,217.56399536132812,169.926513671875,104.71904754638672,3.884233236312866,47.251365661621094,18.43600082397461,140.85964965820312,29.46517562866211,58.17424392700195
2019-03-06,41.62373733520508,83.44750213623047,22.43436622619629,200.6699981689453,198.7481689453125,90.85855865478516,57.421573638916016,57.7695426940918,114.40786743164062,85.54735565185547,115.68305969238281,215.8809814453125,171.16676330566406,104.76596069335938,3.7733047008514404,47.24233627319336,18.416000366210938,140.72634887695312,29.441207885742188,57.51408386230469
2019-03-07,41.141963958740234,81.29750061035156,21.951539993286133,199.3000030517578,196.5361785888672,89.68907928466797,56.699501037597656,57.07080841064453,113.708740234375,84.92879486083984,115.37256622314453,213.89976501464844,167.81309509277344,103.49095916748047,3.704066514968872,47.44990539550781,18.439332962036133,139.7932891845703,29.198514938354492,58.15247344970703
2019-03-08,41.239749908447266,81.04000091552734,21.8424015045166,198.6999969482422,206.53567504882812,89.45372009277344,56.65090560913086,57.02717208862305,113.56066131591797,84.9617691040039,115.7012939453125,213.3804473876953,168.2794189453125,103.60343933105469,3.738313674926758,47.62136459350586,18.94266700744629,140.2884063720703,29.24045753479004,57.31820297241211
2019-03-11,42.668392181396484,83.53099822998047,22.245037078857422,202.08999633789062,208.23097229003906,90.92474365234375,58.30928039550781,58.47966766357422,113.97195434570312,86.0669937133789,112.77909851074219,217.00619506835938,170.730224609375,105.7784652709961,3.998883008956909,47.5221061706543,19.39466667175293,143.44931030273438,29.507122039794922,57.876792907714844
2019-03-12,43.147789001464844,83.65499877929688,22.292163848876953,202.5,211.19549560546875,91.13070678710938,59.17418670654297,59.371788024902344,114.48192596435547,85.8113021850586,112.77909851074219,218.25648498535156,170.5813751220703,106.51908874511719,4.0331292152404785,47.648441314697266,18.890666961669922,144.45849609375,29.47416877746582,58.03642272949219
2019-03-13,43.338592529296875,84.54049682617188,22.422794342041016,204.05999755859375,214.2959442138672,91.6970443725586,59.180137634277344,59.4615478515625,114.67107391357422,86.09998321533203,113.51876068115234,219.75677490234375,172.02005004882812,107.34410095214844,4.18450927734375,47.88307571411133,19.263999938964844,145.1630096435547,29.671913146972656,58.551490783691406
2019-03-14,43.82036590576172,84.31099700927734,22.17393684387207,203.3800048828125,211.99325561523438,91.64557647705078,58.794795989990234,59.13772201538086,113.5277328491211,86.88353729248047,112.39554595947266,220.7281036376953,168.8450164794922,107.42845153808594,4.108570575714111,47.87403869628906,19.33066749572754,146.8101043701172,29.58757781982422,58.35560989379883
2019-03-15,44.39038848876953,85.61799621582031,24.000267028808594,204.30999755859375,211.7756805419922,92.16778564453125,58.74073791503906,59.02713394165039,113.18231201171875,87.88153839111328,113.1808853149414,222.3245849609375,164.6876220703125,108.66596984863281,4.214040756225586,47.7747802734375,18.36199951171875,148.00975036621094,29.64781951904297,58.14522933959961
2019-03-18,44.84355163574219,87.10749816894531,24.29376983642578,206.67999267578125,214.48631286621094,92.58702850341797,58.73082733154297,58.940364837646484,112.82861328125,88.40938568115234,114.36803436279297,221.57449340820312,159.2205047607422,110.22221374511719,4.192699432373047,48.244041442871094,17.965999603271484,147.53375244140625,30.021366119384766,58.81990051269531
2019-03-19,44.48817443847656,88.09249877929688,24.746017456054688,205.14999389648438,214.90335083007812,92.14571380615234,59.45438003540039,59.630157470703125,113.87320709228516,88.08773040771484,115.6008529663086,222.17074584960938,160.31199645996094,110.29722595214844,4.360457420349121,48.7674560546875,17.83133316040039,147.18141174316406,30.078594207763672,58.66755294799805
2019-03-20,44.87693786621094,89.8635025024414,24.27638816833496,203.27000427246094,214.83985900878906,91.71177673339844,60.70016098022461,60.81882858276367,112.92729187011719,86.20720672607422,117.0345687866211,221.09359741210938,164.15182495117188,110.17533874511719,4.327945709228516,47.504051208496094,18.239999771118164,146.38169860839844,29.714088439941406,58.99401092529297
2019-03-21,46.529762268066406,90.96299743652344,24.757694244384766,204.42999267578125,217.16070556640625,92.57232666015625,61.07557678222656,61.299861907958984,113.59355926513672,84.84630584716797,117.17153930664062,226.84474182128906,164.78683471679688,112.70659637451172,4.564692974090576,48.7674560546875,18.26799964904785,148.3334197998047,29.84061050415039,59.33497619628906
2019-03-22,45.56620788574219,88.2385025024414,24.411516189575195,200.5500030517578,215.36569213867188,90.53492736816406,59.784175872802734,59.887535095214844,112.61473083496094,82.28118896484375,117.16241455078125,221.93028259277344,163.06039428710938,109.7347183227539,4.404876708984375,47.62136459350586,17.635332107543945,145.73423767089844,29.60564422607422,58.38462448120117
2019-03-25,45.0152702331543,88.71299743652344,24.370649337768555,199.44000244140625,214.8308563232422,90.3878402709961,59.16427230834961,59.37824249267578,112.36798095703125,81.59661865234375,118.59609985351562,221.60325622558594,164.99520874023438,110.30658721923828,4.312561511993408,47.59429168701172,17.3613338470459,145.69619750976562,29.572511672973633,57.978370666503906
2019-03-26,44.550174713134766,89.18800354003906,24.77687644958496,200.6199951171875,216.73460388183594,91.29987335205078,58.74867630004883,59.00432586669922,113.98018646240234,82.41316986083984,119.64629364013672,224.3634796142578,166.37437438964844,110.54098510742188,4.389242649078369,48.081600189208984,17.851333618164062,147.85740661621094,29.617700576782227,58.73284149169922
2019-03-27,44.950870513916016,88.28500366210938,24.688461303710938,199.2100067138672,217.0428924560547,90.31427001953125,58.173397064208984,58.41767883300781,114.08709716796875,82.13273620605469,117.59161376953125,223.62295532226562,164.57846069335938,109.47219848632812,4.380059719085693,47.65746307373047,18.32200050354004,146.82913208007812,29.283323287963867,58.28306579589844
2019-03-28,45.010498046875,88.6709976196289,24.947044372558594,200.66000366210938,218.6837921142578,90.48345184326172,57.94874572753906,58.13302230834961,114.23517608642578,83.06473541259766,117.75597381591797,225.8734130859375,164.26095581054688,109.6222152709961,4.398672580718994,48.000389099121094,18.57466697692871,147.2576141357422,29.259220123291016,58.5732421875
2019-03-29,45.30385208129883,89.0374984741211,25.083843231201172,200.88999938964844,219.51780700683594,90.60111999511719,58.187782287597656,58.362144470214844,114.98367309570312,83.49363708496094,118.49568176269531,226.44082641601562,165.39210510253906,110.5690689086914,4.455997943878174,48.46965789794922,18.657333374023438,148.70469665527344,29.379718780517578,58.61676788330078
2019-04-01,45.61153793334961,90.70950317382812,25.507591247558594,205.0,221.37631225585938,91.8956527709961,59.23517990112305,59.45758819580078,114.3174057006836,86.30619049072266,117.84732818603516,229.90309143066406,167.38644409179688,111.58158111572266,4.523499011993408,49.2547607421875,19.278667449951172,149.72344970703125,29.467079162597656,59.29144287109375
2019-04-02,46.274566650390625,90.6989974975586,25.279035568237305,203.8800048828125,218.03102111816406,91.8882827758789,59.53571701049805,59.782894134521484,113.27278137207031,86.71854400634766,118.09385681152344,230.10504150390625,172.84361267089844,111.74098205566406,4.541365146636963,48.86671447753906,19.058666229248047,150.21853637695312,29.201982498168945,59.037540435791016
2019-04-03,46.59178924560547,91.03500366210938,25.37496566772461,203.6699981689453,219.82601928710938,91.12336730957031,59.80500411987305,60.04424285888672,112.82861328125,86.89177703857422,116.0208969116211,229.78768920898438,172.18873596191406,112.47221374511719,4.68083381652832,48.78550338745117,19.45400047302246,150.86593627929688,29.277294158935547,58.6893310546875
2019-04-04,46.672882080078125,90.94300079345703,25.191455841064453,204.10000610351562,221.56671142578125,91.79267120361328,60.255306243896484,60.472694396972656,111.51252746582031,87.73118591308594,114.7059097290039,227.02752685546875,174.64942932128906,111.90033721923828,4.671899318695068,48.56892776489258,17.851999282836914,150.08526611328125,29.55443572998047,59.52359390258789
2019-04-05,46.985313415527344,91.86399841308594,25.38163948059082,205.3300018310547,222.89927673339844,92.98421478271484,59.86600112915039,60.075965881347656,112.0142822265625,87.52342987060547,115.96612548828125,227.57569885253906,174.35179138183594,112.39722442626953,4.738654136657715,48.66820526123047,18.33066749572754,150.0947723388672,29.771324157714844,59.842796325683594
2019-04-08,47.72468185424805,92.49299621582031,25.3983211517334,205.25,223.4886016845703,93.1754379272461,59.701847076416016,59.918766021728516,111.98136138916016,87.80601501464844,116.1213607788086,227.54678344726562,173.5679168701172,112.43473052978516,4.7595014572143555,48.478668212890625,18.213333129882812,150.18997192382812,29.891822814941406,60.212772369384766
2019-04-09,47.581573486328125,91.79199981689453,25.31239891052246,204.9199981689453,222.029052734375,92.33697509765625,59.37503433227539,59.64156723022461,111.51252746582031,87.15774536132812,116.19442749023438,227.20005798339844,176.19728088378906,111.8253173828125,4.696716785430908,48.577945709228516,18.15399932861328,149.94247436523438,29.729154586791992,59.43653106689453
2019-04-10,47.84869384765625,92.36650085449219,25.65107536315918,204.52000427246094,222.6636199951172,92.3001708984375,59.61853790283203,59.828025817871094,111.5207748413086,87.54835510253906,116.1487808227539,228.3076171875,176.43544006347656,112.67847442626953,4.767193794250488,48.92240905761719,18.40399932861328,150.96116638183594,30.003286361694336,59.168113708496094
2019-04-11,47.45039749145508,92.20349884033203,25.809560775756836,206.6699981689453,218.70188903808594,92.66793060302734,59.74053192138672,59.98373794555664,111.21642303466797,88.28804016113281,114.2858657836914,227.32528686523438,176.1278533935547,112.80973052978516,4.753296852111816,48.75923538208008,17.89466667175293,150.2947235107422,30.364765167236328,59.45105743408203
2019-04-12,47.43131637573242,92.15299987792969,26.445186614990234,210.55999755859375,219.3455810546875,88.08564758300781,60.39764404296875,60.63535690307617,111.84976196289062,92.42694091796875,112.3772964477539,230.01226806640625,177.70547485351562,113.3909912109375,4.71532678604126,49.402835845947266,17.84666633605957,151.98941040039062,30.593698501586914,58.70382308959961
2019-04-15,47.51716232299805,92.24349975585938,26.39263153076172,209.74000549316406,223.31631469726562,88.36515808105469,60.557823181152344,60.82379150390625,112.2939453125,91.37142944335938,113.30875396728516,230.3204345703125,178.25115966796875,113.48474884033203,4.583553791046143,49.52067947387695,17.7586669921875,152.75108337402344,30.855783462524414,58.50794982910156
2019-04-16,47.52194595336914,93.1520004272461,26.567806243896484,211.8000030517578,222.41888427734375,89.12272644042969,60.856868743896484,61.09059143066406,113.5277328491211,92.33551788330078,109.54640197753906,231.2257537841797,177.4772491455078,113.22221374511719,4.670657634735107,49.48442459106445,18.224000930786133,152.55111694335938,31.00640296936035,58.90695571899414
2019-04-17,48.44733810424805,93.24099731445312,26.737146377563477,210.3699951171875,222.61825561523438,88.46077728271484,61.31361770629883,61.49871826171875,113.93904113769531,94.99504089355469,106.38671875,232.1021270751953,177.38795471191406,114.15974426269531,4.6478271484375,49.38471603393555,18.082000732421875,152.75108337402344,31.075687408447266,59.07381820678711
2019-04-18,48.62145233154297,93.08450317382812,26.577817916870117,209.99000549316406,222.84487915039062,88.1592025756836,61.31510925292969,61.56467056274414,113.1164779663086,94.29691314697266,105.19959259033203,231.99623107910156,176.89183044433594,115.65972900390625,4.623258113861084,49.42096710205078,18.21733283996582,152.48448181152344,31.081710815429688,58.856163024902344
2019-04-22,48.781253814697266,94.3655014038086,26.27585220336914,209.49000549316406,220.67823791503906,89.65968322753906,61.933528900146484,62.17414093017578,113.37149047851562,94.41326141357422,105.4461669921875,234.07647705078125,180.0272674560547,116.02533721923828,4.677110195159912,49.51161193847656,17.516666412353516,152.71298217773438,30.837709426879883,60.14021682739258
2019-04-23,49.484825134277344,96.1884994506836,26.329235076904297,211.61000061035156,222.6364288330078,89.74791717529297,62.7126350402832,63.008731842041016,115.07414245605469,94.52962493896484,107.2907943725586,234.500244140625,182.34902954101562,117.60038757324219,4.731706142425537,49.80167770385742,17.593332290649414,153.91262817382812,31.048566818237305,60.48844528198242
2019-04-24,49.40851593017578,95.0875015258789,26.219961166381836,210.57000732421875,224.79405212402344,86.99708557128906,62.28861618041992,62.486053466796875,114.49835968017578,94.3717041015625,107.75654602050781,236.2337188720703,181.1583709716797,117.19722747802734,4.744114875793457,50.019248962402344,17.243999481201172,153.750732421875,31.18714141845703,59.31319808959961
2019-04-25,48.96012496948242,95.11250305175781,26.010591506958008,211.9499969482422,222.65457153320312,86.71759033203125,62.6580810546875,62.847564697265625,114.86852264404297,94.42156219482422,107.96658325195312,236.54196166992188,191.7552032470703,121.0784912109375,4.638396739959717,49.86514663696289,16.5086669921875,153.3032989501953,31.18413543701172,59.64692687988281
2019-04-26,48.72639083862305,97.53150177001953,25.892974853515625,214.22000122070312,221.0408935546875,86.12919616699219,63.09102249145508,63.347434997558594,115.4771957397461,95.13632202148438,109.46420288085938,237.57241821289062,189.99899291992188,121.77225494384766,4.419517517089844,50.227725982666016,15.675999641418457,155.12176513671875,30.58466911315918,58.391876220703125
2019-04-29,48.800331115722656,96.92150115966797,26.08566665649414,216.5800018310547,221.45787048339844,86.585205078125,63.85475158691406,64.27872467041016,115.02479553222656,96.50764465332031,109.2176513671875,238.00579833984375,193.26339721679688,121.6597671508789,4.450290203094482,49.9286003112793,16.097999572753906,156.28329467773438,30.593698501586914,58.0146484375
2019-04-30,47.860618591308594,96.32599639892578,26.559467315673828,216.7100067138672,222.59109497070312,88.30632019042969,58.94010543823242,59.45659255981445,116.14344787597656,96.44947814941406,106.87987518310547,244.853271484375,191.89410400390625,122.4378890991211,4.491734027862549,50.155208587646484,15.912667274475098,156.5498504638672,30.979293823242188,58.239532470703125
2019-05-01,50.20988464355469,95.57599639892578,26.60116958618164,216.7100067138672,219.01914978027344,86.65140533447266,57.928409576416016,58.18510437011719,116.7603759765625,95.70980834960938,107.9209213256836,239.5660400390625,191.52699279785156,119.88786315917969,4.478581428527832,49.74729919433594,15.600666999816895,154.98843383789062,30.533462524414062,57.071556091308594
2019-05-02,49.883140563964844,95.04100036621094,26.344249725341797,215.92999267578125,220.0164337158203,85.59961700439453,57.657142639160156,57.847389221191406,116.209228515625,95.91755676269531,108.17662048339844,238.06365966796875,191.0308837890625,118.32221984863281,4.54608154296875,49.49348449707031,16.273332595825195,153.39845275878906,30.470197677612305,56.07041549682617
2019-05-03,50.50325012207031,98.12300109863281,26.33507537841797,218.60000610351562,221.76611328125,86.25422668457031,58.787357330322266,58.989952087402344,116.80970764160156,96.50764465332031,106.76116180419922,238.7955322265625,193.947998046875,120.84410858154297,4.54161262512207,49.66571044921875,17.00200080871582,154.27438354492188,30.750350952148438,56.20100021362305
2019-05-06,49.723350524902344,97.52749633789062,25.989736557006836,213.16000366210938,221.4125213623047,87.0853500366211,58.9852409362793,59.1838493347168,116.87551879882812,95.651611328125,106.52373504638672,239.46006774902344,192.37037658691406,120.1409912109375,4.463195323944092,49.72010040283203,17.022666931152344,154.50286865234375,30.864816665649414,55.95435333251953
2019-05-07,48.3829460144043,96.05000305175781,25.632720947265625,209.42999267578125,217.74090576171875,86.98974609375,58.22696304321289,58.45983123779297,115.1317367553711,94.08912658691406,104.96215057373047,236.01222229003906,188.2924041748047,117.67536926269531,4.295933246612549,48.94960403442383,16.470666885375977,152.53207397460938,30.515378952026367,55.65691375732422
2019-05-08,48.392486572265625,95.88849639892578,25.307395935058594,209.2899932861328,218.79254150390625,86.42340850830078,57.838653564453125,58.059146881103516,114.98367309570312,93.59046936035156,106.158447265625,236.2722625732422,188.06417846679688,117.6659927368164,4.316034317016602,48.94053268432617,16.32266616821289,153.05572509765625,30.214141845703125,55.74396896362305
2019-05-09,47.8725471496582,94.99349975585938,25.36328887939453,208.55999755859375,221.3196258544922,89.13745880126953,57.645729064941406,57.919795989990234,114.11176300048828,93.51567840576172,105.74752044677734,236.25303649902344,187.1810760498047,117.65662384033203,4.223471164703369,49.17621994018555,16.131999969482422,152.15127563476562,30.144493103027344,55.69319152832031
2019-05-10,47.20934295654297,94.4990005493164,25.35494613647461,209.02000427246094,224.54666137695312,89.72586059570312,57.73945999145508,57.9034309387207,114.375,93.50735473632812,106.13105010986328,238.2947540283203,186.87350463867188,119.18473815917969,4.189472198486328,49.5388069152832,15.968000411987305,153.00811767578125,30.862213134765625,56.17748260498047
2019-05-13,44.4655647277832,91.13400268554688,24.472414016723633,205.00999450683594,219.91067504882812,88.5858154296875,56.14059066772461,56.363651275634766,112.85326385498047,90.96419525146484,104.441650390625,232.46817016601562,180.12648010253906,115.64097595214844,3.9321277141571045,48.43291473388672,15.133999824523926,149.7900848388672,30.250484466552734,55.55377960205078
2019-05-14,45.169471740722656,92.00599670410156,25.191455841064453,203.69000244140625,220.6469268798828,89.46842956542969,55.5658073425293,55.781959533691406,112.54072570800781,91.68727111816406,104.96215057373047,236.85980224609375,179.32276916503906,116.93473815917969,4.021218299865723,49.06743240356445,15.487333297729492,152.53207397460938,30.371612548828125,55.62715530395508
2019-05-15,45.710567474365234,93.55750274658203,25.389142990112305,202.97999572753906,222.41046142578125,89.836181640625,57.736480712890625,58.06013488769531,112.61473083496094,91.33817291259766,105.58314514160156,239.9512176513672,184.8196258544922,118.58142852783203,3.9601707458496094,49.45722961425781,15.463333129882812,154.98843383789062,30.24746322631836,56.03807067871094
2019-05-16,45.50944900512695,95.37850189208984,24.79856300354004,204.6300048828125,224.92845153808594,89.72479248046875,58.46897506713867,58.7395133972168,113.68407440185547,92.51002502441406,107.19478607177734,244.0635986328125,185.53402709960938,121.31964874267578,3.9753077030181885,49.52974319458008,15.222000122070312,157.21026611328125,30.680517196655273,56.03072738647461
2019-05-17,45.25087356567383,93.44999694824219,24.181291580200195,203.27000427246094,225.75563049316406,89.51679229736328,57.64176559448242,57.95996856689453,114.0130844116211,92.06124114990234,106.53360748291016,243.22572326660156,183.85716247558594,120.51042938232422,3.884481191635132,49.402835845947266,14.0686674118042,156.4664306640625,30.544240951538086,55.700531005859375
2019-05-20,43.83588790893555,92.94850158691406,22.73820686340332,202.72999572753906,226.25563049316406,89.75447845458984,56.47880935668945,56.76385498046875,113.85678100585938,92.54328918457031,106.73565673828125,244.13101196289062,181.29725646972656,118.7696533203125,3.765859842300415,48.64139938354492,13.690667152404785,155.87522888183594,30.744112014770508,55.69318389892578
2019-05-21,44.67624282836914,92.8759994506836,22.966764450073242,203.36000061035156,227.19192504882812,90.1258544921875,57.01342010498047,57.248836517333984,113.61002349853516,92.85912322998047,107.05703735351562,245.93199157714844,183.38095092773438,119.40948486328125,3.84800124168396,49.103702545166016,13.67199993133545,156.24710083007812,30.622983932495117,55.95000076293945
2019-05-22,43.76165771484375,92.98400115966797,22.45709991455078,202.60000610351562,226.8101043701172,89.5539321899414,57.102195739746094,57.31875991821289,114.13643646240234,92.102783203125,108.34270477294922,247.41510009765625,183.87704467773438,120.134033203125,3.777027130126953,49.13088607788086,12.84866714477539,156.6094512939453,30.959125518798828,55.44369888305664
2019-05-23,43.0146598815918,90.77400207519531,21.695514678955078,201.3000030517578,225.9192657470703,87.54853057861328,56.57403564453125,56.79756546020508,114.98367309570312,90.29100036621094,107.26824188232422,240.5098419189453,179.461669921875,118.73200988769531,3.65592360496521,48.11564636230469,13.03266716003418,154.0062713623047,30.84708023071289,54.144935607910156
2019-05-24,42.84947204589844,91.16400146484375,21.349334716796875,201.69000244140625,224.8012237548828,88.17242431640625,56.21200180053711,56.463829040527344,114.99197387695312,91.1802978515625,107.24990844726562,242.19517517089844,179.65020751953125,118.7884521484375,3.6020729541778564,47.83463668823242,12.708666801452637,155.083740234375,31.092376708984375,54.37240219116211
2019-05-28,42.67230224609375,91.82150268554688,21.227554321289062,199.6999969482422,223.90127563476562,87.87532806396484,56.245723724365234,56.51094055175781,113.51780700683594,90.19125366210938,106.30402374267578,244.07321166992188,182.87489318847656,118.71318817138672,3.5569069385528564,46.9100341796875,12.579999923706055,156.1040802001953,31.016660690307617,53.279090881347656
2019-05-29,42.46877670288086,90.95950317382812,21.197519302368164,198.52000427246094,218.79251098632812,86.7314682006836,55.36842727661133,55.53797912597656,108.76409912109375,89.9419174194336,106.05606842041016,244.19842529296875,180.77139282226562,117.56520080566406,3.4827072620391846,46.855648040771484,12.657333374023438,155.16958618164062,30.925813674926758,52.948890686035156
2019-05-30,42.68905258178711,90.81600189208984,21.406063079833984,199.74000549316406,219.56524658203125,85.69903564453125,55.44232177734375,55.610877990722656,109.4100570678711,88.97783660888672,106.4325942993164,244.80519104003906,181.5850067138672,118.30856323242188,3.4561233520507812,46.882835388183594,12.54800033569336,155.19822692871094,30.947004318237305,52.80947494506836
2019-05-31,41.91571044921875,88.75350189208984,20.99064826965332,197.4199981689453,217.7835693359375,84.56262969970703,54.73215103149414,54.87149429321289,108.61500549316406,88.06364440917969,106.46930694580078,242.20484924316406,176.088134765625,116.37954711914062,3.365440607070923,45.86758804321289,12.343999862670898,153.8346710205078,30.719881057739258,51.92894744873047
2019-06-03,41.4919319152832,84.6344985961914,21.119112014770508,198.55999755859375,219.13795471191406,86.15211486816406,51.38959503173828,51.51126480102539,108.85520935058594,88.47917938232422,107.23153686523438,233.3155975341797,162.87185668945312,112.76624298095703,3.3237013816833496,45.541259765625,11.9313325881958,151.23147583007812,30.877361297607422,52.74342727661133
2019-06-04,43.0098762512207,86.47799682617188,22.163471221923828,201.58999633789062,223.26492309570312,87.1251449584961,52.2237434387207,52.292301177978516,110.75169372558594,91.2052001953125,107.95699310302734,239.9801483154297,166.19578552246094,115.8902587890625,3.552767276763916,47.15477752685547,12.90666675567627,154.78819274902344,31.059059143066406,53.99817657470703
2019-06-05,43.704193115234375,86.92500305175781,22.165142059326172,203.3000030517578,225.40115356445312,87.3851089477539,51.6866569519043,51.80384063720703,111.29002380371094,91.52932739257812,107.46107482910156,246.7987823486328,166.86056518554688,118.40265655517578,3.510035753250122,47.227294921875,13.105999946594238,157.7060546875,31.622331619262695,53.55058288574219
2019-06-06,44.345855712890625,87.71800231933594,22.754892349243164,204.77000427246094,228.35545349121094,89.6356430053711,51.79179382324219,51.95856857299805,113.19480895996094,91.72881317138672,107.90188598632812,248.31077575683594,167.01930236816406,120.27519989013672,3.5721466541290283,47.67146682739258,13.729999542236328,159.16494750976562,31.83130645751953,54.5265007019043
2019-06-07,45.526206970214844,90.20149993896484,22.928394317626953,205.80999755859375,232.71876525878906,90.22985076904297,52.867958068847656,52.980613708496094,114.74349975585938,90.72317504882812,108.68246459960938,255.98654174804688,172.00021362304688,123.64385986328125,3.6148793697357178,48.27880096435547,13.633333206176758,162.14950561523438,32.11900329589844,54.724605560302734
2019-06-10,46.10800552368164,93.03150177001953,23.37383270263672,207.16000366210938,233.48236083984375,90.83149719238281,53.57911682128906,53.694217681884766,115.13275909423828,91.70387268066406,104.6235122680664,256.27545166015625,173.4587860107422,124.77302551269531,3.6876745223999023,48.95867156982422,14.192000389099121,162.88375854492188,32.56113052368164,54.96675109863281
2019-06-11,46.64192199707031,93.18499755859375,23.646602630615234,206.6300048828125,233.71868896484375,89.99958038330078,53.49679183959961,53.60892105102539,115.76215362548828,91.98644256591797,103.04400634765625,253.9254913330078,176.7132568359375,124.30259704589844,3.7453134059906006,48.895206451416016,14.473333358764648,162.39744567871094,32.688323974609375,54.9153938293457
2019-06-12,46.49347686767578,92.76599884033203,23.333789825439453,204.57000732421875,233.82778930664062,89.2717056274414,53.41298294067383,53.51272201538086,117.3356704711914,90.8145751953125,105.82648468017578,254.10855102539062,173.67706298828125,123.72855377197266,3.6322712898254395,48.60514831542969,13.950667381286621,163.61798095703125,32.9548225402832,54.321041107177734
2019-06-13,46.48390197753906,93.51499938964844,23.49061393737793,204.99000549316406,236.08212280273438,89.80648040771484,53.99520492553711,54.103336334228516,116.53236389160156,91.03899383544922,102.68586730957031,251.55633544921875,176.088134765625,124.50959777832031,3.68345046043396,48.804561614990234,14.260666847229004,161.48204040527344,32.903350830078125,54.79798889160156
2019-06-14,46.14631652832031,93.4834976196289,22.182655334472656,205.16000366210938,236.48208618164062,89.73219299316406,53.82559585571289,53.86977005004883,116.01886749267578,91.2717056274414,102.61239624023438,250.49703979492188,179.91810607910156,124.63189697265625,3.593513011932373,48.29692840576172,14.32800006866455,161.7776641845703,33.03053665161133,54.555843353271484
2019-06-17,46.42164993286133,94.30149841308594,22.185993194580078,203.47999572753906,237.6456756591797,90.16300201416016,54.180179595947266,54.246150970458984,115.48058319091797,90.77303314208984,104.13679504394531,249.63018798828125,187.5382843017578,125.00827026367188,3.6032028198242188,48.16096878051758,15.001999855041504,161.6822509765625,33.05778884887695,55.098838806152344
2019-06-18,47.51342010498047,95.06849670410156,23.19365882873535,206.00999450683594,238.83648681640625,91.3068618774414,54.73066329956055,54.80900573730469,116.13484191894531,92.0113754272461,105.28471374511719,249.2545623779297,187.0024871826172,127.18195343017578,3.798232316970825,47.95248031616211,14.982666969299316,161.41529846191406,33.2061882019043,55.5758056640625
2019-06-19,47.374542236328125,95.43949890136719,23.146942138671875,206.75,239.67279052734375,91.27713775634766,54.667686462402344,54.772796630859375,116.31700134277344,91.34648132324219,105.81732177734375,250.2755126953125,186.02020263671875,127.68069458007812,3.8041954040527344,47.75305938720703,15.095333099365234,162.75978088378906,33.19710922241211,55.2675895690918
2019-06-20,47.75522232055664,95.90950012207031,23.277069091796875,208.0399932861328,243.0270538330078,92.30956268310547,55.11848068237305,55.203739166259766,117.77464294433594,91.5792236328125,106.12035369873047,256.9400329589844,188.05426025390625,128.86627197265625,3.828542709350586,51.65995788574219,14.641332626342773,165.6680908203125,33.409095764160156,56.214168548583984
2019-06-21,47.59242630004883,95.56500244140625,23.074115753173828,206.2100067138672,241.91812133789062,92.79235076904297,55.6372184753418,55.8072509765625,117.67522430419922,90.95588684082031,106.05606842041016,254.7056121826172,189.6517333984375,128.88510131835938,3.7704060077667236,50.87132263183594,14.790666580200195,165.38204956054688,33.65437698364258,57.00664138793945
2019-06-24,47.54454803466797,95.69499969482422,23.51287078857422,206.85000610351562,242.49981689453125,92.77750396728516,55.32181167602539,55.37730026245117,118.47854614257812,90.30760955810547,106.18463897705078,255.5049591064453,191.10035705566406,129.6472625732422,3.792766809463501,51.433345794677734,14.909333229064941,165.7729949951172,33.68769836425781,56.46364974975586
2019-06-25,46.82387924194336,93.91349792480469,23.286334991455078,208.07000732421875,242.12713623046875,91.83419036865234,53.87519454956055,53.93324279785156,119.45581817626953,89.55961608886719,105.93667602539062,250.14060974121094,187.36962890625,125.55404663085938,3.7634499073028564,50.82599639892578,14.650667190551758,163.32237243652344,33.53021240234375,55.964683532714844
2019-06-26,47.836639404296875,94.8915023803711,23.701513290405273,208.50999450683594,240.35452270507812,92.04960632324219,53.55035400390625,53.573211669921875,117.47649383544922,90.15802001953125,102.24506378173828,251.65264892578125,186.19879150390625,126.02455139160156,3.956739902496338,51.36082077026367,14.618000030517578,163.11260986328125,33.36063003540039,56.20683670043945
2019-06-27,47.82227325439453,95.21399688720703,24.061111450195312,212.02000427246094,241.4180908203125,91.4405288696289,53.362396240234375,53.390228271484375,116.51577758789062,90.45719146728516,102.36444854736328,251.4600830078125,188.02447509765625,126.23152923583984,4.055373668670654,51.46054458618164,14.855999946594238,163.2747039794922,33.342472076416016,55.63447952270508
2019-06-28,47.38652420043945,94.68150329589844,24.242172241210938,213.1699981689453,240.2182159423828,92.42840576171875,53.605403900146484,53.69620132446289,115.34806060791016,92.91727447509766,101.74000549316406,254.7632598876953,191.49720764160156,126.05278015136719,4.0802178382873535,51.641822814941406,14.897333145141602,165.48695373535156,33.460567474365234,56.22884750366211
2019-07-01,48.25562286376953,96.1094970703125,25.294017791748047,214.6199951171875,239.57272338867188,92.72552490234375,54.45046615600586,54.549156188964844,115.414306640625,94.47977447509766,103.53071594238281,256.9206848144531,191.49720764160156,127.6712417602539,4.128416538238525,52.584564208984375,15.14466667175293,165.8587646484375,33.49994659423828,56.17748260498047
2019-07-02,48.53813934326172,96.71549987792969,24.871261596679688,214.5399932861328,241.3181610107422,91.3068618774414,55.11004638671875,55.173988342285156,115.96916961669922,94.57948303222656,104.87145233154297,260.58038330078125,193.48167419433594,128.5181121826172,4.030529022216797,52.992469787597656,14.970000267028809,167.13658142089844,33.79671096801758,55.56112289428711
2019-07-03,48.94038009643555,96.94999694824219,23.99205780029297,215.16000366210938,244.6542510986328,91.6187973022461,55.622344970703125,55.68922805786133,117.71664428710938,94.42881774902344,105.07349395751953,262.9977722167969,195.6645050048828,129.34616088867188,4.043447971343994,53.355064392089844,15.65999984741211,168.6526641845703,34.0147705078125,56.08942794799805
2019-07-05,48.897281646728516,97.14550018310547,23.804256439208984,215.25,243.84523010253906,91.75992584228516,56.1187629699707,56.16925811767578,116.41641235351562,94.98960876464844,103.60418701171875,262.0924377441406,194.87075805664062,128.9698028564453,3.980839729309082,53.735782623291016,15.539999961853027,168.45245361328125,33.91179656982422,55.86195373535156
2019-07-08,47.889312744140625,97.61599731445312,23.15579605102539,215.1300048828125,244.89059448242188,91.80448913574219,55.362972259521484,55.38176727294922,116.74768829345703,94.4706802368164,102.4103775024414,261.53314208984375,194.23570251464844,128.87567138671875,3.9058094024658203,53.96239471435547,15.355999946594238,168.0042724609375,34.135894775390625,56.11878204345703
2019-07-09,48.1814079284668,99.41500091552734,23.20380401611328,214.75,245.40870666503906,91.6187973022461,55.78352355957031,55.753692626953125,117.1120834350586,94.87242126464844,103.84293365478516,263.5676574707031,197.6588592529297,128.4052276611328,3.9082937240600586,54.025856018066406,15.337332725524902,169.4727325439453,34.18436050415039,56.082088470458984
2019-07-10,48.657859802246094,100.87049865722656,23.1170654296875,214.02999877929688,246.726806640625,93.17115020751953,56.55964279174805,56.577884674072266,116.9464340209961,94.59622192382812,105.17450714111328,265.5348815917969,201.15147399902344,129.71316528320312,3.976616621017456,54.5244255065918,15.928000450134277,170.97927856445312,34.214630126953125,56.87456130981445
2019-07-11,48.30350875854492,100.05349731445312,23.248437881469727,213.1699981689453,251.3810272216797,93.16372680664062,56.74463653564453,56.735084533691406,116.03546905517578,95.50017547607422,100.8492202758789,268.36981201171875,199.6631622314453,130.2306365966797,4.1311492919921875,54.37937545776367,15.90666675567627,172.34286499023438,34.499305725097656,56.91857147216797
2019-07-12,48.67461395263672,100.55000305175781,24.034164428710938,214.10000610351562,254.01708984375,93.57223510742188,56.77884292602539,56.79756546020508,111.22377014160156,96.50453186035156,99.44422149658203,269.546142578125,203.2747802734375,130.70120239257812,4.164191722869873,54.21620559692383,16.338666915893555,171.95193481445312,34.70523452758789,56.962615966796875
2019-07-15,49.13191223144531,101.04949951171875,24.2825984954834,213.5399932861328,255.05340576171875,93.3791275024414,57.04863357543945,57.05394744873047,111.56331634521484,95.33277893066406,99.60951232910156,269.38214111328125,202.32229614257812,130.70120239257812,4.1557440757751465,53.96239471435547,16.899999618530273,172.1807861328125,34.820308685302734,56.55903244018555
2019-07-16,48.96192932128906,100.49500274658203,23.928049087524414,212.8800048828125,255.11709594726562,92.66609954833984,57.209312438964844,57.20024108886719,109.73301696777344,96.35391235351562,99.93091583251953,266.73052978515625,202.25279235839844,128.98861694335938,4.151025295257568,53.343502044677734,16.825332641601562,170.97927856445312,34.75368118286133,55.71520233154297
2019-07-17,48.68658447265625,99.60150146484375,24.008056640625,207.4499969482422,255.94430541992188,92.20557403564453,56.85076141357422,56.86699295043945,109.20301055908203,95.40811157226562,98.34223937988281,265.4382629394531,200.22872924804688,128.2264404296875,4.216365814208984,52.77921676635742,16.99066734313965,170.82675170898438,34.70523452758789,55.38500213623047
2019-07-18,49.23964309692383,98.8949966430664,24.403867721557617,207.97999572753906,257.1714782714844,92.6066665649414,56.84976577758789,56.89179229736328,109.37696075439453,95.97725677490234,99.49014282226562,266.884765625,199.21665954589844,128.3675994873047,4.228043079376221,52.89753341674805,16.902666091918945,172.14263916015625,34.7415657043457,54.9153938293457
2019-07-19,48.5046272277832,98.22599792480469,24.422395706176758,205.97000122070312,255.89883422851562,92.87405395507812,56.04487228393555,56.11371994018555,107.91934967041016,95.0314712524414,98.06673431396484,265.7469482421875,196.81549072265625,128.55572509765625,4.184813022613525,52.369667053222656,17.211999893188477,170.9125518798828,34.493247985839844,55.025447845458984
2019-07-22,49.6131477355957,99.28150177001953,24.940319061279297,204.83999633789062,254.68081665039062,93.07460021972656,56.44013214111328,56.49357986450195,106.53628540039062,95.64244079589844,98.50755310058594,268.64935302734375,200.74468994140625,130.25892639160156,4.256366729736328,52.42426300048828,17.045333862304688,172.1807861328125,34.16617965698242,55.084163665771484
2019-07-23,50.00101852416992,99.72450256347656,25.33022689819336,206.4600067138672,254.61708068847656,93.45340728759766,56.84381866455078,56.93196105957031,106.70193481445312,97.39176177978516,99.37993621826172,268.9964599609375,200.7843475341797,131.06814575195312,4.364191055297852,52.28773498535156,17.344667434692383,172.49546813964844,33.94511032104492,55.304298400878906
2019-07-24,49.9603157043457,100.04049682617188,25.5820369720459,207.97000122070312,255.28062438964844,93.9881820678711,56.4272346496582,56.51936721801758,107.48039245605469,97.78512573242188,99.65543365478516,270.230712890625,203.0664520263672,132.41375732421875,4.438722133636475,52.88843536376953,17.658666610717773,174.81253051757812,33.91785430908203,55.29694747924805
2019-07-25,49.565269470214844,98.69100189208984,25.297388076782227,207.89999389648438,254.34445190429688,93.31228637695312,56.145050048828125,56.3314208984375,108.59015655517578,96.84770202636719,99.01260375976562,269.36285400390625,199.14720153808594,131.9149932861328,4.307544231414795,53.05225372314453,15.254667282104492,173.15338134765625,33.98447799682617,54.9814338684082
2019-07-26,49.7376594543457,97.15249633789062,25.342018127441406,209.89999389648438,255.77154541015625,91.89361572265625,62.011390686035156,61.750633239746094,108.26716613769531,97.27458190917969,99.42584228515625,271.985595703125,198.1946563720703,132.99713134765625,4.349532127380371,53.24338912963867,15.202667236328125,175.1558074951172,34.22674560546875,54.893375396728516
2019-07-29,50.20213317871094,95.62249755859375,25.411081314086914,208.61000061035156,254.64439392089844,92.27243041992188,61.46587371826172,61.583011627197266,110.16370391845703,96.96488952636719,99.83907318115234,271.3782043457031,194.41433715820312,132.7054443359375,4.343323230743408,52.842933654785156,15.718000411987305,174.69810485839844,33.99960708618164,55.28226852416992
2019-07-30,49.98664474487305,94.92649841308594,25.227489471435547,207.80999755859375,254.07168579101562,92.3541259765625,60.758174896240234,60.896690368652344,109.38520812988281,96.74727630615234,99.81156921386719,268.2154846191406,195.50576782226562,132.06558227539062,4.358973979949951,52.32414627075195,16.150667190551758,173.0961456298828,33.93601989746094,55.28961181640625
2019-07-31,51.006591796875,93.33899688720703,24.421554565429688,205.42999267578125,250.5538330078125,91.4405288696289,60.338623046875,60.41070556640625,107.84481811523438,97.0904541015625,100.05029296875,262.5360412597656,192.7176513671875,128.2264404296875,4.191770076751709,51.24106979370117,16.107332229614258,169.7301788330078,33.42726135253906,54.56319046020508
2019-08-01,49.90285110473633,92.76599884033203,24.029951095581055,201.7100067138672,249.59024047851562,89.68021392822266,59.95824432373047,60.09233474731445,107.90277862548828,94.52925872802734,101.48287963867188,264.3584899902344,191.2293243408203,129.91078186035156,4.097360610961914,50.858821868896484,15.59000015258789,170.84579467773438,33.12441635131836,53.16901779174805
2019-08-02,48.84699249267578,91.16200256347656,23.456453323364258,202.6699981689453,247.70852661132812,89.67279052734375,59.2133674621582,59.3256721496582,108.54875946044922,94.5208969116211,103.23686218261719,259.8168029785156,187.5482177734375,128.8192138671875,4.004690170288086,50.822418212890625,15.62266731262207,169.1771240234375,33.13047790527344,52.648033142089844
2019-08-05,46.28996276855469,88.25650024414062,22.54103660583496,197.72999572753906,240.98170471191406,88.1947021484375,57.146827697753906,57.264217376708984,107.79510498046875,91.7086410522461,99.82991027832031,247.6576385498047,180.31497192382812,124.40605926513672,3.746307373046875,48.92929458618164,15.221332550048828,161.01480102539062,32.04631805419922,51.569400787353516
2019-08-06,47.166255950927734,89.3915023803711,22.43828582763672,200.5500030517578,244.80874633789062,88.67005920410156,58.021148681640625,58.07401657104492,108.30030822753906,92.42842102050781,102.30016326904297,255.2173614501953,183.0733184814453,126.73965454101562,3.785064220428467,49.11134338378906,15.383333206176758,164.4666748046875,32.48543167114258,52.068355560302734
2019-08-07,47.65467071533203,89.66999816894531,22.742305755615234,198.2100067138672,249.3447723388672,88.46209716796875,58.22150421142578,58.313541412353516,107.83654022216797,90.4196548461914,102.04305267333984,259.6818542480469,183.70835876464844,127.29486083984375,3.8233253955841064,48.54704284667969,15.561332702636719,167.17466735839844,32.76707458496094,51.73082733154297
2019-08-08,48.70573806762695,91.64450073242188,22.820621490478516,200.52000427246094,249.79930114746094,91.5296859741211,59.74946212768555,59.81513214111328,109.05391693115234,91.95135498046875,104.66024780273438,268.0997314453125,188.67935180664062,130.69174194335938,3.9318957328796387,49.73933792114258,15.886667251586914,171.54188537597656,33.0257453918457,53.11032485961914
2019-08-09,48.30438995361328,90.37899780273438,23.22064208984375,199.0500030517578,249.0175323486328,90.92803955078125,58.91680145263672,58.95771026611328,109.35208892822266,91.85089874267578,104.47659301757812,265.12017822265625,186.38734436035156,129.58143615722656,3.8305304050445557,49.05672073364258,15.667332649230957,170.7313995361328,32.64837646484375,51.980308532714844
2019-08-12,48.18182373046875,89.24600219726562,23.213064193725586,197.17999267578125,246.6268310546875,90.28184509277344,58.2572135925293,58.243614196777344,109.26097869873047,90.12672424316406,104.32046508789062,260.3471374511719,183.9266357421875,127.77473449707031,3.762704610824585,48.46513366699219,15.267333030700684,168.14727783203125,32.021461486816406,51.727718353271484
2019-08-13,50.222232818603516,91.21700286865234,23.89183807373047,198.77999877929688,251.12644958496094,90.90575408935547,59.37602615356445,59.34600830078125,110.49496459960938,91.51610565185547,106.24891662597656,264.7151794433594,186.98263549804688,130.4188995361328,3.8769888877868652,49.120445251464844,15.666666984558105,170.3118438720703,32.687950134277344,52.36660385131836
2019-08-14,48.72736740112305,88.14800262451172,22.869470596313477,195.80999755859375,243.75428771972656,87.45195007324219,57.740455627441406,57.735321044921875,107.87792205810547,87.7162094116211,101.8486557006836,257.5989685058594,178.31069946289062,126.49137878417969,3.728419303894043,47.618709564208984,14.641332626342773,165.44876098632812,32.31971740722656,50.25680160522461
2019-08-15,48.48463439941406,88.80599975585938,22.623558044433594,198.30999755859375,246.81773376464844,86.86516571044922,57.88774108886719,57.98673629760742,108.10980987548828,88.05098724365234,101.79320526123047,262.1695556640625,181.1682891845703,126.20816040039062,3.6961214542388916,47.86444091796875,14.37600040435791,168.32308959960938,34.294803619384766,49.95964431762695
2019-08-16,49.62861251831055,89.62850189208984,23.056421279907227,199.72000122070312,249.16297912597656,86.90267944335938,58.40053939819336,58.47718811035156,108.78890991210938,90.16017150878906,102.06102752685547,264.5513000488281,182.2696533203125,128.52127075195312,3.9641947746276855,48.77458190917969,14.662667274475098,170.1947021484375,34.3860969543457,50.73967361450195
2019-08-19,50.55390167236328,90.80599975585938,23.477500915527344,200.94000244140625,250.53562927246094,88.02826690673828,59.434547424316406,59.52998733520508,109.52601623535156,90.9720687866211,103.91716003417969,268.128662109375,184.72042846679688,130.67379760742188,4.242950916290283,49.0294189453125,15.121999740600586,171.6366424560547,34.63564682006836,51.59400177001953
2019-08-20,50.55630874633789,90.06900024414062,23.61140251159668,198.14999389648438,248.13572692871094,87.14281463623047,58.65296173095703,58.69141387939453,108.15949249267578,89.81702423095703,102.51351165771484,267.1354675292969,182.37876892089844,129.5880584716797,4.170651435852051,48.21939468383789,15.057332992553711,171.15914916992188,34.10001754760742,51.2819938659668
2019-08-21,51.10426330566406,91.177001953125,24.21186065673828,199.24000549316406,250.5992431640625,88.45597076416016,59.077484130859375,59.090614318847656,108.92970275878906,90.06813049316406,102.92906951904297,271.927734375,182.12081909179688,131.03256225585938,4.254129409790039,48.45603561401367,14.722000122070312,172.7825164794922,34.09088897705078,51.794578552246094
2019-08-22,51.060997009277344,90.23300170898438,24.22196388244629,201.00999450683594,254.45346069335938,88.34344482421875,58.9921760559082,59.08763885498047,108.7143783569336,90.9971694946289,103.0676040649414,270.7320556640625,180.62255859375,130.0789794921875,4.260340213775635,48.41053009033203,14.8100004196167,171.97084045410156,34.05741882324219,51.68315505981445
2019-08-23,48.70093536376953,87.48100280761719,22.917470932006836,197.16000366210938,249.08114624023438,86.4299545288086,57.09574890136719,57.20619201660156,105.78266143798828,88.7373275756836,101.12834167480469,262.1695556640625,176.365966796875,125.93436431884766,4.0357465744018555,46.945194244384766,14.09333324432373,167.32994079589844,33.728755950927734,50.13792037963867
2019-08-26,49.626216888427734,88.44349670410156,23.34612464904785,200.1999969482422,253.12632751464844,86.85016632080078,57.96857833862305,58.078975677490234,106.63373565673828,89.44876098632812,103.224609375,266.5473327636719,178.95567321777344,127.87921142578125,4.11052942276001,47.44577407836914,14.333333015441895,169.58355712890625,34.08177185058594,50.405372619628906
2019-08-27,49.06623458862305,88.09149932861328,23.207168579101562,198.35000610351562,265.7799072265625,86.9177017211914,57.91650390625,58.061126708984375,108.16898345947266,88.50296020507812,102.25495147705078,266.74981689453125,179.88832092285156,128.15301513671875,4.019845008850098,47.68241882324219,14.272000312805176,170.33795166015625,34.21262741088867,49.91506576538086
2019-08-28,49.3954963684082,88.2125015258789,23.248437881469727,200.4499969482422,267.6979675292969,87.66807556152344,58.074214935302734,58.206424713134766,107.36796569824219,89.39019012451172,102.47657775878906,268.2925720214844,180.34474182128906,127.9830551147461,4.009400844573975,47.28195571899414,14.37266731262207,170.61485290527344,34.303924560546875,50.279075622558594
2019-08-29,50.23184585571289,89.31999969482422,23.864049911499023,203.1999969482422,270.18511962890625,88.18585205078125,59.156829833984375,59.222530364990234,107.0008544921875,91.41566467285156,103.65861511230469,271.3203430175781,184.1251220703125,130.3999786376953,4.153143405914307,47.473079681396484,14.780667304992676,173.00213623046875,34.71781921386719,50.83625411987305
2019-08-30,50.16696548461914,88.81449890136719,23.802570343017578,203.41000366210938,268.53607177734375,88.33592987060547,58.92125701904297,59.038551330566406,107.10098266601562,91.95135498046875,104.32351684570312,271.3106994628906,184.22430419921875,130.15452575683594,4.165827751159668,47.3820686340332,15.040666580200195,172.66795349121094,34.77259826660156,50.87339782714844
2019-09-03,49.436344146728516,89.49199676513672,23.079166412353516,200.89999389648438,266.0671691894531,87.24787139892578,57.943782806396484,57.99814224243164,107.41805267333984,90.8632583618164,105.23773193359375,270.0957336425781,180.9698486328125,128.436279296875,4.082765102386475,47.22733688354492,15.000666618347168,171.1209716796875,34.888240814208984,50.932830810546875
2019-09-04,50.27511978149414,90.03099822998047,23.834571838378906,202.19000244140625,269.7751159667969,87.98326873779297,58.58948516845703,58.62893295288086,107.51818084716797,91.959716796875,104.58208465576172,275.87158203125,185.682861328125,129.9373779296875,4.196915149688721,48.210296630859375,14.711999893188477,173.57510375976562,35.27473449707031,51.47514343261719
2019-09-05,51.25807189941406,92.03600311279297,24.5082950592041,204.24000549316406,270.5494384765625,88.27589416503906,60.07577896118164,60.112674713134766,107.2845230102539,94.05216979980469,105.82874298095703,281.6376953125,189.41355895996094,132.22210693359375,4.469976902008057,49.00212097167969,15.305333137512207,176.40164184570312,35.1317024230957,52.203182220458984
2019-09-06,51.253257751464844,91.67549896240234,24.583250045776367,204.72999572753906,276.7353820800781,88.74115753173828,59.75590896606445,59.82157516479492,106.97582244873047,94.25306701660156,105.32086944580078,280.9627380371094,186.03013610839844,131.32525634765625,4.442868232727051,48.383216857910156,15.16333293914795,177.3661346435547,34.9156379699707,52.6934814453125
2019-09-09,51.471954345703125,91.56749725341797,24.64219856262207,206.6199951171875,272.3988342285156,89.58909606933594,59.73012161254883,59.76950454711914,105.92450714111328,96.58824920654297,102.56893920898438,273.2294921875,187.2902374267578,129.8335723876953,4.488876819610596,49.639217376708984,15.452667236328125,173.36500549316406,35.40256118774414,53.1094970703125
2019-09-10,52.08000946044922,91.02749633789062,24.796306610107422,208.30999755859375,270.57684326171875,91.43504333496094,59.80896759033203,59.79083251953125,108.09388732910156,97.81861114501953,102.59663391113281,262.5938415527344,184.72042846679688,128.47398376464844,4.555526256561279,50.485660552978516,15.702667236328125,168.39947509765625,35.31734848022461,53.54038619995117
2019-09-11,53.73588943481445,91.14949798583984,25.096960067749023,210.91000366210938,264.8281555175781,91.00732421875,60.511695861816406,60.49996566772461,109.4455795288086,98.0864486694336,103.1414566040039,260.29888916015625,187.02235412597656,128.5117645263672,4.5841264724731445,51.23196029663086,16.47333335876465,167.0911865234375,35.30821228027344,53.43638229370117
2019-09-12,53.61572265625,92.17749786376953,25.313385009765625,211.3699951171875,264.099365234375,91.11238861083984,61.2099723815918,61.24233627319336,108.82813262939453,98.68909454345703,102.93830108642578,266.51837158203125,186.0102996826172,129.8335723876953,4.5826334953308105,49.04762649536133,16.391332626342773,169.9559783935547,35.58210754394531,53.47353744506836
2019-09-13,52.57268142700195,91.96700286865234,24.449342727661133,213.61000061035156,265.9305419921875,91.17240905761719,61.47330856323242,61.49325942993164,109.12018585205078,100.63090515136719,102.40271759033203,266.4412536621094,185.73245239257812,129.64471435546875,4.52468729019165,48.92021560668945,16.34666633605957,169.27798461914062,35.73731994628906,53.96384048461914
2019-09-16,52.84906768798828,90.39199829101562,24.309541702270508,210.3300018310547,263.0060729980469,93.138427734375,61.06367111206055,61.07670211791992,108.08554077148438,99.73532104492188,101.70085906982422,264.28125,184.77003479003906,128.71002197265625,4.481666088104248,48.365020751953125,16.187332153320312,168.17031860351562,35.171260833740234,54.773590087890625
2019-09-17,53.04132843017578,91.12750244140625,24.32386016845703,210.14999389648438,265.484130859375,92.96585845947266,60.9570426940918,60.98992156982422,108.19402313232422,99.24149322509766,102.6151123046875,266.373779296875,186.6155548095703,129.7107696533203,4.503050804138184,48.11927032470703,16.319332122802734,168.49493408203125,35.45733642578125,54.357574462890625
2019-09-18,53.5388298034668,90.87300109863281,24.232070922851562,210.89999389648438,266.4133605957031,93.18345642089844,61.11872100830078,61.127288818359375,108.81145477294922,100.23751068115234,104.09264373779297,265.26483154296875,186.67507934570312,130.77764892578125,4.475944995880127,47.8371467590332,16.232667922973633,167.38729858398438,35.6551513671875,54.09756851196289
2019-09-19,53.10382080078125,91.07499694824219,24.476293563842773,209.22000122070312,262.2226867675781,92.79325866699219,61.431156158447266,61.429779052734375,108.56112670898438,99.91946411132812,105.5978775024414,266.0458984375,188.65948486328125,133.1851348876953,4.40034294128418,48.57434844970703,16.440000534057617,168.02706909179688,35.63993453979492,53.73353958129883
2019-09-20,52.327552795410156,89.70800018310547,24.159282684326172,208.1199951171875,260.8834228515625,93.28852844238281,60.995723724365234,60.98793029785156,109.8460922241211,99.51770782470703,107.26935577392578,261.4753723144531,188.4511260986328,131.64625549316406,4.294650077819824,48.66537094116211,16.041332244873047,166.21270751953125,35.60036087036133,53.54780960083008
2019-09-23,52.56547927856445,89.26499938964844,24.261266708374023,207.9600067138672,261.98583984375,93.72374725341797,61.19906234741211,61.228450775146484,109.92118835449219,99.50096130371094,105.44090270996094,263.384521484375,185.3653564453125,131.36302185058594,4.348118305206299,49.165950775146484,16.082000732421875,167.0244140625,35.79514694213867,53.584964752197266
2019-09-24,52.315528869628906,87.08049774169922,23.99355125427246,206.39999389648438,262.2955322265625,92.85328674316406,60.441776275634766,60.41715621948242,109.76263427734375,98.2036361694336,104.58208465576172,261.4270935058594,179.86846923828125,129.70138549804688,4.290669918060303,48.5561408996582,14.880666732788086,166.61378479003906,36.03252410888672,52.84949493408203
2019-09-25,53.12064743041992,88.41649627685547,23.437713623046875,208.11000061035156,262.8421325683594,92.6806869506836,61.818477630615234,61.786338806152344,109.29540252685547,98.76443481445312,102.86443328857422,262.9988098144531,181.37664794921875,131.57069396972656,4.432424545288086,49.00212097167969,15.24666690826416,167.3777313232422,36.05382537841797,53.005516052246094
2019-09-26,52.84666442871094,86.99199676513672,23.53460121154785,206.89999389648438,262.61431884765625,90.16690063476562,61.564064025878906,61.60532760620117,107.50984954833984,97.95252990722656,103.26152801513672,264.0980529785156,178.70762634277344,131.74063110351562,4.410290718078613,49.11134338378906,16.17066764831543,167.73101806640625,36.0020866394043,52.723201751708984
2019-09-27,52.589515686035156,86.27249908447266,23.299177169799805,207.4499969482422,260.5098876953125,88.99628448486328,60.75570297241211,60.7950325012207,107.30123901367188,98.53006744384766,103.76942443847656,259.50823974609375,175.72103881835938,130.0318145751953,4.271521091461182,49.22966003417969,16.142000198364258,166.15548706054688,36.047733306884766,53.10207748413086
2019-09-30,53.827232360839844,86.79550170898438,23.463211059570312,208.02000427246094,262.4776916503906,88.99628448486328,60.453678131103516,60.556495666503906,107.95204162597656,98.50494384765625,103.270751953125,261.8609619140625,176.6934051513672,131.2591094970703,4.3289690017700195,50.0851936340332,16.058000564575195,164.25509643554688,36.11772537231445,52.45576858520508
2019-10-01,53.97622299194336,86.78250122070312,23.35952377319336,206.7100067138672,258.6695861816406,87.05276489257812,59.764339447021484,59.80570602416992,108.46102142333984,96.71380615234375,102.46736145019531,261.2536315917969,174.44110107421875,129.40872192382812,4.3272271156311035,48.96571350097656,16.312667846679688,166.43235778808594,35.86512756347656,51.22256088256836
2019-10-02,52.62314987182617,85.6614990234375,22.953269958496094,203.10000610351562,259.74456787109375,84.26131439208984,58.35243225097656,58.41321563720703,110.13810729980469,94.78874206542969,98.8104248046875,255.02447509765625,173.24049377441406,127.12394714355469,4.303351879119873,48.37413024902344,16.208667755126953,162.17340087890625,35.338653564453125,49.885345458984375
2019-10-03,53.070186614990234,86.22100067138672,23.323827743530273,204.97999572753906,263.2885437011719,84.90664672851562,58.907867431640625,58.9839973449707,109.46226501464844,94.65373992919922,99.07825469970703,258.6983337402344,177.9832763671875,128.66281127929688,4.5090227127075195,49.020328521728516,15.535332679748535,165.0763702392578,35.39646530151367,50.50194549560547
2019-10-04,54.557823181152344,86.98249816894531,23.91875648498535,208.0800018310547,265.7210388183594,85.43192291259766,59.9577522277832,60.05167007446289,111.5232162475586,96.70391082763672,99.91859436035156,264.26202392578125,179.04495239257812,130.3999786376953,4.525434494018555,50.185306549072266,15.428667068481445,168.046142578125,35.959476470947266,51.23741912841797
2019-10-07,54.56984329223633,86.63300323486328,23.46405792236328,207.24000549316406,267.30615234375,84.98919677734375,59.89228439331055,59.91728591918945,111.10599517822266,96.49300384521484,99.57691955566406,262.4589538574219,178.2809600830078,129.4558868408203,4.5841264724731445,49.8758544921875,15.847999572753906,167.01487731933594,35.67645263671875,50.53166580200195
2019-10-08,53.93056106567383,85.27549743652344,22.975364685058594,204.08999633789062,265.9215087890625,83.82609558105469,58.97234344482422,59.018707275390625,110.00460815429688,94.34156036376953,98.98587799072266,257.83447265625,176.365966796875,128.08694458007812,4.407554626464844,49.1932487487793,16.003332138061523,164.64662170410156,35.78296661376953,49.55104446411133
2019-10-09,54.5626220703125,86.09950256347656,23.215038299560547,206.69000244140625,270.4857177734375,84.8991470336914,59.6259765625,59.62718200683594,107.81855010986328,95.02496337890625,99.08747863769531,262.8257141113281,178.44964599609375,130.5133056640625,4.4940996170043945,49.851470947265625,16.302000045776367,166.9957275390625,36.193817138671875,50.10078811645508
2019-10-10,55.29804611206055,86.01300048828125,23.32552719116211,206.86000061035156,270.7043762207031,85.98719787597656,59.941375732421875,59.977787017822266,107.68504333496094,96.35798645019531,98.73654174804688,264.3607177734375,178.6282196044922,131.32525634765625,4.551795959472656,50.7291259765625,16.31599998474121,166.9957275390625,36.40074920654297,50.70253372192383
2019-10-11,56.768890380859375,86.59600067138672,23.874563217163086,208.0800018310547,271.1234436035156,87.1578140258789,60.277626037597656,60.28722381591797,109.5791015625,97.98631286621094,100.06635284423828,266.368896484375,182.75579833984375,131.87281799316406,4.62540864944458,52.008975982666016,16.525999069213867,169.0774383544922,36.59248352050781,51.244850158691406
2019-10-14,56.68717956542969,86.82150268554688,23.938302993774414,207.91000366210938,271.05059814453125,87.18033599853516,60.36143112182617,60.38937759399414,109.07010650634766,98.24784851074219,99.64156341552734,266.8226318359375,181.85292053222656,131.7500457763672,4.638836860656738,51.61588668823242,17.130666732788086,169.36395263671875,36.266849517822266,51.39341735839844
2019-10-15,56.55500411987305,88.36900329589844,24.674314498901367,209.3800048828125,271.8431701660156,87.27787017822266,61.644405364990234,61.60285186767578,110.83899688720703,101.20924377441406,101.30378723144531,268.92718505859375,187.4192352294922,133.65716552734375,4.883550643920898,51.51531982421875,17.19266700744629,170.6912841796875,36.376407623291016,51.57170486450195
2019-10-16,56.326663970947266,88.87149810791016,24.51793670654297,209.2899932861328,272.19842529296875,86.37738800048828,61.6756477355957,61.640541076660156,112.7831039428711,100.97300720214844,99.68771362304688,268.6471862792969,188.07408142089844,132.56202697753906,4.829833507537842,51.08565902709961,17.316667556762695,169.85092163085938,36.34293746948242,50.68767547607422
2019-10-17,56.54537582397461,89.3740005493164,24.598676681518555,208.6199951171875,275.496337890625,86.5574951171875,62.143306732177734,62.126522064208984,113.61747741699219,101.53825378417969,100.15869903564453,266.9481201171875,188.90756225585938,131.8822479248047,4.831822395324707,50.33600997924805,17.46466636657715,169.91778564453125,36.47075271606445,50.62082290649414
2019-10-18,56.816951751708984,87.87550354003906,24.369205474853516,208.75999450683594,275.9154968261719,86.09976959228516,61.76739501953125,61.71046447753906,106.55029296875,101.71543884277344,100.3249282836914,261.2713928222656,184.40289306640625,129.72970581054688,4.737319469451904,49.869754791259766,17.1299991607666,167.78836059570312,36.25771713256836,50.22707748413086
2019-10-21,57.80232238769531,89.28299713134766,24.610576629638672,211.49000549316406,274.2938537597656,87.50300598144531,61.80012130737305,61.70402145385742,106.8172836303711,104.23808288574219,99.65079498291016,264.81451416015625,188.2824249267578,130.6926727294922,4.874598026275635,50.40000534057617,16.899999618530273,168.47584533691406,36.4403190612793,51.06655502319336
2019-10-22,57.670135498046875,88.2864990234375,24.431249618530273,210.6199951171875,273.282470703125,88.39595031738281,61.63398742675781,61.55128479003906,107.80184936523438,105.28425598144531,101.43305206298828,252.2254180908203,180.92019653320312,128.74781799316406,4.864650726318359,49.46751022338867,17.038667678833008,163.15699768066406,36.39162826538086,51.32655334472656
2019-10-23,58.44399642944336,88.1084976196289,23.824420928955078,210.9600067138672,270.8683166503906,88.5310287475586,62.44384002685547,62.36604690551758,108.38594818115234,105.56267547607422,99.17982482910156,251.8295440673828,184.70057678222656,129.56919860839844,4.851717472076416,49.48579025268555,16.978666305541992,163.59620666503906,36.321632385253906,51.81687545776367
2019-10-24,58.54013442993164,89.03900146484375,23.99355125427246,210.25999450683594,270.62237548828125,88.23087310791016,62.53607940673828,62.43943786621094,106.38341522216797,105.48674774169922,99.58613586425781,259.4563903808594,184.9287872314453,132.11825561523438,4.895735740661621,49.60462951660156,19.978666305541992,168.218017578125,36.245548248291016,51.32655334472656
2019-10-25,59.26113510131836,88.06649780273438,24.631824493408203,211.8000030517578,270.1213073730469,89.04882049560547,62.741397857666016,62.69681930541992,107.0926284790039,106.33043670654297,101.76551818847656,260.8466491699219,186.42703247070312,132.86412048339844,5.08673095703125,49.52235794067383,21.875333786010742,169.83184814453125,36.22727966308594,51.44542694091797
2019-10-28,59.854759216308594,88.85399627685547,24.778858184814453,212.86000061035156,272.34423828125,88.90623474121094,63.974769592285156,63.92068862915039,107.78517150878906,106.73539733886719,104.34197998046875,266.3882141113281,187.92523193359375,136.13072204589844,5.142686367034912,49.95203399658203,21.847333908081055,171.7321319580078,36.28207015991211,50.99224853515625
2019-10-29,58.47043228149414,88.135498046875,24.490739822387695,213.00999450683594,269.53826904296875,88.64358520507812,62.616920471191406,62.51630401611328,107.73509979248047,106.66791534423828,103.12301635742188,264.8048400878906,187.8359375,134.84674072265625,5.04644250869751,50.098304748535156,21.08133316040039,169.6217803955078,35.652103424072266,50.84368133544922
2019-10-30,58.463226318359375,88.99949645996094,24.667522430419922,213.25,273.16412353515625,87.31541442871094,62.550960540771484,62.518287658691406,110.83899688720703,106.07732391357422,104.09264373779297,267.5659484863281,186.78421020507812,136.52728271484375,5.048433303833008,50.14401626586914,21.000667572021484,171.1687469482422,35.94121551513672,50.30879211425781
2019-10-31,59.785057067871094,88.83300018310547,24.889341354370117,212.5800018310547,271.26507568359375,87.15032196044922,62.49244689941406,62.424068450927734,110.17149353027344,105.39392852783203,105.22850799560547,267.2376708984375,190.15773010253906,135.3565673828125,4.999190807342529,49.814910888671875,20.994667053222656,170.79629516601562,35.685577392578125,50.19735336303711
2019-11-01,61.481815338134766,89.5719985961914,25.207204818725586,215.8300018310547,270.3338317871094,87.20285034179688,63.168392181396484,63.09105682373047,109.47061920166016,107.82376098632812,103.89871978759766,269.4002380371094,192.1123809814453,135.68701171875,5.038236141204834,50.281158447265625,20.887332916259766,172.7729949951172,35.79514694213867,51.705440521240234
2019-11-04,61.88555908203125,90.23300170898438,25.92197608947754,217.97999572753906,271.0002746582031,91.22494506835938,64.04271697998047,63.951942443847656,108.66124725341797,108.68435668945312,104.45278930664062,266.774169921875,193.20384216308594,136.47061157226562,5.234951972961426,50.692535400390625,21.1646671295166,170.8822479248047,35.77992248535156,53.243228912353516
2019-11-05,61.796653747558594,90.08550262451172,26.690282821655273,220.8800048828125,273.1550598144531,91.50259399414062,64.075439453125,64.04269409179688,108.81978607177734,108.9205551147461,102.73514556884766,259.69775390625,192.80697631835938,136.38565063476562,5.212818145751953,50.8936653137207,21.148000717163086,168.41854858398438,36.172515869140625,54.29814147949219
2019-11-06,61.823081970214844,89.78849792480469,26.61549186706543,222.0,275.337158203125,89.9718017578125,64.06403350830078,64.0213623046875,109.27037811279297,109.08927917480469,105.10845184326172,260.5281066894531,190.05850219726562,136.0080108642578,5.163578033447266,50.92110061645508,21.77199935913086,168.80050659179688,36.36727523803711,53.1094970703125
2019-11-07,62.53660583496094,89.41000366210938,26.49480628967285,222.74000549316406,278.6604919433594,91.4650650024414,64.91008758544922,64.81133270263672,109.66251373291016,109.67988586425781,104.1388168334961,263.3566589355469,188.93731689453125,136.19680786132812,5.181234359741211,51.177059173583984,22.369333267211914,170.38572692871094,36.58945083618164,54.23870849609375
2019-11-08,62.70775604248047,89.29399871826172,26.636737823486328,221.30999755859375,276.2957763671875,90.74469757080078,65.0345687866211,64.91348266601562,110.9725112915039,110.00049591064453,104.84065246582031,265.3841247558594,189.35406494140625,137.80184936523438,5.167307376861572,51.64331817626953,22.47599983215332,170.90139770507812,36.34901809692383,53.20866775512695
2019-11-11,63.204315185546875,88.5824966430664,26.580646514892578,220.85000610351562,274.6705627441406,90.6546401977539,64.43053436279297,64.38188934326172,110.1214370727539,109.61238098144531,104.16649627685547,267.42108154296875,188.1336212158203,137.94342041015625,5.177255630493164,51.588462829589844,23.006000518798828,171.44564819335938,36.22727966308594,52.88536834716797
2019-11-12,63.14645004272461,88.9000015258789,26.816923141479492,220.88999938964844,274.3602294921875,90.76719665527344,64.41118621826172,64.32881927490234,109.59577941894531,108.97118377685547,104.5082015991211,267.5562438964844,192.9557647705078,138.84974670410156,5.212818145751953,51.73473358154297,23.32866668701172,171.6366424560547,36.25163269042969,52.15606689453125
2019-11-13,63.751502990722656,87.65550231933594,26.65884017944336,219.77000427246094,276.5514221191406,91.75772857666016,64.37151336669922,64.2777328491211,109.52902221679688,108.39747619628906,104.15727233886719,268.4542236328125,191.6857452392578,139.07640075683594,5.186953544616699,51.3873405456543,23.073999404907227,171.3214874267578,36.81768035888672,51.72751998901367
2019-11-14,63.31037521362305,87.7300033569336,26.259380340576172,219.36000061035156,278.0944519042969,91.5176010131836,65.03901672363281,64.9209213256836,109.27037811279297,108.49872589111328,103.45606231689453,269.9601745605469,191.6460723876953,139.78440856933594,5.217294692993164,51.27762985229492,23.290000915527344,171.9336700439453,36.71725845336914,51.50196075439453
2019-11-15,64.06246185302734,86.97450256347656,26.5942440032959,219.74000549316406,277.2452697753906,91.41908264160156,66.19999694824219,66.13043212890625,112.59120178222656,109.28335571289062,105.12784576416016,271.0704040527344,193.5808868408203,141.58767700195312,5.078027725219727,51.57931900024414,23.47800064086914,171.9527587890625,36.17555618286133,52.02073669433594
2019-11-18,64.38548278808594,87.62650299072266,26.437862396240234,219.35000610351562,278.0487060546875,89.83531951904297,65.49728393554688,65.45104217529297,112.49940490722656,110.20299530029297,105.9451675415039,271.1476135253906,195.8629608154297,141.93695068359375,5.279218673706055,51.36905288696289,23.332666397094727,171.8476104736328,36.59552001953125,51.516998291015625
2019-11-19,64.19022369384766,87.6395034790039,27.0013427734375,219.02999877929688,275.9488830566406,88.24396514892578,65.23741149902344,65.09152221679688,112.4910659790039,110.16923522949219,106.90181732177734,275.44378662109375,197.7680206298828,141.98419189453125,5.172529697418213,51.44218826293945,23.968000411987305,174.82235717773438,36.4859619140625,50.99068832397461
2019-11-20,63.442962646484375,87.27649688720703,26.488855361938477,217.47999572753906,274.42413330078125,88.91838073730469,64.62195587158203,64.55941772460938,113.42559814453125,109.36770629882812,106.44671630859375,275.5113525390625,195.97210693359375,141.7379150390625,5.2518630027771,51.414764404296875,23.481332778930664,173.76063537597656,36.25468444824219,51.148597717285156
2019-11-21,63.15851974487305,86.7354965209961,26.793119430541992,216.6300048828125,274.1501770019531,90.00202178955078,64.53765106201172,64.47412872314453,113.84274291992188,109.62078857421875,106.57674407958984,274.6135559082031,196.38885498046875,141.60525512695312,5.226992130279541,51.40562057495117,23.655332565307617,172.0675506591797,36.476829528808594,52.381629943847656
2019-11-22,63.10306930541992,87.28600311279297,26.76507568359375,217.9600067138672,273.27374267578125,89.89595031738281,64.23958587646484,64.15326690673828,115.20284271240234,110.34639739990234,107.9234390258789,272.79852294921875,197.2719268798828,141.70944213867188,5.244650363922119,51.55189895629883,22.202667236328125,171.6658477783203,36.324676513671875,52.15606689453125
2019-11-25,64.20950317382812,88.69200134277344,27.16452980041504,219.05999755859375,273.03631591796875,89.70647430419922,64.80247497558594,64.74687194824219,115.25321960449219,110.9369888305664,109.10298919677734,277.6642150878906,198.23434448242188,143.2630615234375,5.501298904418945,51.70731735229492,22.422666549682617,173.10064697265625,36.190765380859375,51.810218811035156
2019-11-26,63.70811080932617,89.84700012207031,26.879810333251953,218.89999389648438,275.0357971191406,89.2593994140625,65.14268493652344,65.11185455322266,115.24482727050781,111.08885192871094,108.75005340576172,279.373046875,197.4207763671875,144.02093505859375,5.39660120010376,51.66160583496094,21.92799949645996,174.6118621826172,36.27293395996094,51.68240737915039
2019-11-27,64.5638656616211,90.92549896240234,27.064239501953125,220.5,274.5975341796875,89.47156524658203,65.11490631103516,65.0687026977539,115.73211669921875,111.41790008544922,109.07513427734375,281.6128234863281,200.42715454101562,144.295654296875,5.4314422607421875,51.753021240234375,22.086000442504883,176.35276794433594,36.14206314086914,51.65232467651367
2019-11-29,64.42163848876953,90.04000091552734,26.874711990356445,220.3000030517578,273.7301940917969,88.75926971435547,64.71669006347656,64.66999053955078,115.5136489868164,111.1647720336914,108.99154663085938,282.12445068359375,200.06996154785156,143.4051513671875,5.394112586975098,51.323341369628906,21.996000289916992,176.4866943359375,36.24250793457031,51.22377395629883
2019-12-02,63.6767692565918,89.08000183105469,26.40811538696289,220.3300018310547,271.52081298828125,88.50919342041016,63.9708137512207,63.91474533081055,115.4044418334961,110.92010498046875,108.42501068115234,276.5635986328125,198.1450653076172,141.67156982421875,5.207704544067383,50.67425537109375,22.32466697692871,173.88494873046875,36.30031967163086,51.441802978515625
2019-12-03,62.54142379760742,88.49800109863281,26.051162719726562,218.0800018310547,269.9504089355469,87.81961059570312,64.23663330078125,64.20633697509766,115.23641204833984,109.4942626953125,109.23303985595703,277.1622009277344,197.2719268798828,141.4442138671875,5.168133735656738,49.906333923339844,22.413333892822266,173.99014282226562,36.11467742919922,51.03581237792969
2019-12-04,63.093414306640625,88.03450012207031,26.3231258392334,218.39999389648438,270.72637939453125,88.61528015136719,65.48934173583984,65.40640258789062,117.10155487060547,111.65411376953125,110.21751403808594,276.9208679199219,197.1627960205078,141.95578002929688,5.211935043334961,49.74177169799805,22.20199966430664,172.74671936035156,36.12077331542969,51.6147346496582
2019-12-05,64.01908111572266,87.02400207519531,26.44805908203125,219.60000610351562,267.6038818359375,88.15301513671875,65.86573791503906,65.80412292480469,117.2528076171875,112.26160430908203,111.23918151855469,279.8267517089844,197.80770874023438,142.0315399169922,5.195012092590332,49.98860549926758,22.024667739868164,173.98062133789062,36.273616790771484,51.43429183959961
2019-12-06,65.25565338134766,87.58000183105469,26.861112594604492,222.61000061035156,269.2929382324219,89.42608642578125,66.48515319824219,66.4205322265625,117.9417495727539,113.93207550048828,111.1184310913086,280.3577880859375,199.4845428466797,143.7556610107422,5.280376434326172,50.12574005126953,22.392667770385742,174.2484588623047,36.61600112915039,52.26133346557617
2019-12-09,64.34208679199219,87.47550201416016,26.719179153442383,221.3800048828125,269.48468017578125,88.88807678222656,66.63096618652344,66.59906005859375,118.04254150390625,113.40057373046875,111.67571258544922,279.0640563964844,199.7722930908203,143.38619995117188,5.280376434326172,50.5645637512207,22.635332107543945,174.96585083007812,36.487606048583984,52.37411117553711
2019-12-10,64.7181396484375,86.96050262451172,26.7769775390625,221.25999450683594,270.05072021484375,89.3351821899414,66.68551635742188,66.59410095214844,117.61405944824219,113.47651672363281,112.0564956665039,278.6296691894531,199.30596923828125,143.16831970214844,5.325423240661621,51.03080368041992,23.256000518798828,174.3345184326172,36.420345306396484,51.92298889160156
2019-12-11,65.27014923095703,87.43599700927734,27.17302894592285,222.57000732421875,269.61260986328125,88.07725524902344,66.703369140625,66.66155242919922,118.44580841064453,113.20650482177734,112.17723846435547,280.0198669433594,200.68511962890625,143.70834350585938,5.409043788909912,51.478763580322266,23.51333236694336,174.09536743164062,36.377567291259766,51.84781265258789
2019-12-12,65.43647003173828,88.0165023803711,27.8597469329834,225.9199981689453,271.4750061035156,90.03231811523438,66.96372985839844,66.87181091308594,118.74827575683594,116.44629669189453,113.03169250488281,282.10516357421875,195.21800231933594,145.16722106933594,5.576537132263184,51.62502670288086,23.978666305541992,174.697998046875,36.60988235473633,52.88536834716797
2019-12-13,66.32596588134766,88.0469970703125,26.807571411132812,225.3699951171875,266.48077392578125,89.3882064819336,66.84272766113281,66.79145812988281,118.78192138671875,115.42543029785156,112.87380981445312,285.8509826660156,192.5985565185547,146.38922119140625,5.574545860290527,49.833194732666016,23.892667770385742,177.0892791748047,36.77190017700195,52.05081558227539
2019-12-16,67.4613265991211,88.46050262451172,27.462844848632812,226.85000610351562,267.9690856933594,90.44912719726562,67.50430297851562,67.47730255126953,119.1263656616211,115.87257385253906,114.09979248046875,286.69091796875,196.37890625,147.33656311035156,5.603415012359619,49.35780334472656,25.433332443237305,178.14144897460938,36.84831619262695,52.62974166870117
2019-12-17,67.59392547607422,89.53299713134766,27.51978302001953,227.0500030517578,269.8407897949219,89.87318420410156,67.20426177978516,67.18917846679688,120.61344909667969,116.5812759399414,116.40316009521484,285.7641296386719,196.84527587890625,146.5408172607422,5.681562423706055,48.30647659301758,25.266000747680664,177.4528045654297,37.07454299926758,52.3891487121582
2019-12-18,67.43240356445312,89.20149993896484,27.829151153564453,225.00999450683594,266.48077392578125,89.83531951904297,67.08026885986328,67.0414047241211,120.30257415771484,116.46315002441406,120.257568359375,284.547607421875,200.9232635498047,146.23764038085938,5.711924076080322,48.80928421020508,26.209999084472656,176.8597412109375,36.64044952392578,52.53199768066406
2019-12-19,67.4998779296875,89.61399841308594,27.545284271240234,225.2100067138672,268.1607666015625,89.51703643798828,67.24988555908203,67.26605224609375,122.11736297607422,115.88101959228516,121.53002166748047,287.24114990234375,204.45553588867188,147.50711059570312,5.8600053787231445,48.67215347290039,26.93600082397461,178.4284210205078,36.707706451416016,52.17110824584961
2019-12-20,67.36007690429688,89.32499694824219,27.386465072631836,226.30999755859375,269.1834716796875,90.69160461425781,66.93000793457031,67.00719451904297,122.7138442993164,115.78822326660156,122.99742889404297,288.2452697753906,204.6936798095703,149.11752319335938,5.957314968109131,49.00127029418945,27.03933334350586,179.82496643066406,36.77190017700195,52.584625244140625
2019-12-23,68.45927429199219,89.6500015258789,27.43195915222168,225.47999572753906,267.795654296875,91.18415832519531,66.89280700683594,66.97793579101562,123.0331039428711,115.75444793701172,121.80862426757812,286.99017333984375,204.57460021972656,149.11752319335938,5.94362735748291,49.10182189941406,27.947999954223633,178.9449462890625,36.38672637939453,52.847782135009766
2019-12-24,68.52436828613281,89.46050262451172,27.515233993530273,225.47000122070312,268.6356506347656,91.19172668457031,66.63096618652344,66.67046356201172,122.60458374023438,116.0750503540039,121.77147674560547,287.19293212890625,203.52285766601562,149.08908081054688,5.938650131225586,48.85498809814453,28.350000381469727,179.4136505126953,36.5334587097168,52.64478302001953
2019-12-26,69.8839111328125,93.4384994506836,27.298892974853516,226.4499969482422,270.00506591796875,91.38875579833984,67.46611022949219,67.56507110595703,122.52059936523438,117.30682373046875,121.7993392944336,288.8533935546875,206.17205810546875,150.31112670898438,5.952834129333496,48.97384262084961,28.729333877563477,180.93447875976562,36.53651809692383,52.727474212646484
2019-12-27,69.85738372802734,93.48999786376953,27.174407958984375,226.13999938964844,268.5260314941406,91.16143798828125,67.04408264160156,67.1767807006836,122.45337677001953,117.39122772216797,122.15226745605469,290.34014892578125,206.47964477539062,150.58583068847656,5.8950958251953125,48.87327575683594,28.691999435424805,181.15451049804688,36.55791473388672,52.54704284667969
2019-12-30,70.27198791503906,92.34449768066406,26.910850524902344,225.75999450683594,269.4664611816406,90.82042694091797,66.26297760009766,66.43640899658203,122.07532501220703,116.96095275878906,121.94794464111328,287.4246520996094,202.81837463378906,149.2880096435547,5.781858444213867,48.17848587036133,27.64666748046875,179.66232299804688,36.49983215332031,52.23877716064453
2019-12-31,70.78545379638672,92.39199829101562,27.130624771118164,226.5,268.3525390625,91.3205795288086,66.3066177368164,66.4205322265625,122.55420684814453,117.61054992675781,122.06864929199219,288.2646179199219,203.65185546875,149.3922576904297,5.856022357940674,48.4344596862793,27.8886661529541,179.72926330566406,36.328636169433594,52.464332580566406
2020-01-02,72.40050506591797,94.90049743652344,27.677494049072266,228.38999938964844,266.1339416503906,92.01773834228516,67.811767578125,67.87303161621094,122.63821411132812,119.03641510009766,122.7931137084961,292.89849853515625,208.14657592773438,152.15838623046875,5.9707536697387695,49.321231842041016,28.68400001525879,182.80926513671875,36.359214782714844,53.306400299072266
2020-01-03,71.6966323852539,93.74849700927734,26.9735164642334,226.17999267578125,266.3530578613281,91.699462890625,67.47899627685547,67.51795196533203,121.21835327148438,117.46556854248047,122.3844985961914,290.04083251953125,207.0452117919922,150.2637481689453,5.875186920166016,49.147525787353516,29.534000396728516,181.35536193847656,36.03823471069336,52.87784957885742
2020-01-06,72.26792907714844,95.14399719238281,26.933164596557617,226.99000549316406,266.4261474609375,91.38875579833984,69.14283752441406,69.31758880615234,121.06713104248047,117.37213897705078,122.83953094482422,290.8132019042969,210.9446258544922,150.6521453857422,5.899824142456055,49.403526306152344,30.1026668548584,180.96319580078125,35.964874267578125,53.28386306762695
2020-01-07,71.92805480957031,95.34300231933594,26.840444564819336,225.9199981689453,266.00616455078125,90.22175598144531,69.09968566894531,69.18370056152344,121.80645751953125,115.37677764892578,123.07173919677734,289.8285217285156,211.4010467529297,149.27857971191406,5.971252918243408,49.51323318481445,31.270666122436523,180.4849090576172,35.63166427612305,52.847782135009766
2020-01-08,73.08511352539062,94.59850311279297,26.50562858581543,225.99000549316406,269.0555419921875,89.19119262695312,69.64421844482422,69.6761245727539,121.78964233398438,116.27680206298828,124.18628692626953,294.9424133300781,213.54421997070312,151.65631103515625,5.982452392578125,49.7060546875,32.80933380126953,183.57447814941406,35.509376525878906,52.05081558227539
2020-01-09,74.63750457763672,95.05249786376953,26.292720794677734,228.64999389648438,273.3741149902344,89.04720306396484,70.41340637207031,70.40757751464844,122.15095520019531,116.70137023925781,126.2388687133789,298.8091735839844,216.60023498535156,153.55093383789062,6.048154830932617,49.935630798339844,32.089332580566406,184.8466796875,35.87621307373047,52.44929122924805
2020-01-10,74.80624389648438,94.15799713134766,25.688331604003906,226.6199951171875,271.3837585449219,88.23638153076172,70.90438079833984,70.8623275756836,121.87368774414062,115.5381088256836,128.1707000732422,300.810302734375,216.36209106445312,152.84046936035156,6.080507278442383,49.999908447265625,31.876667022705078,185.3440399169922,35.57663345336914,51.9831428527832
2020-01-13,76.40442657470703,94.56500244140625,25.85659408569336,228.4499969482422,273.7850341796875,88.40309143066406,71.3755111694336,71.41129302978516,122.41136932373047,116.49758911132812,129.0437774658203,304.7157897949219,220.18211364746094,154.67825317382812,6.271145343780518,50.11928176879883,34.990665435791016,186.8362274169922,35.42378616333008,52.479373931884766
2020-01-14,75.37272644042969,93.47200012207031,26.457550048828125,227.1699981689453,273.6753234863281,88.13030242919922,70.96141815185547,70.94316864013672,123.1003189086914,117.85616302490234,130.6319580078125,300.2979431152344,217.35427856445312,153.5888671875,6.1541748046875,50.3947639465332,35.861331939697266,187.52487182617188,35.5155029296875,52.02825927734375
2020-01-15,75.0497055053711,93.10099792480469,26.024864196777344,228.35000610351562,274.65234375,88.00146484375,71.37401580810547,71.3701400756836,123.51200103759766,116.09000396728516,131.05921936035156,303.7876892089844,219.4280242919922,154.58355712890625,6.111618995666504,50.28456497192383,34.56666564941406,191.11181640625,35.24037170410156,51.945552825927734
2020-01-16,75.98980712890625,93.89700317382812,26.360538482666016,229.72999572753906,276.670166015625,88.577392578125,71.99392700195312,71.91363525390625,124.51177978515625,116.5400619506836,131.3563995361328,309.6363830566406,220.043212890625,157.41603088378906,6.1952409744262695,50.899810791015625,34.232666015625,192.21182250976562,35.42990493774414,51.742557525634766
2020-01-17,76.83108520507812,93.23600006103516,26.50992202758789,230.1999969482422,278.1765441894531,87.58470153808594,73.416748046875,73.36959075927734,125.32670593261719,117.34668731689453,129.63815307617188,312.88446044921875,220.4103240966797,158.2970733642578,6.203951358795166,50.624324798583984,34.03333282470703,195.79873657226562,35.14255142211914,51.54706954956055
2020-01-21,76.31040954589844,94.5999984741211,26.44810676574707,228.6300048828125,286.01019287109375,85.864501953125,73.61563110351562,73.50498962402344,125.4107437133789,116.19187927246094,130.87344360351562,311.2120056152344,219.71578979492188,157.72865295410156,6.170602321624756,50.70698165893555,36.47999954223633,198.27610778808594,35.335140228271484,50.81026840209961
2020-01-22,76.5827865600586,94.37300109863281,26.86878204345703,229.5399932861328,284.7594909667969,85.5538330078125,73.69248962402344,73.58531188964844,124.55377960205078,116.05606842041016,131.47714233398438,313.51287841796875,219.59669494628906,156.97079467773438,6.224606037139893,50.24783706665039,37.97066879272461,198.85963439941406,35.49104309082031,50.51704406738281
2020-01-23,76.95159912109375,94.22899627685547,27.442262649536133,229.3800048828125,285.6632995605469,85.70539093017578,73.72720336914062,73.62599182128906,124.78901672363281,115.93717956542969,131.1520538330078,314.16058349609375,218.04884338378906,157.93702697753906,6.2930474281311035,50.486595153808594,38.14666748046875,197.5395965576172,35.40238952636719,50.20124435424805
2020-01-24,76.72984313964844,93.08200073242188,27.815711975097656,226.86000061035156,283.4994812011719,84.7581558227539,72.73832702636719,72.70756530761719,124.61260223388672,113.0587158203125,129.16452026367188,312.89410400390625,216.24302673339844,156.34555053710938,6.233814716339111,49.65095520019531,37.654666900634766,196.0856475830078,34.962196350097656,49.86290740966797
2020-01-27,74.47358703613281,91.41699981689453,26.53052520751953,222.4499969482422,282.5316467285156,83.65177917480469,71.11117553710938,70.99968719482422,124.97389221191406,112.10769653320312,128.4586639404297,305.2572021484375,213.19691467285156,153.73097229003906,5.977971076965332,48.383750915527344,37.201332092285156,192.91964721679688,35.41767120361328,48.67498779296875
2020-01-28,76.58039855957031,92.6624984741211,27.32721710205078,224.02999877929688,283.809814453125,84.20498657226562,72.03659057617188,71.93050384521484,125.60399627685547,114.14555358886719,129.34095764160156,309.6072998046875,216.09417724609375,156.74343872070312,6.171347618103027,49.09080505371094,37.793331146240234,194.02919006347656,35.64389419555664,48.607330322265625
2020-01-29,78.18339538574219,92.9000015258789,27.258543014526367,224.5,282.65032958984375,83.63662719726562,72.3376235961914,72.23794555664062,126.47772979736328,113.97573852539062,129.9539337158203,309.65570068359375,221.49185180664062,159.1875457763672,6.110870838165283,48.85206604003906,38.732666015625,195.95179748535156,35.426841735839844,48.20132827758789
2020-01-30,78.07008361816406,93.53399658203125,27.060222625732422,227.8800048828125,282.5499267578125,84.41714477539062,72.1992416381836,72.116455078125,126.32655334472656,115.38524627685547,132.508056640625,313.65777587890625,207.8985137939453,163.6778106689453,6.117590427398682,48.95307922363281,42.72066879272461,199.1561279296875,35.63777160644531,48.71259307861328
2020-01-31,74.60857391357422,100.43599700927734,26.19828224182129,224.42999267578125,278.9435119628906,81.18898010253906,71.12754821777344,71.05175018310547,125.07472229003906,112.38790130615234,129.69393920898438,305.42144775390625,200.3378448486328,161.2621307373047,5.884145736694336,48.163368225097656,43.371334075927734,190.3179168701172,34.998878479003906,46.70513916015625
2020-02-03,74.40367126464844,100.20999908447266,26.204294204711914,223.47000122070312,275.7297058105469,80.53729248046875,73.6919937133789,73.5223388671875,126.16685485839844,113.2455062866211,130.9570770263672,313.7158508300781,202.60009765625,165.19354248046875,5.981207370758057,48.75105667114258,52.0,192.07789611816406,34.93162155151367,45.66004943847656
2020-02-04,76.8600082397461,102.4834976196289,26.751161575317383,225.0800018310547,278.37738037109375,80.96923065185547,71.7643051147461,71.67807006835938,127.36831665039062,114.87578582763672,133.22325134277344,318.1628112792969,208.19618225097656,170.63108825683594,6.150442123413086,49.62342071533203,59.137332916259766,194.70831298828125,35.23732376098633,45.08864974975586
2020-02-05,77.48674774169922,101.99349975585938,27.24738121032715,228.64999389648438,282.0751647949219,83.56842041015625,71.82184600830078,71.70982360839844,129.37632751464844,116.8287353515625,136.85476684570312,317.38934326171875,208.4739990234375,170.42271423339844,6.240783214569092,50.266204833984375,48.97999954223633,193.9908905029297,35.708099365234375,47.16375732421875
2020-02-06,78.39310455322266,102.5114974975586,27.445697784423828,229.61000061035156,284.1885986328125,82.96978759765625,73.21043395996094,73.19356536865234,128.9898223876953,116.84574890136719,136.8083038330078,318.336669921875,209.208251953125,173.9562225341797,6.327641010284424,50.2386589050293,49.930667877197266,194.21096801757812,35.55524444580078,46.524688720703125
2020-02-07,77.32755279541016,103.96399688720703,27.06279945373535,227.3800048828125,286.9517822265625,82.55301666259766,73.35922241210938,73.34927368164062,127.61196899414062,116.47209930419922,135.98171997070312,316.11334228515625,210.67672729492188,174.20249938964844,6.261439800262451,50.24783706665039,49.871334075927734,193.92401123046875,35.5980339050293,46.21643829345703
2020-02-10,77.69482421875,106.69550323486328,26.974374771118164,227.11000061035156,287.09814453125,83.1971206665039,74.81974029541016,74.81465911865234,127.58677673339844,116.95611572265625,135.1458282470703,319.2840270996094,211.4010467529297,178.7591552734375,6.5446600914001465,50.49578094482422,51.41866683959961,197.03262329101562,35.231204986572266,45.728336334228516
2020-02-11,77.22605895996094,107.54000091552734,27.486047744750977,227.3300018310547,284.2526550292969,84.27317810058594,74.82518768310547,74.88409423828125,127.69598388671875,117.17686462402344,133.9755401611328,319.90283203125,205.5767364501953,174.72357177734375,6.667105197906494,50.642704010009766,51.62533187866211,195.0718231201172,35.27705764770508,46.16303634643555
2020-02-12,79.06000518798828,108.0,27.875810623168945,227.44000244140625,288.3149719238281,84.90214538574219,75.29532623291016,75.30907440185547,126.93983459472656,117.17686462402344,133.2882537841797,323.0348815917969,209.11892700195312,174.9793243408203,6.782833099365234,51.1752815246582,51.15266799926758,198.41958618164062,35.41461944580078,46.72739791870117
2020-02-13,78.49699401855469,107.49349975585938,27.813142776489258,226.47000122070312,291.133056640625,84.61418914794922,75.11630249023438,75.0492172241211,126.0997085571289,117.0749740600586,132.3826904296875,324.65899658203125,211.48040771484375,174.03201293945312,6.739029407501221,50.78962326049805,53.599998474121094,198.66864013671875,35.90068054199219,46.46810531616211
2020-02-14,78.51634979248047,106.74349975585938,27.280858993530273,226.8000030517578,291.2336730957031,84.39186096191406,75.41783142089844,75.31402587890625,126.13333129882812,116.71837615966797,131.747802734375,329.5987854003906,212.51229858398438,175.58560180664062,7.212141036987305,50.93653869628906,53.33533477783203,201.4369659423828,36.03823471069336,46.25455093383789
2020-02-18,77.07867431640625,107.78350067138672,26.678192138671875,226.77000427246094,294.65545654296875,84.5145034790039,75.36474609375,75.3492431640625,125.30155181884766,115.17295837402344,131.64515686035156,329.8791198730469,216.10414123535156,177.36656188964844,7.3808794021606445,50.918182373046875,57.22666549682617,202.30868530273438,36.57014083862305,45.66731643676758
2020-02-19,78.1949691772461,108.51100158691406,27.102294921875,229.24000549316406,295.5429992675781,84.8978271484375,75.71289825439453,75.61851501464844,125.13349914550781,116.74382019042969,131.47711181640625,333.08868408203125,215.7965545654297,177.8985137939453,7.832088470458984,50.908992767333984,61.16133117675781,204.329833984375,35.974029541015625,46.01814651489258
2020-02-20,77.39279174804688,107.65499877929688,26.548551559448242,228.1699981689453,296.5128479003906,84.18485260009766,75.28938293457031,75.22773742675781,124.65460205078125,116.74382019042969,132.56939697265625,332.9822998046875,212.90919494628906,175.18177795410156,7.682765007019043,50.9732780456543,59.96066665649414,202.5481414794922,35.97709655761719,45.652076721191406
2020-02-21,75.64098358154297,104.79850006103516,26.141618728637695,229.3300018310547,294.56402587890625,83.57156372070312,73.65084075927734,73.56497192382812,125.96524810791016,115.31732940673828,132.60670471191406,328.3904724121094,208.54347229003906,169.64381408691406,7.318659782409668,50.21111297607422,60.06666564941406,200.019287109375,36.249168395996094,45.09534454345703
2020-02-24,72.04801940917969,100.4645004272461,25.034143447875977,221.69000244140625,286.942626953125,80.27497863769531,70.50069427490234,70.41105651855469,123.36951446533203,112.21807861328125,128.97511291503906,313.8608093261719,199.1571044921875,162.32955932617188,6.801250457763672,48.34701156616211,55.58599853515625,190.4210968017578,35.558292388916016,42.98280334472656
2020-02-25,69.60760498046875,98.63700103759766,24.268354415893555,218.0500030517578,278.9368896484375,77.20841979980469,68.8572006225586,68.747802734375,122.30414581298828,107.2083511352539,126.41704559326172,292.80596923828125,195.2378692626953,159.65081787109375,6.521763324737549,46.79513931274414,53.32733154296875,180.46852111816406,34.96830749511719,41.33548355102539
2020-02-26,70.71183776855469,98.97949981689453,24.543075561523438,216.05999755859375,279.6871337890625,75.16149139404297,69.09176635742188,68.95359802246094,121.48397064208984,107.531005859375,124.66189575195312,288.117431640625,195.6645050048828,161.64564514160156,6.661132335662842,47.796051025390625,51.91999816894531,179.3286590576172,34.78183364868164,40.427940368652344
2020-02-27,66.08952331542969,94.21499633789062,23.518877029418945,207.6699981689453,268.1955261230469,72.1639175415039,65.36783599853516,65.20854949951172,117.62843322753906,103.05621337890625,120.61016082763672,276.3042297363281,188.2725372314453,150.25625610351562,6.290337562561035,46.62984085083008,45.266666412353516,172.4317169189453,33.74859619140625,37.995094299316406
2020-02-28,66.05085754394531,94.1875,23.40468978881836,206.33999633789062,257.2254333496094,71.55827331542969,66.42118835449219,66.4135971069336,113.70523071289062,98.58988952636719,117.75335693359375,280.5868225097656,190.97137451171875,153.89439392089844,6.725381374359131,45.417724609375,44.53266525268555,174.1080780029297,32.91709899902344,39.230587005615234
2020-03-02,72.20025634765625,97.69750213623047,24.46495246887207,217.6300048828125,282.84375,74.04985046386719,68.88993072509766,68.747802734375,118.38938903808594,103.18356323242188,124.01773071289062,296.52777099609375,194.9104461669922,164.1343994140625,6.883759021759033,46.74003601074219,49.574668884277344,184.2330780029297,35.42378616333008,41.09144973754883
2020-03-03,69.90721130371094,95.44950103759766,23.544626235961914,208.80999755859375,276.9789123535156,72.36325073242188,66.52335357666016,66.33772277832031,114.64376068115234,99.31166076660156,121.65575408935547,282.27850341796875,184.44259643554688,156.26913452148438,6.621289253234863,44.85758590698242,49.70066833496094,177.91091918945312,34.51587677001953,39.12381362915039
2020-03-04,73.14982604980469,98.79149627685547,24.506162643432617,217.86000061035156,293.45697021484375,75.53713989257812,68.761474609375,68.51372528076172,121.31489562988281,101.76557922363281,131.05699157714844,292.2935485839844,190.26687622070312,162.00657653808594,7.084970951080322,46.40945816040039,49.96666717529297,186.1105499267578,35.69585418701172,39.977962493896484
2020-03-05,70.7770767211914,96.20149993896484,23.52659797668457,208.9600067138672,288.9006652832031,74.50983428955078,65.41495513916016,65.19912719726562,120.07200622558594,96.77281188964844,130.84228515625,281.0508117675781,183.72817993164062,157.94097900390625,6.805566310882568,44.077056884765625,48.30266571044922,179.08914184570312,35.436012268066406,38.21626281738281
2020-03-06,69.83712768554688,95.05449676513672,23.13254165649414,205.97999572753906,284.8565368652344,73.07621765136719,64.39183807373047,64.25592803955078,120.08890533447266,91.77156066894531,132.06529235839844,277.45465087890625,179.67994689941406,153.4763946533203,6.62502384185791,43.498538970947266,46.89866638183594,176.5986328125,35.83647918701172,36.37065124511719
2020-03-09,64.31356811523438,90.03050231933594,21.266996383666992,193.1300048828125,276.2926940917969,61.844947814941406,60.2830810546875,60.291194915771484,115.36248016357422,79.34062194824219,126.70647430419922,253.2869415283203,168.18019104003906,143.0749053955078,6.112037658691406,42.24968719482422,40.53333282470703,163.9255828857422,35.81507873535156,31.924419403076172
2020-03-10,68.94554138183594,94.59100341796875,22.570220947265625,202.72999572753906,283.08148193359375,65.149169921875,63.49818420410156,63.23585510253906,119.7591323852539,85.50514221191406,131.81320190429688,271.2290344238281,176.8025665283203,152.85894775390625,6.5015082359313965,44.60965347290039,43.02199935913086,174.91273498535156,36.61906051635742,33.10653305053711
2020-03-11,66.551025390625,91.04299926757812,21.11676597595215,194.63999938964844,272.12982177734375,63.65422058105469,60.275638580322266,60.0486946105957,111.43925476074219,81.48038482666016,130.7208709716797,260.77886962890625,168.91444396972656,145.9341583251953,6.137684345245361,41.06513214111328,42.28200149536133,165.6689910888672,34.98053741455078,32.01593780517578
2020-03-12,59.97880554199219,83.83049774169922,18.7824764251709,175.97000122070312,256.04522705078125,58.46405029296875,55.29155731201172,55.121917724609375,106.0363998413086,74.7639389038086,117.65066528320312,233.45977783203125,153.26722717285156,132.09400939941406,5.386630058288574,36.54722213745117,37.369998931884766,153.34078979492188,31.80742645263672,28.355226516723633
2020-03-13,67.16474914550781,89.25,20.108013153076172,196.39999389648438,276.5581359863281,63.95318603515625,60.48988342285156,60.215816497802734,113.54459381103516,88.23078918457031,130.1140594482422,261.0205993652344,168.95413208007812,150.87364196777344,5.997485637664795,44.01277542114258,36.44133377075195,168.427734375,34.87965393066406,29.07211685180664
2020-03-16,58.52421188354492,84.4574966430664,16.10392189025879,177.77000427246094,259.0919494628906,53.43488311767578,53.77501678466797,53.2102165222168,107.49069213867188,75.02716827392578,120.78754425048828,227.80455017089844,144.8730926513672,128.6363525390625,4.890824317932129,39.22857666015625,29.67133331298828,145.6105194091797,32.63587188720703,26.303709030151367
2020-03-17,61.0975227355957,90.39199829101562,17.128124237060547,187.60000610351562,280.8766784667969,54.193870544433594,55.53406524658203,55.44475173950195,115.48929595947266,79.61235809326172,133.68966674804688,229.96034240722656,148.25656127929688,139.22779846191406,5.41053581237793,43.03022384643555,28.68000030517578,151.2429656982422,36.457035064697266,28.07304573059082
2020-03-18,59.60185623168945,91.5,14.411803245544434,172.44000244140625,281.3431396484375,42.20359420776367,54.3934326171875,54.112266540527344,114.111083984375,71.23165130615234,133.58700561523438,220.34152221679688,145.8157196044922,133.36685180664062,5.050696849822998,43.40672302246094,24.08133316040039,142.22915649414062,37.47193145751953,25.25887680053711
2020-03-19,59.14518356323242,94.04650115966797,16.693723678588867,174.67999267578125,279.25714111328125,43.997535705566406,55.31040573120117,55.12786865234375,107.42305755615234,72.42890167236328,124.25113677978516,219.58755493164062,151.93768310546875,135.56114196777344,5.303457260131836,41.38651657104492,28.50933265686035,145.84042358398438,36.67668914794922,26.257949829101562
2020-03-20,55.39031982421875,92.30449676513672,16.782777786254883,170.05999755859375,265.7161865234375,45.53081512451172,53.179405212402344,52.972679138183594,101.36913299560547,70.90050506591797,114.27107238769531,204.38125610351562,148.5641632080078,130.4696807861328,5.123661041259766,41.91911697387695,28.50200080871582,140.64857482910156,34.99407196044922,24.96907615661621
2020-03-23,54.21360778808594,95.1415023803711,16.89191436767578,162.1300048828125,261.24200439453125,41.56727981567383,52.40079116821289,52.274452209472656,93.97087860107422,67.10498046875,111.14356994628906,196.53158569335938,146.9468536376953,129.16830444335938,5.296483039855957,40.578433990478516,28.952667236328125,130.0254669189453,35.089263916015625,23.985267639160156
2020-03-24,59.65261459350586,97.00499725341797,18.576128005981445,178.1999969482422,260.70220947265625,51.01996612548828,56.2610969543457,56.037353515625,100.7688217163086,75.08660125732422,114.72855377197266,229.1772918701172,159.72654724121094,140.90911865234375,6.20517110824585,43.930137634277344,33.66666793823242,148.02439880371094,35.319549560546875,27.02821922302246
2020-03-25,59.32399368286133,94.29199981689453,18.99435043334961,180.47000122070312,256.9692687988281,53.105220794677734,54.67561721801758,54.62948989868164,100.95484161376953,77.88864135742188,113.84163665771484,247.94105529785156,154.9936981201172,139.56027221679688,6.116518497467041,42.18540954589844,35.95000076293945,154.96920776367188,33.59086990356445,28.439119338989258
2020-03-26,62.44580078125,97.77449798583984,21.231231689453125,183.89999389648438,267.43609619140625,58.55603790283203,57.61449432373047,57.66936111450195,107.0171890258789,83.31446075439453,125.42742919921875,254.41806030273438,162.0681610107422,148.2899169921875,6.4058837890625,46.35436248779297,35.21066665649414,161.7703094482422,33.71982192993164,29.605972290039062
2020-03-27,59.860408782958984,95.00499725341797,20.141603469848633,179.66000366210938,260.14410400390625,52.729576110839844,55.08326721191406,55.057945251464844,104.13399505615234,77.37919616699219,125.20340728759766,239.40504455566406,155.56918334960938,142.2010040283203,6.293574333190918,45.75748825073242,34.29066848754883,154.75848388671875,33.646141052246094,28.179824829101562
2020-03-30,61.568695068359375,98.19750213623047,20.964065551757812,183.17999267578125,266.3564453125,55.159820556640625,56.87407302856445,56.845672607421875,112.46232604980469,79.39157104492188,129.24581909179688,244.81861877441406,164.65785217285156,152.20355224609375,6.6138176918029785,46.244171142578125,33.47533416748047,158.5996856689453,35.368675231933594,28.599281311035156
2020-03-31,61.44305419921875,97.48600006103516,20.70125961303711,182.8300018310547,260.8760070800781,55.550819396972656,57.66705322265625,57.62125778198242,110.87277221679688,76.44515991210938,129.5072479248047,233.51779174804688,165.50123596191406,149.8097381591797,6.564262866973877,44.380088806152344,34.93333435058594,154.33700561523438,34.8866081237793,28.957717895507812
2020-04-01,58.21010208129883,95.38500213623047,19.52519416809082,175.9499969482422,262.3857421875,52.56090545654297,54.83083724975586,54.653289794921875,108.91117858886719,71.63072204589844,127.35999298095703,220.9989776611328,158.3572998046875,144.4903106689453,6.053017616271973,44.72903060913086,32.104000091552734,146.6642303466797,35.04627227783203,28.622146606445312
2020-04-02,59.18143081665039,95.94149780273438,20.69776725769043,179.72999572753906,266.6859436035156,58.35671615600586,55.58564758300781,55.393672943115234,112.58070373535156,74.30542755126953,132.7374267578125,230.9270477294922,156.95826721191406,147.48255920410156,6.361806869506836,45.72993087768555,30.29800033569336,150.7640380859375,36.43104934692383,30.81094741821289
2020-04-03,58.330909729003906,95.32949829101562,20.453304290771484,178.33999633789062,264.0966491699219,57.5824089050293,54.44699478149414,54.18714141845703,113.44314575195312,72.109130859375,130.3848114013672,229.1386260986328,152.97947692871094,146.1241455078125,6.073935508728027,45.36263656616211,32.000667572021484,145.45724487304688,36.685909271240234,29.903404235839844
2020-04-06,63.41954040527344,99.87950134277344,22.04060173034668,185.24000549316406,279.16571044921875,61.6302604675293,58.86274337768555,58.674560546875,118.16958618164062,76.75053405761719,132.20530700683594,257.08612060546875,164.26095581054688,156.99105834960938,6.683793067932129,47.281822204589844,34.41600036621094,162.3067169189453,38.70933151245117,30.86433982849121
2020-04-07,62.68501663208008,100.58000183105469,22.113065719604492,185.25,277.8024597167969,62.03659439086914,58.8424072265625,58.643310546875,116.24180603027344,77.76287078857422,132.45736694335938,250.4544677734375,167.51541137695312,155.3002166748047,6.450459003448486,46.611480712890625,36.36333465576172,161.4924774169922,37.45658493041992,31.45157814025879
2020-04-08,64.28941345214844,102.1500015258789,22.796707153320312,191.00999450683594,279.943359375,65.91578674316406,60.02122497558594,59.85529327392578,121.12889099121094,80.9029312133789,136.50914001464844,262.33441162109375,172.92298889160156,156.85804748535156,6.647685527801514,48.096927642822266,36.589332580566406,167.57518005371094,37.41054153442383,33.44208908081055
2020-04-09,64.75333404541016,102.13800048828125,22.20299530029297,193.83999633789062,274.4903259277344,64.6355209350586,60.079254150390625,59.8339729309082,119.4124984741211,88.1610107421875,136.0516357421875,260.8336181640625,173.82591247558594,156.8675994873047,6.548076152801514,49.0656852722168,38.20000076293945,166.37782287597656,37.39824295043945,32.89297866821289
2020-04-13,66.0242691040039,108.44349670410156,22.693679809570312,188.77000427246094,274.133544921875,65.09548950195312,60.382266998291016,60.02439498901367,118.17803192138672,84.24029541015625,134.8286895751953,254.96629333496094,173.4290313720703,157.21905517578125,6.719902992248535,48.8719367980957,43.39666748046875,161.8756866455078,38.4729118347168,32.610801696777344
2020-04-14,69.35872650146484,114.16600036621094,23.366840362548828,192.94000244140625,287.4183349609375,64.86550903320312,62.94472122192383,62.74293518066406,123.47098541259766,81.93243408203125,141.07437133789062,262.11163330078125,176.78269958496094,164.99880981445312,7.071025848388672,49.8222541809082,47.32600021362305,167.2686309814453,39.608978271484375,32.35912322998047
2020-04-15,68.72565460205078,115.38400268554688,22.47715187072754,188.57000732421875,283.8775329589844,63.240230560302734,62.60948181152344,62.34968566894531,124.84916687011719,77.89157104492188,141.1397247314453,248.9635009765625,175.59201049804688,163.2699737548828,6.993578910827637,49.047237396240234,48.65533447265625,158.9732666015625,39.5352783203125,30.871963500976562
2020-04-16,69.271728515625,120.40950012207031,22.551368713378906,187.9600067138672,294.20721435546875,61.32361602783203,62.65907287597656,62.35612487792969,126.54867553710938,74.92313385009766,144.4539337158203,238.91354370117188,174.8776397705078,168.1714630126953,7.338726043701172,49.545448303222656,49.680667877197266,155.582275390625,40.631439208984375,29.85764503479004
2020-04-17,68.33180236816406,118.75,23.214052200317383,191.1999969482422,290.8768310546875,66.82809448242188,63.64000701904297,63.425785064697266,128.53564453125,81.65791320800781,146.84396362304688,251.7034912109375,177.84439086914062,169.65333557128906,7.279459476470947,50.394287109375,50.259334564208984,162.40252685546875,40.56696701049805,32.96162033081055
2020-04-20,66.91346740722656,119.68049621582031,22.550491333007812,188.75,285.5335388183594,64.06819152832031,62.81480026245117,62.54060745239258,128.2397003173828,78.68085479736328,147.31072998046875,243.7255096435547,176.85218811035156,166.29066467285156,7.148222923278809,49.73920822143555,49.75733184814453,157.30650329589844,39.869964599609375,31.405818939208984
2020-04-21,64.84514617919922,116.40599822998047,21.62238883972168,183.47999572753906,275.69805908203125,62.58857345581055,60.3217658996582,60.11117935180664,126.55712127685547,76.39876556396484,142.53074645996094,237.54837036132812,169.4700927734375,159.413330078125,6.7114362716674805,47.340362548828125,45.781333923339844,153.77182006835938,39.67345428466797,31.238039016723633
2020-04-22,66.71290588378906,118.17449951171875,22.698047637939453,186.5800018310547,283.0998840332031,64.73518371582031,62.64617919921875,62.404727935791016,129.35574340820312,76.64759063720703,146.30247497558594,248.7407989501953,180.86070251464844,164.8278045654297,7.1258111000061035,48.22608947753906,48.807334899902344,159.5767059326172,40.40422821044922,32.13032913208008
2020-04-23,66.45438385009766,119.97250366210938,22.60724449157715,185.6300048828125,279.4217834472656,66.5444564819336,63.295841217041016,63.03749465942383,131.48646545410156,76.69047546386719,149.30857849121094,247.72418212890625,183.68850708007812,162.83297729492188,7.072518825531006,47.94930648803711,47.04199981689453,159.3755645751953,39.46467208862305,33.137027740478516
2020-04-24,68.37287902832031,120.51100158691406,23.12063217163086,186.52000427246094,284.1337585449219,66.70543670654297,63.44462585449219,63.3067741394043,130.9368896484375,77.82295227050781,152.109375,250.5319366455078,188.59005737304688,165.80624389648438,7.211475849151611,48.908843994140625,48.34333419799805,160.27603149414062,39.744083404541016,33.35056686401367
2020-04-27,68.42120361328125,118.80000305175781,23.438438415527344,187.4600067138672,282.51434326171875,68.77538299560547,63.27451705932617,63.022125244140625,130.45492553710938,81.17745208740234,150.57830810546875,256.6897277832031,186.04005432128906,165.33120727539062,7.397993564605713,49.24099349975586,53.25,164.52902221679688,39.394046783447266,33.51072692871094
2020-04-28,67.31217193603516,115.7040023803711,23.113645553588867,187.1199951171875,279.0101318359375,68.92871856689453,61.18120574951172,61.12431335449219,128.00296020507812,81.75227355957031,146.85325622558594,256.1863708496094,181.48582458496094,161.30364990234375,7.255551815032959,49.08414077758789,51.27466583251953,164.04051208496094,39.30193328857422,34.2962532043457
2020-04-29,69.52301025390625,118.635498046875,24.099376678466797,189.61000061035156,280.9681091308594,72.53959655761719,66.5278091430664,66.55888366699219,127.03060150146484,83.95716094970703,144.8553924560547,274.6692810058594,192.67796325683594,168.54193115234375,7.432358741760254,49.71153259277344,53.367332458496094,174.13681030273438,37.95093536376953,36.195255279541016
2020-04-30,70.98968505859375,123.69999694824219,23.715211868286133,187.36000061035156,277.85943603515625,70.5309829711914,66.88388061523438,66.78304290771484,126.86150360107422,82.15550994873047,144.36990356445312,266.2265625,203.11605834960938,170.23277282714844,7.2784624099731445,48.8719367980957,52.12533187866211,171.19607543945312,37.32147979736328,35.44021987915039
2020-05-01,69.84678649902344,114.302001953125,22.674470901489258,182.6699981689453,276.8689270019531,68.5683822631836,65.49280548095703,65.32608032226562,125.38185119628906,80.00208282470703,143.42701721191406,260.19464111328125,200.69503784179688,165.8251953125,7.041889667510986,47.783226013183594,46.75466537475586,168.17864990234375,37.74214553833008,32.900611877441406
2020-05-04,70.83505249023438,115.79949951171875,22.89798927307129,177.9499969482422,279.2257385253906,70.10164642333984,65.7997817993164,65.60279083251953,125.36495208740234,79.04977416992188,143.1002655029297,260.6981201171875,203.66177368164062,169.8812713623047,7.253809452056885,47.74632263183594,50.74599838256836,168.7342529296875,37.98163604736328,34.22761154174805
2020-05-05,71.8982162475586,115.88999938964844,23.125864028930664,176.02999877929688,282.3711242675781,71.21328735351562,67.00538635253906,66.89807891845703,126.40494537353516,78.92967987060547,147.40408325195312,265.2680358886719,205.4576873779297,171.7051239013672,7.314820289611816,48.023101806640625,51.2140007019043,170.92784118652344,38.29790115356445,34.18947982788086
2020-05-06,72.6399917602539,117.56300354003906,23.065624237060547,172.3800048828125,283.2607421875,69.03601837158203,66.81643676757812,66.7200698852539,125.20429992675781,77.44544982910156,146.2744598388672,263.77703857421875,206.84677124023438,173.3959503173828,7.415674209594727,47.84780502319336,52.172000885009766,171.25350952148438,37.85881042480469,33.548858642578125
2020-05-07,73.3914566040039,118.38050079345703,23.3773136138916,173.47999572753906,279.6934509277344,71.02163696289062,68.06914520263672,67.90277862548828,124.79002380371094,78.25188446044922,142.8108673095703,269.6152038574219,209.61505126953125,174.4028778076172,7.591982364654541,48.53056335449219,52.00266647338867,175.0276641845703,37.59051513671875,33.73952102661133
2020-05-08,75.1382827758789,118.98049926757812,24.012939453125,176.8300018310547,280.5554504394531,73.19122314453125,68.85321807861328,68.64962005615234,125.72852325439453,79.53022003173828,143.31500244140625,273.4590148925781,210.6965789794922,175.42869567871094,7.78198766708374,49.42552185058594,54.62799835205078,177.2978973388672,37.914329528808594,35.219051361083984
2020-05-11,76.32062530517578,120.44999694824219,24.045242309570312,174.63999938964844,284.5812072753906,71.5812759399414,69.5916519165039,69.60421752929688,126.0751724243164,77.18806457519531,148.02024841308594,272.2875061035156,211.52011108398438,177.3855438232422,8.033998489379883,49.388607025146484,54.08599853515625,175.8323211669922,38.13945388793945,34.88349914550781
2020-05-12,75.44841766357422,117.84750366210938,23.438438415527344,172.80999755859375,279.546630859375,69.84099578857422,68.22686767578125,68.19536590576172,124.40950012207031,74.66575622558594,147.24542236328125,263.4574279785156,208.46409606933594,173.367431640625,7.772027492523193,48.22608947753906,53.96066665649414,171.9144744873047,38.17337417602539,34.300411224365234
2020-05-13,74.53740692138672,118.39600372314453,22.97569465637207,170.57000732421875,277.0707702636719,68.00106048583984,66.91712188720703,66.86386108398438,124.40106201171875,72.09195709228516,147.44142150878906,260.60125732421875,203.5030059814453,170.7456817626953,7.749616622924805,47.65406036376953,52.73066711425781,169.918701171875,38.15179443359375,32.59783172607422
2020-05-14,74.9953384399414,119.44249725341797,23.276912689208984,170.92999267578125,274.8698425292969,69.03601837158203,67.25434875488281,67.28688049316406,124.83223724365234,75.08613586425781,148.55767822265625,268.4920654296875,205.19970703125,171.4866180419922,7.999136447906494,48.81657791137695,53.55533218383789,173.5744171142578,38.06235885620117,32.88548278808594
2020-05-15,74.55197143554688,120.48899841308594,22.736461639404297,169.25,274.3837585449219,68.35370635986328,68.10041046142578,68.0902328491211,127.1997299194336,73.6962890625,149.3549346923828,270.0702819824219,209.23802185058594,173.98487854003906,8.457587242126465,48.825801849365234,53.27799987792969,176.05950927734375,38.839515686035156,32.652252197265625
2020-05-18,76.30852508544922,121.31300354003906,23.881975173950195,175.4600067138672,277.63922119140625,71.99429321289062,68.6335220336914,68.69126892089844,127.267333984375,77.5998764038086,148.16372680664062,280.6817321777344,211.53004455566406,175.647216796875,8.71607494354248,49.03800582885742,54.242000579833984,183.6300506591797,39.369964599609375,35.2488899230957
2020-05-19,75.8675537109375,122.46649932861328,23.74402618408203,172.49000549316406,279.3540954589844,69.71504211425781,68.11502838134766,68.15667724609375,125.99909210205078,76.07275390625,146.98184204101562,281.4853820800781,215.19129943847656,174.4313507080078,8.771110534667969,48.290679931640625,53.867332458496094,181.6918182373047,38.53421401977539,34.16047668457031
2020-05-20,77.3430404663086,124.89700317382812,24.331623077392578,176.02000427246094,279.6109313964844,72.34431457519531,69.76324462890625,69.88043975830078,124.86608123779297,78.35488891601562,143.6332550048828,289.29876708984375,228.17938232421875,176.850830078125,8.934967994689941,48.80735778808594,54.37066650390625,186.00962829589844,38.68840026855469,35.27220153808594
2020-05-21,76.76639556884766,122.33699798583984,23.99285888671875,174.94000244140625,276.9148254394531,71.5975570678711,69.56884002685547,69.76092529296875,124.04593658447266,77.35965728759766,142.83595275878906,284.9031677246094,229.58831787109375,174.72662353515625,8.74097728729248,48.17995834350586,55.17333221435547,182.9008026123047,38.54654312133789,34.64248275756836
2020-05-22,77.26066589355469,121.84400177001953,24.154386520385742,174.92999267578125,277.33660888671875,70.22844696044922,69.94674682617188,70.082763671875,122.9135513305664,76.75910186767578,141.785400390625,285.5325012207031,233.08090209960938,174.80282592773438,8.990998268127441,48.54901123046875,54.45866775512695,183.131103515625,38.3430061340332,34.673580169677734
2020-05-26,76.73734283447266,121.09300231933594,24.62323760986328,180.33999633789062,279.510009765625,72.57769012451172,70.27405548095703,70.48594665527344,123.07537078857422,82.20696258544922,138.7838592529297,293.68475341796875,230.3920135498047,172.95489501953125,8.68370246887207,48.69664001464844,54.591331481933594,185.39552307128906,38.198055267333984,35.692020416259766
2020-05-27,77.0716781616211,120.51950073242188,25.10955238342285,185.77000427246094,280.61962890625,73.04443359375,70.31471252441406,70.431884765625,123.35633850097656,86.968505859375,136.6640167236328,290.2379455566406,227.35581970214844,173.18350219726562,8.49195671081543,49.08414077758789,54.68199920654297,185.01174926757812,37.772464752197266,35.948585510253906
2020-05-28,77.10559844970703,120.05500030517578,24.721025466918945,185.10000610351562,283.87506103515625,70.68741607666016,70.25967407226562,70.33071899414062,125.12716674804688,85.67303466796875,141.3070526123047,292.68743896484375,223.70449829101562,172.7929229736328,8.453855514526367,49.471641540527344,53.72066879272461,186.3934326171875,38.14562225341797,35.01565933227539
2020-05-29,77.03048706054688,122.11849975585938,25.430858612060547,185.5800018310547,282.87554931640625,71.33306884765625,70.86420440673828,71.08847045898438,126.64263153076172,83.48529052734375,143.46438598632812,291.3223571777344,223.3373565673828,174.55516052246094,8.840835571289062,49.61004638671875,55.66666793823242,187.33370971679688,38.25974655151367,35.34994888305664
2020-06-01,77.97782135009766,123.552001953125,25.3190975189209,183.83999633789062,282.71044921875,72.18096160888672,71.0080337524414,71.15540313720703,125.3144760131836,84.59202575683594,142.9954376220703,291.816162109375,230.10426330566406,174.15512084960938,8.771856307983398,48.95497131347656,59.87333297729492,186.4797821044922,38.2288932800293,35.97967529296875
2020-06-02,78.33880615234375,123.62049865722656,26.02370262145996,185.94000244140625,281.6100769042969,73.65896606445312,71.37501525878906,71.52434539794922,126.21696472167969,84.8751220703125,144.3179473876953,293.9365234375,230.907958984375,176.1363983154297,8.790783882141113,49.15794372558594,58.770668029785156,188.4083709716797,38.22270584106445,36.78044128417969
2020-06-03,78.77007293701172,123.91999816894531,27.025146484375,190.82000732421875,281.1973876953125,75.59591674804688,71.23417663574219,71.37259674072266,126.55751037597656,89.45648956298828,143.07044982910156,297.3058776855469,228.36788940429688,176.56503295898438,8.735249519348145,49.35170364379883,58.86399841308594,188.897705078125,38.077781677246094,38.280879974365234
2020-06-04,78.09170532226562,123.02999877929688,26.969266891479492,192.0500030517578,284.96630859375,74.89582061767578,70.03402709960938,70.13533020019531,124.92283630371094,91.31820678710938,141.3633575439453,291.78704833984375,224.52801513671875,174.24081420898438,8.736247062683105,48.761207580566406,57.62533187866211,185.7985076904297,37.658355712890625,38.172035217285156
2020-06-05,80.31582641601562,124.1500015258789,27.68433380126953,200.66000366210938,286.1492614746094,78.41969299316406,71.3338623046875,71.41079711914062,125.40814971923828,95.42769622802734,139.9563446044922,301.96282958984375,228.97312927246094,178.3177490234375,8.889216423034668,49.803794860839844,59.04399871826172,191.5268096923828,37.48874282836914,41.2662239074707
2020-06-08,80.7906723022461,126.2030029296875,27.722753524780273,201.55999755859375,281.7016906738281,80.30998992919922,71.74150848388672,71.80850982666016,124.95691680908203,97.33229064941406,139.9563446044922,300.5395812988281,229.59823608398438,179.4226837158203,8.774614334106445,50.83714294433594,63.327999114990234,191.5171661376953,37.390052795410156,42.55677032470703
2020-06-09,83.34188842773438,130.04299926757812,27.530668258666992,196.07000732421875,280.1977233886719,78.97978210449219,72.2151107788086,72.00885009765625,124.26734924316406,94.8357162475586,139.88128662109375,301.5852966308594,236.81161499023438,180.7943878173828,9.014781951904297,49.98832321166992,62.711334228515625,191.01824951171875,37.42397689819336,41.60831069946289
2020-06-10,85.48606872558594,132.37249755859375,27.506227493286133,191.50999450683594,281.8300476074219,75.90708923339844,72.6956787109375,72.63467407226562,125.8338394165039,90.99217224121094,141.6353302001953,303.1924743652344,234.88671875,187.50038146972656,9.334426879882812,49.92374038696289,68.336669921875,192.36148071289062,37.365379333496094,39.37706756591797
2020-06-11,81.3818359375,127.89800262451172,25.64738655090332,178.02000427246094,275.8693542480469,69.52055358886719,69.62042236328125,69.52041625976562,119.93375396728516,83.39950561523438,135.14450073242188,281.9888610839844,222.6824951171875,177.43194580078125,8.76589584350586,47.340362548828125,64.85600280761719,181.23126220703125,37.035396575927734,35.90193176269531
2020-06-12,82.08445739746094,127.2509994506836,26.214902877807617,181.2100067138672,273.9161682128906,71.86980438232422,70.08361053466797,70.06690979003906,121.02356719970703,85.68161010742188,134.6379852294922,288.3209533691406,226.80020141601562,178.8321533203125,8.9016752243042,47.84780502319336,62.35200119018555,184.474365234375,36.310665130615234,36.671592712402344
2020-06-15,83.09959411621094,128.63400268554688,26.550180435180664,181.5500030517578,272.5221862792969,70.96746063232422,70.4144058227539,70.4546890258789,120.2573013305664,86.86553192138672,132.74327087402344,287.72064208984375,230.68968200683594,179.9751739501953,9.14209270477295,49.13028335571289,66.05999755859375,183.99464416503906,36.415523529052734,36.64826965332031
2020-06-16,85.30192565917969,130.7635040283203,27.12904167175293,182.3000030517578,276.3554382324219,73.14556884765625,71.54859924316406,71.73064422607422,122.99020385742188,87.56046295166016,153.55709838867188,294.7981262207031,233.8151397705078,184.38552856445312,9.03720474243164,50.366607666015625,65.47533416748047,185.06932067871094,36.899696350097656,37.47233963012695
2020-06-17,85.18321228027344,132.0489959716797,27.366527557373047,180.86000061035156,274.7505798339844,71.20860290527344,71.96517181396484,72.03165435791016,122.61560821533203,85.34700775146484,150.04904174804688,294.10107421875,233.69606018066406,185.02374267578125,9.20412826538086,47.53411102294922,66.11933135986328,185.7217559814453,36.70849609375,36.25177001953125
2020-06-18,85.21713256835938,132.69900512695312,27.8266544342041,180.72999572753906,274.7139892578125,71.51976013183594,71.21334075927734,71.11821746826172,122.0962905883789,84.88371276855469,151.08082580566406,295.15643310546875,234.1029052734375,187.0050506591797,9.186192512512207,49.53622817993164,66.9306640625,186.0576171875,36.38776779174805,36.47722244262695
2020-06-19,84.73016357421875,133.75050354003906,26.7072696685791,179.72000122070312,275.01654052734375,70.5007095336914,71.0030746459961,70.64810180664062,122.453857421875,83.91423797607422,150.02090454101562,287.0718994140625,236.93067932128906,185.8905792236328,9.229289054870605,50.191307067871094,66.72666931152344,184.41683959960938,36.96138381958008,35.746437072753906
2020-06-22,86.94701385498047,135.6909942626953,27.65728759765625,180.1699981689453,275.52093505859375,71.24748992919922,72.00187683105469,71.93842315673828,122.07925415039062,83.00484466552734,150.49929809570312,294.7594299316406,237.35736083984375,191.05340576171875,9.493871688842773,50.855594635009766,66.28800201416016,187.06507873535156,37.5257453918457,36.08850860595703
2020-06-23,88.80287170410156,138.2205047607422,27.459697723388672,181.00999450683594,276.2913513183594,71.13079071044922,72.62425231933594,72.59896850585938,121.6280288696289,84.01719665527344,149.45806884765625,297.1218566894531,240.3538360595703,192.32980346679688,9.417384147644043,50.92018127441406,66.78533172607422,189.9531707763672,37.33762741088867,36.30619812011719
2020-06-24,87.23532104492188,136.72000122070312,27.0777530670166,177.52999877929688,273.2925720214844,68.17481231689453,71.01546478271484,71.04779815673828,119.039794921875,81.21177673339844,147.29136657714844,284.6611328125,232.19784545898438,188.452880859375,9.203631401062012,50.228214263916016,64.0566635131836,183.6588134765625,37.10016632080078,34.5958366394043
2020-06-25,88.39342498779297,137.72900390625,27.24358367919922,178.85000610351562,275.5942687988281,69.39610290527344,71.47965240478516,71.46434783935547,118.91211700439453,84.04295349121094,152.75978088378906,288.53387451171875,233.8448944091797,190.83428955078125,9.45725154876709,50.31124496459961,65.73200225830078,186.12474060058594,36.918212890625,35.116722106933594
2020-06-26,85.67749786376953,134.64349365234375,27.116565704345703,175.3699951171875,271.9537048339844,67.25688934326172,67.44131469726562,67.56854248046875,117.32856750488281,79.43585968017578,152.73165893554688,280.1395568847656,214.3975067138672,187.01454162597656,9.12341022491455,49.98832321166992,63.982666015625,181.60548400878906,36.48952865600586,33.91169738769531
2020-06-29,87.65204620361328,134.0189971923828,27.325620651245117,177.19000244140625,276.5663757324219,68.1981430053711,69.18052673339844,69.28585052490234,118.37574768066406,79.78759002685547,152.62844848632812,283.615478515625,218.92201232910156,189.02444458007812,9.168251991271973,50.52344512939453,67.29000091552734,183.6300506591797,36.71775817871094,34.455909729003906
2020-06-30,88.38373565673828,137.9409942626953,27.839887619018555,178.50999450683594,278.0519104003906,69.41165161132812,70.10493469238281,70.32128143310547,119.72944641113281,80.697021484375,153.9979248046875,286.2973937988281,225.30197143554688,193.85389709472656,9.464974403381348,50.99399185180664,71.98733520507812,185.34750366210938,36.93978500366211,34.76688766479492
2020-07-01,88.21656799316406,143.93499755859375,27.585838317871094,177.99000549316406,279.464111328125,68.15924835205078,71.31649780273438,71.50897979736328,119.51657104492188,80.01065063476562,153.1725311279297,291.593505859375,235.70037841796875,194.9873809814453,9.497113227844238,51.19697952270508,74.64199829101562,185.932861328125,36.91203689575195,33.98166275024414
2020-07-02,88.21656799316406,144.51499938964844,27.827531814575195,178.8300018310547,280.3720397949219,68.69599914550781,72.63864135742188,72.8940200805664,120.01891326904297,80.27056884765625,153.70716857910156,292.8037109375,231.60252380371094,196.47337341308594,9.579078674316406,51.61216735839844,80.57733154296875,187.74627685546875,36.764007568359375,34.269317626953125
2020-07-06,90.5763931274414,152.8520050048828,28.12038803100586,182.72000122070312,285.6449279785156,68.89825439453125,74.176025390625,74.36785125732422,121.73015594482422,82.29767608642578,156.5398406982422,295.853515625,238.40908813476562,200.70274353027344,9.805295944213867,52.22109603881836,91.43866729736328,189.7516632080078,36.66531753540039,34.51032257080078
2020-07-07,90.29533386230469,150.00599670410156,27.620243072509766,181.14999389648438,289.9916076660156,67.14020538330078,73.654296875,73.88533782958984,121.61953735351562,79.97602844238281,156.4085693359375,290.37347412109375,238.98455810546875,198.36895751953125,9.837682723999023,51.95354080200195,92.65733337402344,186.3358154296875,39.150997161865234,33.616268157958984
2020-07-08,92.39830017089844,154.0554962158203,28.189197540283203,181.1999969482422,290.0741271972656,67.17131042480469,74.19090270996094,74.563720703125,121.97708892822266,80.82495880126953,158.64097595214844,290.9938659667969,241.6833953857422,202.73165893554688,10.180745124816895,52.276458740234375,91.05867004394531,187.17063903808594,38.37692642211914,33.53853225708008
2020-07-09,92.7956771850586,159.13150024414062,28.359439849853516,178.8000030517578,298.5291442871094,64.36311340332031,74.93429565429688,75.31056213378906,121.31303405761719,79.0750732421875,156.1271514892578,285.60357666015625,242.59625244140625,204.1510009765625,10.472735404968262,53.07914733886719,92.9520034790039,184.42645263671875,39.3977165222168,32.15469741821289
2020-07-10,92.95797729492188,160.0,28.177722930908203,182.89999389648438,299.1618957519531,66.3000717163086,76.45927429199219,76.31970977783203,121.21084594726562,83.39787292480469,153.22874450683594,286.6603698730469,243.1617889404297,203.5318145751953,10.443084716796875,52.949974060058594,102.97666931152344,184.75262451171875,40.30131912231445,33.157588958740234
2020-07-13,92.52913665771484,155.1999969482422,27.460582733154297,184.1300048828125,296.1265563964844,66.43231201171875,74.95165252685547,74.99170684814453,123.62877655029297,84.59334564208984,152.02821350097656,281.3280029296875,237.13906860351562,197.24497985839844,10.017559051513672,52.59938049316406,99.80400085449219,181.3656005859375,39.94357681274414,33.16535568237305
2020-07-14,94.06037902832031,154.1999969482422,27.793132781982422,189.7100067138672,300.7851257324219,68.72711181640625,75.40988159179688,75.4196548461914,125.93598175048828,85.07847595214844,153.71652221679688,289.83056640625,237.8633575439453,198.46426391601562,10.3411865234375,52.99779510498047,101.12000274658203,185.50108337402344,40.711490631103516,34.26154708862305
2020-07-15,94.70724487304688,150.44349670410156,27.6784610748291,190.55999755859375,299.5928955078125,69.14717102050781,75.06571960449219,75.22229766845703,126.22547149658203,86.39524841308594,155.18917846679688,296.39404296875,238.40908813476562,198.1689453125,10.1919584274292,52.46040344238281,103.06732940673828,188.5906982421875,40.708404541015625,34.69690704345703
2020-07-16,93.54187774658203,149.9949951171875,27.463226318359375,191.00999450683594,299.19854736328125,68.73490142822266,75.28193664550781,75.1250991821289,127.06831359863281,86.63780212402344,154.76708984375,290.21832275390625,239.05401611328125,194.2444305419922,10.099775314331055,51.71916961669922,100.04266357421875,185.6641387939453,40.77008056640625,34.4248046875
2020-07-17,93.35289764404297,148.09849548339844,27.584077835083008,190.75999450683594,297.8414611816406,67.82474517822266,75.16043090820312,75.22079467773438,127.15348052978516,85.03516387939453,155.66754150390625,294.7847595214844,240.14547729492188,193.2537841796875,10.16629695892334,50.86677169799805,100.05599975585938,187.18980407714844,40.628211975097656,33.83395004272461
2020-07-20,95.32019805908203,159.8419952392578,27.97395896911621,190.47999572753906,299.4187316894531,66.3311996459961,77.64851379394531,77.55104064941406,127.36631774902344,84.29016876220703,156.68060302734375,302.4436950683594,243.5090789794922,201.5600128173828,10.47447681427002,51.33002471923828,109.53333282470703,190.4329071044922,40.54494094848633,33.04098129272461
2020-07-21,94.004638671875,156.9145050048828,27.727859497070312,192.27000427246094,300.5466003417969,71.0919189453125,77.28648376464844,77.15828704833984,127.48548126220703,86.11802673339844,155.04849243164062,298.2167053222656,239.86766052246094,198.8452606201172,10.29285717010498,51.80256271362305,104.55733489990234,188.5235137939453,40.81017303466797,34.71245574951172
2020-07-22,94.26873016357422,154.99549865722656,27.680221557617188,192.10000610351562,301.0601806640625,70.81963348388672,77.785888671875,77.60111236572266,127.71537780761719,85.4942855834961,154.61703491210938,303.8106689453125,238.00228881835938,201.7029266357422,10.402727127075195,51.89521789550781,106.15533447265625,190.80714416503906,40.91194534301758,33.90392303466797
2020-07-23,89.97794342041016,149.32749938964844,27.315914154052734,193.25,299.0518798828125,70.79631042480469,75.1668930053711,75.21583557128906,127.37484741210938,85.74552154541016,151.5028839111328,300.44659423828125,230.78890991210938,192.92991638183594,10.094793319702148,51.6635856628418,100.87133026123047,189.43499755859375,40.597381591796875,33.973880767822266
2020-07-24,89.75505065917969,150.44549560546875,26.97365951538086,194.52000427246094,298.7492980957031,70.11175537109375,74.97793579101562,74.79235076904297,126.10627746582031,85.13912200927734,149.64569091796875,297.5574645996094,228.9136199951172,191.7487335205078,10.159320831298828,51.5616569519043,94.46666717529297,187.24740600585938,40.47401809692383,33.763980865478516
2020-07-27,91.88224792480469,152.760498046875,27.581424713134766,192.13999938964844,300.41827392578125,70.81963348388672,75.88697052001953,75.84464263916016,125.30598449707031,83.9436264038086,150.54617309570312,299.4382629394531,231.68191528320312,194.17774963378906,10.38553524017334,51.27443313598633,102.63999938964844,188.9361114501953,40.46476745605469,34.26154708862305
2020-07-28,90.37287902832031,150.01649475097656,27.11127281188965,194.1199951171875,300.3907165527344,69.31830596923828,74.40613555908203,74.56620788574219,125.00798034667969,84.3074722290039,152.56283569335938,296.98541259765625,228.3282012939453,192.43460083007812,10.180248260498047,51.2837028503418,98.43267059326172,188.77296447753906,40.6343879699707,33.85728073120117
2020-07-29,92.10519409179688,151.67649841308594,27.24358367919922,196.41000366210938,299.0794372558594,70.06507110595703,75.48130798339844,75.55107116699219,124.76107788085938,86.35192108154297,151.71865844726562,299.86480712890625,231.4735107421875,194.37779235839844,10.429383277893066,51.60798645019531,99.94066619873047,190.5384521484375,40.304405212402344,34.23044967651367
2020-07-30,93.21964263916016,152.593994140625,27.53026580810547,194.3000030517578,298.50958251953125,67.10908508300781,75.94896697998047,76.2879867553711,125.0164566040039,84.04759979248047,143.51126098632812,299.57391357421875,232.67410278320312,194.2254180908203,10.577372550964355,51.19104766845703,99.16600036621094,186.20150756835938,40.12862014770508,32.55118942260742
2020-07-31,102.97869873046875,158.23399353027344,27.940441131591797,195.77999877929688,299.1620788574219,65.29658508300781,73.5442123413086,73.78764343261719,124.09700775146484,83.71839141845703,140.9693603515625,299.1182861328125,251.69482421875,195.28269958496094,10.578119277954102,51.376365661621094,95.38400268554688,182.689697265625,39.90655517578125,32.71444320678711
2020-08-03,105.57352447509766,155.59449768066406,28.335620880126953,199.25999450683594,302.6450500488281,65.9733657836914,73.12217712402344,73.53026580810547,125.45072174072266,83.25059509277344,143.3612060546875,303.0544128417969,249.99815368652344,206.265625,10.972253799438477,51.8674201965332,99.0,182.96798706054688,39.87572479248047,32.846622467041016
2020-08-04,106.27851867675781,156.94149780273438,28.967199325561523,200.24000549316406,312.26702880859375,67.28023529052734,72.65203094482422,73.0611572265625,125.34004974365234,82.77413940429688,145.24655151367188,304.7994384765625,247.88473510742188,203.16986083984375,11.18900203704834,51.885948181152344,99.13333129882812,184.50315856933594,40.597381591796875,33.79507827758789
2020-08-05,106.66375732421875,160.25149536132812,29.068639755249023,203.6199951171875,312.4324645996094,67.83252716064453,73.08051300048828,73.34828186035156,126.34464263916016,84.2121810913086,144.7682342529297,317.9944152832031,247.18028259277344,202.83648681640625,11.247800827026367,51.42267608642578,99.00133514404297,188.1588897705078,40.033023834228516,34.09050750732422
2020-08-06,110.38519287109375,161.25,29.035125732421875,205.02000427246094,315.5018615722656,68.04256439208984,74.39421844482422,74.63066864013672,125.6209716796875,84.2381591796875,143.39878845214844,320.0690612792969,263.21441650390625,206.0846710205078,11.29638385772705,51.218841552734375,99.30533599853516,190.72079467773438,39.89115524291992,33.92724609375
2020-08-07,107.87548065185547,158.3730010986328,28.750202178955078,209.47999572753906,313.29638671875,67.52136993408203,74.11602020263672,74.30438232421875,126.5149154663086,86.0920181274414,143.44561767578125,318.0137634277344,266.34979248046875,202.3982696533203,11.160852432250977,51.17251205444336,96.84733581542969,188.4083709716797,40.082359313964844,33.771759033203125
2020-08-10,109.44342803955078,157.4080047607422,28.8763427734375,212.5800018310547,312.46002197265625,69.80059814453125,74.19586181640625,74.2275161743164,126.02962493896484,87.18355560302734,143.51126098632812,313.0306091308594,260.95220947265625,198.36895751953125,11.126471519470215,50.90382766723633,94.57133483886719,188.82093811035156,40.67140197753906,34.603614807128906
2020-08-11,106.18860626220703,154.0334930419922,28.582609176635742,212.66000366210938,305.50323486328125,69.71504211425781,73.41328430175781,73.42018127441406,125.12716674804688,89.93834686279297,141.28829956054688,318.5179443359375,254.13568115234375,193.7300567626953,10.812557220458984,50.283042907714844,91.6259994506836,189.76129150390625,40.15329360961914,34.96123123168945
2020-08-12,109.71771240234375,158.11199951171875,29.430301666259766,213.24000549316406,309.482421875,70.5707015991211,74.71756744384766,74.7442398071289,127.41741180419922,89.17603302001953,143.08921813964844,317.6357116699219,257.8663635253906,199.264404296875,11.400771141052246,50.19038391113281,103.65066528320312,190.69198608398438,40.67448043823242,34.95331573486328
2020-08-13,111.65945434570312,158.05099487304688,29.058061599731445,211.97999572753906,308.50830078125,69.87060546875,75.30424499511719,75.21089172363281,126.00409698486328,88.6822509765625,141.81675720214844,316.2395935058594,259.2654113769531,198.797607421875,11.403511047363281,50.05140686035156,108.06666564941406,189.86557006835938,40.829307556152344,34.09711456298828
2020-08-14,111.55992889404297,157.4010009765625,28.91692352294922,210.9600067138672,309.0412902832031,70.28289794921875,74.77262115478516,74.61482238769531,126.20841217041016,88.7168960571289,141.46800231933594,316.8310546875,259.20587158203125,198.98814392089844,11.524090766906738,50.218177795410156,110.04733276367188,188.96226501464844,41.06156539916992,34.247737884521484
2020-08-17,111.26866912841797,159.12049865722656,29.137449264526367,206.77999877929688,312.4231872558594,70.609619140625,75.28094482421875,75.1905517578125,126.84698486328125,86.37789916992188,142.82525634765625,320.1563720703125,259.12652587890625,200.30267333984375,12.294425010681152,50.02361297607422,122.3759994506836,191.64334106445312,41.99055862426758,33.80379104614258
2020-08-18,112.19586181640625,165.62449645996094,28.989255905151367,208.3300018310547,313.1492919921875,69.14976501464844,77.29541015625,77.1513442993164,127.78345489501953,85.17377471923828,144.3145294189453,320.90289306640625,260.29730224609375,201.45526123046875,12.218436241149902,51.126182556152344,125.80599975585938,191.23971557617188,41.7149543762207,33.63731002807617
2020-08-19,112.33661651611328,163.0240020751953,29.039541244506836,207.2100067138672,313.2870788574219,68.17127227783203,76.74642181396484,76.59741973876953,128.0388946533203,85.37303161621094,143.54161071777344,322.2602233886719,260.54534912109375,200.2331085205078,12.096610069274902,52.07124328613281,125.23533630371094,193.1424102783203,41.00271987915039,33.26470184326172
2020-08-20,114.82933044433594,164.86849975585938,29.006013870239258,206.1199951171875,313.25958251953125,66.92446899414062,78.4434814453125,78.16646575927734,128.91580200195312,84.35078430175781,142.6461944580078,327.0300598144531,266.9154052734375,204.89271545410156,12.099102973937988,51.20030975341797,133.45533752441406,196.17901611328125,40.43294906616211,32.75732421875
2020-08-21,120.74676513671875,164.23599243164062,29.110984802246094,207.42999267578125,316.6966247558594,67.13753509521484,78.37751007080078,78.13274383544922,130.05665588378906,84.3074722290039,140.68569946289062,326.8167724609375,264.9309387207031,203.40316772460938,12.639729499816895,51.13545227050781,136.6653289794922,196.15985107421875,40.76118850708008,32.511566162109375
2020-08-24,122.1909408569336,165.3730010986328,29.462066650390625,212.61000061035156,316.2555236816406,68.8104476928711,78.76335906982422,78.60780334472656,130.39947509765625,86.68112182617188,140.93072509765625,333.1573181152344,269.2768249511719,204.04293823242188,12.676352500915527,51.89521789550781,134.27999877929688,198.35081481933594,40.66828918457031,33.470821380615234
2020-08-25,121.1884765625,167.32449340820312,29.650821685791016,213.35000610351562,316.7884216308594,67.96609497070312,79.75621032714844,79.63433837890625,130.32235717773438,87.06229400634766,141.08155822753906,337.0546569824219,278.6333923339844,206.69740295410156,12.706001281738281,51.96933364868164,134.8893280029297,199.974853515625,40.45153045654297,32.408504486083984
2020-08-26,122.83655548095703,172.09249877929688,29.96221160888672,214.66000366210938,316.3841552734375,66.90079498291016,81.94622802734375,81.53263092041016,130.52806091308594,85.84078979492188,140.68569946289062,340.31219482421875,301.5436096191406,211.16612243652344,12.728920936584473,53.2664909362793,143.54466247558594,202.0504913330078,40.47319412231445,31.718795776367188
2020-08-27,121.36812591552734,170.0,29.91546058654785,216.8699951171875,318.3048400878906,67.00338745117188,81.05107879638672,80.7585220336914,131.11085510253906,88.6649169921875,140.41233825683594,345.14031982421875,290.9368591308594,216.3509979248047,12.584670066833496,52.97925567626953,149.25,202.7904052734375,42.30950927734375,31.504751205444336
2020-08-28,121.17151641845703,170.08999633789062,30.416488647460938,218.5500030517578,320.1520080566406,67.57152557373047,81.55097198486328,81.299560546875,131.67648315429688,89.02873229980469,138.87596130371094,354.9515686035156,291.37347412109375,218.57577514648438,13.102377891540527,53.62783432006836,147.55999755859375,207.2877197265625,43.445980072021484,32.257877349853516
2020-08-31,125.28072357177734,172.54800415039062,30.622026443481445,218.0399932861328,319.4996337890625,66.23005676269531,81.04363250732422,80.80862426757812,131.4793701171875,86.7937240600586,139.86566162109375,347.26348876953125,290.9170227050781,215.34840393066406,13.328347206115723,53.01631546020508,166.10667419433594,203.7129364013672,42.996971130371094,31.663305282592773
2020-09-01,130.2709503173828,174.95599365234375,31.714937210083008,218.5500030517578,322.9181823730469,65.55933380126953,82.35933685302734,82.07564544677734,129.8595733642578,86.75041961669922,138.83827209472656,346.0127868652344,293.1396179199219,217.0098419189453,13.777425765991211,53.42399215698242,158.35000610351562,205.0198516845703,45.703433990478516,31.258989334106445
2020-09-02,127.57195281982422,176.57249450683594,33.07954788208008,221.67999267578125,329.7923583984375,65.64608764648438,85.71031951904297,85.16560363769531,131.83932495117188,88.05853271484375,140.95904541015625,349.6969299316406,300.1445617675781,221.19207763671875,14.301270484924316,54.69334030151367,149.1233367919922,208.02761840820312,45.73130416870117,31.0687313079834
2020-09-03,117.35844421386719,168.39999389648438,31.057775497436523,218.14999389648438,320.0876159667969,64.92803192138672,81.42352294921875,80.80762481689453,128.17117309570312,87.78129577636719,140.45944213867188,333.3511657714844,288.85321044921875,207.48995971679688,12.974461555480957,52.90513610839844,135.6666717529297,200.8012237548828,44.75896072387695,31.005306243896484
2020-09-04,117.43610382080078,164.7310028076172,32.01573181152344,218.32000732421875,318.49786376953125,64.65184783935547,78.9041976928711,78.41242218017578,127.34839630126953,89.67849731445312,142.24090576171875,324.7905578613281,280.5285949707031,204.57760620117188,12.582704544067383,51.63577651977539,139.44000244140625,196.66917419433594,44.229427337646484,30.981525421142578
2020-09-08,109.53323364257812,157.49200439453125,30.921049118041992,217.8000030517578,311.4123840332031,62.31607437133789,75.99557495117188,75.55553436279297,126.20854949951172,86.559814453125,140.73281860351562,319.8170471191406,269.0486755371094,193.5108642578125,11.875441551208496,51.255897521972656,110.06999969482422,192.30638122558594,42.87309646606445,30.268022537231445
2020-09-09,113.90213775634766,163.4304962158203,31.758167266845703,219.6300048828125,318.3691711425781,63.15253829956055,77.21408081054688,76.72734832763672,128.29974365234375,87.38279724121094,143.2400360107422,329.279296875,271.5887145996094,201.75125122070312,12.674915313720703,52.766151428222656,122.09333038330078,196.09255981445312,43.31902313232422,30.085689544677734
2020-09-10,110.18372344970703,158.7554931640625,31.497947692871094,217.8000030517578,312.0279541015625,61.66899490356445,75.97722625732422,75.67703247070312,125.9085693359375,86.48186492919922,137.82034301757812,322.72552490234375,266.0025634765625,196.09854125976562,12.272933959960938,53.11823654174805,123.77999877929688,193.67091369628906,42.3652458190918,29.332548141479492
2020-09-11,108.73713684082031,155.81100463867188,31.729055404663086,217.92999267578125,311.6604309082031,61.30601501464844,75.41683959960938,75.16676330566406,126.65423583984375,87.55604553222656,139.58291625976562,320.0788269042969,264.5340576171875,194.81903076171875,12.126147270202637,52.81248474121094,124.23999786376953,192.84451293945312,42.3311882019043,29.253276824951172
2020-09-14,111.99925231933594,155.14849853515625,31.949567794799805,219.94000244140625,315.1434020996094,60.990360260009766,75.34541320800781,74.82308197021484,127.14275360107422,88.76889038085938,140.4405975341797,328.27093505859375,264.0776672363281,196.13673400878906,12.831668853759766,55.09175109863281,139.8733367919922,196.97662353515625,42.52317810058594,29.06301498413086
2020-09-15,112.17399597167969,157.80650329589844,32.365047454833984,218.94000244140625,316.0533447265625,60.24857711791992,76.44438934326172,76.1268081665039,127.60552978515625,86.00540161132812,141.45858764648438,328.7945556640625,270.29888916015625,199.3545684814453,12.950043678283691,56.4630241394043,149.9199981689453,197.3706512451172,42.535560607910156,28.75383949279785
2020-09-16,108.86334228515625,153.90499877929688,32.37650680541992,219.58999633789062,315.887939453125,61.992530822753906,75.4257583618164,74.98475646972656,127.18556213378906,86.36923217773438,142.28799438476562,331.42193603515625,261.46807861328125,195.79296875,12.475043296813965,55.99050521850586,147.25332641601562,197.1207733154297,42.1949348449707,29.974699020385742
2020-09-17,107.12547302246094,150.43649291992188,32.2777099609375,218.0500030517578,311.43072509765625,62.17402648925781,74.1675796508789,73.74251556396484,126.13137817382812,85.38168334960938,143.71128845214844,329.0757141113281,252.8358917236328,193.74957275390625,12.42420768737793,55.75886535644531,141.14332580566406,197.2553253173828,42.32808303833008,29.966772079467773
2020-09-18,103.72745513916016,147.74549865722656,31.7316951751709,218.2100067138672,308.74725341796875,61.71633529663086,72.4050521850586,71.9597396850586,127.85409545898438,85.19976806640625,145.3136444091797,325.0329895019531,250.563720703125,191.3433380126953,12.150819778442383,55.36045455932617,147.38333129882812,194.6991424560547,41.894554138183594,29.483177185058594
2020-09-21,106.87309265136719,148.02349853515625,31.314212799072266,213.02000427246094,312.0648193359375,60.20914840698242,70.97529602050781,70.92083740234375,124.3573226928711,82.56620025634766,142.4954376220703,317.8490295410156,246.21780395507812,193.39627075195312,12.477785110473633,56.351844787597656,149.79666137695312,189.74063110351562,42.445762634277344,28.88067054748535
2020-09-22,108.55266571044922,156.44949340820312,32.18656539916992,214.16000366210938,316.5495300292969,59.601505279541016,72.67633819580078,72.39266967773438,123.59455871582031,81.66529846191406,141.25125122070312,325.0814514160156,252.7664031982422,198.0559539794922,12.597907066345215,56.166534423828125,141.41000366210938,192.72923278808594,42.829750061035156,28.16718101501465
2020-09-23,103.99930572509766,149.9929962158203,31.296417236328125,209.61000061035156,316.7149353027344,56.776512145996094,70.18428039550781,69.89185333251953,123.79166412353516,80.33984375,141.20408630371094,314.6302490234375,247.08103942871094,191.53431701660156,12.085526466369629,54.62849426269531,126.78666687011719,187.7418670654297,42.111324310302734,27.263418197631836
2020-09-24,105.0672607421875,150.989501953125,31.37920570373535,208.72000122070312,318.8929748535156,56.65814208984375,70.83296203613281,70.55982971191406,123.98878479003906,80.27056884765625,140.2615509033203,318.19805908203125,247.58705139160156,194.01695251464844,12.309069633483887,54.943511962890625,129.26333618164062,187.88597106933594,42.3311882019043,27.207923889160156
2020-09-25,109.00899505615234,154.75650024414062,31.760169982910156,210.4499969482422,314.8310546875,56.68183135986328,71.65968322753906,71.3631820678711,124.83726501464844,80.97224426269531,141.62826538085938,321.6590576171875,252.8358917236328,198.4379425048828,12.833161354064941,55.40678024291992,135.77999877929688,189.54844665527344,42.507694244384766,27.461612701416016
2020-09-28,111.61092376708984,158.70249938964844,32.69483184814453,213.5399932861328,321.30084228515625,58.33894348144531,72.62972259521484,72.33515167236328,126.0799789428711,83.30257415771484,139.5923309326172,328.0673828125,254.82032775878906,199.98480224609375,12.993903160095215,55.20294189453125,140.39999389648438,192.49859619140625,42.50149917602539,27.99277114868164
2020-09-29,110.76624298095703,157.24400329589844,32.424224853515625,210.44000244140625,323.61663818359375,56.73705291748047,72.86825561523438,72.70014190673828,126.0371322631836,82.60088348388672,137.8579864501953,325.9733581542969,259.7516174316406,197.90318298339844,13.184052467346191,55.10102462768555,139.69000244140625,191.6529541015625,42.46743392944336,27.17621612548828
2020-09-30,112.4361343383789,157.43649291992188,32.429569244384766,212.94000244140625,326.2450256347656,56.81596374511719,72.88164520263672,72.67930603027344,127.59696197509766,83.39787292480469,139.51695251464844,327.8541259765625,259.86077880859375,200.83462524414062,13.48784065246582,55.314125061035156,143.00332641601562,192.16224670410156,43.32521057128906,27.21585464477539
2020-10-01,113.38761138916016,161.06300354003906,32.810546875,212.02000427246094,329.4247131347656,55.56916809082031,73.89781188964844,73.78516387939453,126.25996398925781,84.00428009033203,136.00115966796875,332.8955078125,264.5539245605469,202.86842346191406,13.571577072143555,55.295597076416016,149.3866729736328,195.41026306152344,44.306846618652344,26.264528274536133
2020-10-02,109.72740173339844,156.25,31.762853622436523,211.17999267578125,326.2542419433594,56.17680358886719,72.32719421386719,72.18339538574219,125.3343734741211,84.80123901367188,136.8683624267578,328.4940490722656,257.916015625,196.8815155029297,13.021068572998047,54.50804138183594,138.3633270263672,193.5940399169922,43.50791549682617,26.145612716674805
2020-10-05,113.10601806640625,159.9600067138672,32.588008880615234,212.36000061035156,329.53497314453125,57.368343353271484,73.69596862792969,73.53375244140625,127.03986358642578,86.5936279296875,138.20681762695312,332.7792663574219,262.58929443359375,200.8824005126953,13.5994873046875,55.184410095214844,141.89332580566406,195.59288024902344,43.91048049926758,26.748117446899414
2020-10-06,109.86335754394531,154.9980010986328,32.3993034362793,210.25999450683594,329.32366943359375,57.05270767211914,72.08021545410156,71.95629119873047,125.35148620605469,85.70182800292969,135.8503875732422,327.13671875,256.6459655761719,196.61415100097656,13.693190574645996,55.13808059692383,137.9933319091797,192.62350463867188,43.548160552978516,26.470651626586914
2020-10-07,111.72740173339844,159.7845001220703,32.64497375488281,213.2899932861328,333.6153259277344,58.220577239990234,72.41992950439453,72.35895538330078,126.73992156982422,87.19693756103516,140.40292358398438,333.409423828125,256.1101989746094,200.357177734375,13.919973373413086,56.36606216430664,141.76666259765625,194.56463623046875,43.62868118286133,26.557857513427734
2020-10-08,111.62061309814453,159.52749633789062,33.2315788269043,215.14999389648438,335.5177307128906,59.35689926147461,73.69149780273438,73.56348419189453,127.60552978515625,88.98931121826172,144.68215942382812,335.01080322265625,261.706298828125,201.0733184814453,13.795120239257812,56.6451530456543,141.97332763671875,195.05470275878906,43.77422332763672,27.953134536743164
2020-10-09,113.56233978271484,164.33250427246094,33.531551361083984,215.67999267578125,339.5337829589844,58.394187927246094,75.1440658569336,74.9034194946289,129.38818359375,88.48218536376953,147.86793518066406,342.0382080078125,262.3909912109375,206.06719970703125,13.71935749053955,56.887020111083984,144.6666717529297,198.57177734375,44.213951110839844,27.5408935546875
2020-10-12,120.77590942382812,172.14649963378906,34.0416145324707,216.41000366210938,345.9851379394531,58.796627044677734,77.81861114501953,77.58821868896484,130.1338348388672,89.56635284423828,145.615234375,341.698486328125,273.6028747558594,211.4048309326172,14.181146621704102,57.17540740966797,147.43333435058594,198.3411865234375,44.66914749145508,27.453685760498047
2020-10-13,117.5720443725586,172.18150329589844,33.95793914794922,212.30999755859375,349.84490966796875,57.92071533203125,77.9440689086914,77.71121215820312,127.15131378173828,88.114990234375,141.45858764648438,335.6806640625,273.98992919921875,212.79891967773438,14.203327178955078,56.71956253051758,148.88333129882812,196.34243774414062,45.28227996826172,27.128650665283203
2020-10-14,117.65943145751953,168.1855010986328,33.85200500488281,210.91000366210938,347.6944274902344,57.56562042236328,77.76554870605469,77.53119659423828,126.9284439086914,87.62535858154297,139.93170166015625,332.6328430175781,269.7034912109375,210.8892059326172,14.050811767578125,56.710269927978516,153.76666259765625,194.30520629882812,44.57316207885742,27.07316017150879
2020-10-15,117.1933822631836,166.9324951171875,33.81906509399414,211.64999389648438,346.0770263671875,58.00751876831055,77.32170104980469,77.13595581054688,126.14854431152344,88.93683624267578,138.34815979003906,328.6242980957031,264.6431884765625,209.74342346191406,13.925956726074219,56.300941467285156,149.6266632080078,191.75863647460938,44.755859375,27.310983657836914
2020-10-16,115.5526123046875,163.635498046875,33.70513916015625,211.91000366210938,350.6353759765625,57.518253326416016,78.01004028320312,77.74246215820312,126.9284439086914,88.75324249267578,137.72608947753906,329.4298400878906,263.8593444824219,209.74342346191406,13.767952919006348,56.086978912353516,146.55667114257812,192.44090270996094,44.81159591674805,27.03350830078125
2020-10-19,112.60118103027344,160.36050415039062,33.44878005981445,208.99000549316406,345.13958740234375,56.247802734375,76.10568237304688,75.87042999267578,123.68882751464844,87.25814056396484,134.59678649902344,321.9268798828125,259.3645935058594,204.54898071289062,13.455194473266602,55.46367645263672,143.61000061035156,189.27938842773438,44.2665901184082,26.494430541992188
2020-10-20,114.08663177490234,160.85049438476562,33.557373046875,210.05999755859375,347.6668701171875,56.563446044921875,77.1629867553711,76.91827392578125,123.88595581054688,87.7564926147461,135.3414306640625,321.9754333496094,265.4766845703125,204.95956420898438,13.602478981018066,55.584617614746094,140.64666748046875,189.9808807373047,44.5607795715332,26.71640396118164
2020-10-21,113.46526336669922,159.2469940185547,33.117645263671875,210.17999267578125,347.2166442871094,55.92427444458008,79.01677703857422,78.64946746826172,123.3546142578125,86.88217163085938,133.19236755371094,323.6255187988281,276.5596923828125,205.1028289794922,13.482110977172852,55.51020050048828,140.8800048828125,190.68235778808594,44.715606689453125,26.288311004638672
2020-10-22,112.3779067993164,158.82000732421875,33.23514175415039,211.61000061035156,345.3142395019531,57.92071533203125,80.10881042480469,79.67449188232422,124.3402099609375,89.9510498046875,133.51283264160156,323.8002624511719,275.9544372558594,205.18875122070312,13.318876266479492,55.52880096435547,141.92999267578125,190.25953674316406,44.452388763427734,27.63602066040039
2020-10-23,111.68856811523438,160.22000122070312,33.17728805541992,212.7100067138672,344.25738525390625,57.2657585144043,81.38185119628906,80.97970581054688,124.477294921875,90.76419830322266,134.200927734375,319.92742919921875,282.572509765625,206.46824645996094,13.547403335571289,55.72416687011719,140.2100067138672,190.2787628173828,44.54529571533203,27.081087112426758
2020-10-26,111.69827270507812,160.3520050048828,32.31563186645508,208.49000549316406,340.6824951171875,55.97950744628906,78.87493896484375,78.56514739990234,123.38887786865234,88.51716613769531,133.55999755859375,308.7166748046875,274.9523010253906,200.59585571289062,13.099817276000977,53.482181549072266,140.0933380126953,185.5316619873047,44.02195739746094,26.43893814086914
2020-10-27,113.20314025878906,164.31649780273438,32.009422302246094,206.8800048828125,342.5296936035156,54.85108184814453,79.55982208251953,79.28868865966797,122.68609619140625,86.84721374511719,124.32293701171875,307.7946472167969,281.084228515625,203.62277221679688,13.354512214660645,53.10076141357422,141.55999755859375,182.63919067382812,44.241817474365234,26.018768310546875
2020-10-28,107.96044921875,158.13900756835938,30.906539916992188,200.6999969482422,335.398193359375,52.775726318359375,75.2135009765625,74.92078399658203,118.5807876586914,84.40780639648438,123.76683807373047,282.8204040527344,265.58587646484375,193.52996826171875,12.587188720703125,51.71462631225586,135.33999633789062,173.8080291748047,43.36546325683594,25.027807235717773
2020-10-29,111.96039581298828,160.55050659179688,31.600839614868164,201.50999450683594,335.9507141113281,54.29080581665039,77.723876953125,77.20590209960938,117.57806396484375,84.9586410522461,124.93560028076172,284.56756591796875,278.6433410644531,195.47789001464844,12.982939720153809,52.11465072631836,136.94332885742188,177.65184020996094,43.328304290771484,26.137680053710938
2020-10-30,105.68862915039062,151.8074951171875,31.12195587158203,201.89999389648438,329.2843933105469,54.84319305419922,80.3905029296875,80.14311218261719,117.50952911376953,85.71930694580078,122.9656982421875,280.1609802246094,261.061279296875,193.3294219970703,12.494484901428223,52.19837951660156,129.34666442871094,174.61521911621094,42.96600341796875,25.860210418701172
2020-11-02,105.60123443603516,150.2239990234375,31.26614761352539,204.30999755859375,335.51800537109375,56.934322357177734,80.63945007324219,80.55025482177734,118.86365509033203,87.65157318115234,124.06846618652344,281.45184326171875,259.324951171875,193.1957550048828,12.541086196899414,52.51467514038086,133.50332641601562,177.52687072753906,43.47694778442383,26.946308135986328
2020-11-03,107.22259521484375,152.42050170898438,31.489587783813477,206.6300048828125,342.4881591796875,56.61079788208008,81.8386001586914,81.6084976196289,118.7008056640625,90.41447448730469,123.455810546875,286.712646484375,263.2342224121094,197.1106719970703,12.978452682495117,52.840274810791016,141.3000030517578,180.98631286621094,44.213951110839844,26.486501693725586
2020-11-04,111.6011962890625,162.05799865722656,32.45716857910156,206.1699981689453,346.36456298828125,56.63446807861328,86.74433898925781,86.57694244384766,119.47216033935547,87.65157318115234,140.05416870117188,298.1757507324219,285.142333984375,206.6210174560547,13.750758171081543,52.55188751220703,140.32666015625,186.39649963378906,43.960025787353516,26.343801498413086
2020-11-05,115.56233215332031,166.10000610351562,33.90275192260742,207.4499969482422,354.7068176269531,56.92644119262695,87.45055389404297,87.40261840820312,119.78068542480469,91.236328125,137.16053771972656,307.23162841796875,292.3854675292969,213.2095184326172,14.11535930633545,52.71004104614258,146.02999877929688,189.9232177734375,44.4276123046875,26.296236038208008
2020-11-06,115.43103790283203,165.56849670410156,33.880489349365234,208.85000610351562,355.1026306152344,56.145225524902344,87.37020111083984,87.26526641845703,121.91472625732422,90.02100372314453,134.5402374267578,304.4265441894531,291.1253662109375,213.62010192871094,14.516088485717773,52.840274810791016,143.31666564941406,190.7208251953125,45.13984298706055,25.9870548248291
2020-11-09,113.12611389160156,157.18699645996094,33.428306579589844,221.5,336.07952880859375,62.6553840637207,87.43218994140625,87.34906768798828,125.19720458984375,102.20915985107422,134.15379333496094,334.438232421875,276.5993957519531,208.53070068359375,13.587776184082031,52.87748336791992,140.4199981689453,204.37596130371094,44.44929122924805,29.27705955505371
2020-11-10,112.7857437133789,151.75100708007812,32.32365036010742,228.47999572753906,337.57122802734375,65.55139923095703,86.3108901977539,86.17377471923828,127.08270263671875,101.87692260742188,138.14076232910156,324.94549560546875,270.30877685546875,201.48391723632812,12.729740142822266,52.71933364868164,136.7866668701172,204.98133850097656,45.07481384277344,29.926578521728516
2020-11-11,116.20907592773438,156.8695068359375,33.462120056152344,227.3699951171875,343.3721008300781,65.07005310058594,86.92188262939453,86.64537811279297,126.6713638305664,100.35559844970703,136.44419860839844,322.625732421875,274.3272705078125,206.77381896972656,13.37569522857666,53.21239471435547,139.0433349609375,204.3951873779297,45.82419967651367,29.618059158325195
2020-11-12,115.93675231933594,155.51400756835938,32.95296859741211,224.72000122070312,345.9410705566406,63.65755844116211,86.779541015625,86.42668151855469,127.09986877441406,99.12278747558594,133.61148071289062,318.646240234375,272.9381408691406,205.7139129638672,13.414324760437012,52.51467514038086,137.25332641601562,200.43011474609375,45.9016227722168,28.603185653686523
2020-11-13,115.98540496826172,156.4405059814453,33.2467041015625,227.4199981689453,348.82293701171875,65.51985168457031,88.12747192382812,87.88661193847656,128.47116088867188,99.74358367919922,134.89048767089844,325.1882019042969,274.79364013671875,206.735595703125,13.25507926940918,52.94260787963867,136.1666717529297,202.56661987304688,46.6169548034668,29.293302536010742
2020-11-16,116.99681854248047,156.55299377441406,33.89740753173828,233.10000610351562,349.6977844238281,70.19928741455078,88.34370422363281,87.9743881225586,129.2853546142578,102.55891418457031,133.1946258544922,325.5958557128906,276.78790283203125,207.423095703125,13.472639083862305,53.165870666503906,136.02999877929688,204.7031707763672,47.2053108215332,30.982044219970703
2020-11-17,116.11182403564453,156.7830047607422,33.87871551513672,233.16000366210938,351.65899658203125,69.69483184814453,87.78678894042969,87.36096954345703,127.99974822998047,101.51844787597656,133.77255249023438,326.61492919921875,272.8587646484375,204.77816772460938,13.37993335723877,53.13796615600586,147.20333862304688,202.78799438476562,46.254642486572266,31.396100997924805
2020-11-18,114.7891845703125,155.2729949951172,33.880489349365234,230.07000732421875,351.9444274902344,67.48480987548828,86.6277847290039,86.31856536865234,126.3028335571289,100.76654052734375,132.79672241210938,326.0714111328125,269.8523254394531,202.0784149169922,13.38641357421875,52.3286247253418,162.2133331298828,200.01632690429688,46.167930603027344,30.21074676513672
2020-11-19,115.38240814208984,155.8509979248047,34.21072769165039,229.52999877929688,353.150634765625,68.6458969116211,87.47781372070312,87.20772552490234,126.10569763183594,101.03755950927734,135.8662872314453,324.0718688964844,270.8147888183594,203.3612823486328,13.397876739501953,52.51467514038086,166.42333984375,199.76608276367188,47.10622787475586,30.365007400512695
2020-11-20,114.11810302734375,154.97000122070312,34.12172317504883,227.00999450683594,350.92236328125,68.69393157958984,86.40016174316406,86.10731506347656,125.43721008300781,100.17198181152344,137.83688354492188,313.5116271972656,267.60003662109375,201.41786193847656,13.046487808227539,51.81696701049805,163.20333862304688,196.21478271484375,46.524044036865234,29.991531372070312
2020-11-23,110.72393798828125,154.91949462890625,34.44841003417969,229.5399932861328,351.465576171875,72.88970947265625,86.03663635253906,85.6699447631836,124.15996551513672,103.0572738647461,135.83787536621094,322.2859802246094,266.33990478515625,201.14976501464844,13.098572731018066,52.17047882080078,173.9499969482422,200.33387756347656,46.73771667480469,31.95631980895996
2020-11-24,112.0076904296875,155.9029998779297,34.913944244384766,233.9199981689453,353.77679443359375,76.56503295898438,87.72380065917969,87.47205352783203,124.15996551513672,107.82235717773438,137.2779083251953,332.3320007324219,274.7637634277344,204.7398681640625,12.916897773742676,53.55659484863281,185.1266632080078,201.79672241210938,46.870880126953125,34.08348846435547
2020-11-25,112.84408569335938,159.2534942626953,34.789329528808594,233.1300048828125,357.0270690917969,73.77851867675781,87.85025787353516,87.48345184326172,123.99594116210938,106.69447326660156,137.13584899902344,331.2933654785156,273.4441833496094,204.7494659423828,13.193023681640625,53.407752990722656,191.3333282470703,202.9612274169922,47.016414642333984,33.13357925415039
2020-11-27,113.38870239257812,159.76699829101562,35.156063079833984,231.5500030517578,357.6163330078125,73.1138916015625,88.92938995361328,88.61856079101562,124.27212524414062,105.98628234863281,139.6842803955078,329.1094970703125,275.64691162109375,206.0514678955078,13.219439506530762,53.73335266113281,195.25332641601562,203.0670928955078,46.945194244384766,32.63019943237305
2020-11-30,115.78118896484375,158.40199279785156,35.7462272644043,228.91000366210938,360.7284851074219,69.80692291259766,87.32011413574219,87.00092315673828,124.85896301269531,103.06602478027344,137.9884033203125,326.6247253417969,274.81341552734375,204.94088745117188,13.35925006866455,53.696136474609375,189.1999969482422,202.4415283203125,47.31369400024414,30.957691192626953
2020-12-01,119.35038757324219,161.00399780273438,36.01238250732422,229.67999267578125,366.19940185546875,70.02312469482422,89.17289733886719,89.03215789794922,127.24950408935547,104.6922378540039,137.90322875976562,328.92510986328125,284.31878662109375,206.9896697998047,13.347784042358398,54.64503860473633,194.9199981689453,203.2595977783203,47.267242431640625,31.258092880249023
2020-12-02,119.70050811767578,160.17649841308594,35.93760681152344,230.4199981689453,362.3631286621094,71.96086883544922,90.65325164794922,90.5005111694336,127.84496307373047,106.70323181152344,137.52426147460938,330.2256774902344,285.2812194824219,206.18548583984375,13.501799583435059,54.96133041381836,189.60667419433594,202.27789306640625,46.61076354980469,32.42722702026367
2020-12-03,119.5643539428711,159.3365020751953,35.58778381347656,231.02000427246094,353.43402099609375,71.90481567382812,90.5947265625,90.34529876708984,128.58709716796875,106.0037612915039,136.5294647216797,325.29498291015625,279.6553649902344,205.10366821289062,13.357709884643555,55.13807678222656,197.7933349609375,200.22799682617188,46.23296356201172,32.64643859863281
2020-12-04,118.89330291748047,158.12899780273438,36.6452751159668,231.35000610351562,352.84820556640625,74.69131469726562,90.65521240234375,90.44052124023438,129.68316650390625,106.96553802490234,140.64117431640625,334.2344665527344,277.5221862792969,205.21853637695312,13.51949691772461,55.77997970581055,199.67999267578125,204.68392944335938,46.1121940612793,33.83992385864258
2020-12-07,120.35211181640625,157.89999389648438,37.465084075927734,229.24000549316406,352.7536926269531,72.67351531982422,90.23320007324219,90.10676574707031,128.56124877929688,106.56333923339844,139.6653594970703,330.9439392089844,283.3563537597656,205.1515350341797,13.567858695983887,55.631134033203125,213.9199981689453,204.65505981445312,45.86445999145508,33.20665740966797
2020-12-08,120.96479797363281,158.864501953125,37.689395904541016,228.19000244140625,356.788330078125,73.29808807373047,90.18706512451172,89.8240966796875,130.78778076171875,106.66825103759766,141.44647216796875,330.779052734375,281.19329833984375,206.79815673828125,13.31184196472168,54.9148063659668,216.6266632080078,204.77052307128906,46.27941131591797,34.29460525512695
2020-12-09,118.43620300292969,155.2100067138672,37.049400329589844,227.50999450683594,353.6607971191406,72.41728973388672,88.48008728027344,88.16431427001953,132.12547302246094,105.837646484375,149.68887329101562,326.9547119140625,275.7559814453125,202.76771545410156,12.893791198730469,55.566017150878906,201.4933319091797,201.70046997070312,45.91401290893555,34.7492561340332
2020-12-10,119.8561019897461,155.07449340820312,36.499290466308594,227.35000610351562,352.2434387207031,74.74739837646484,88.04367065429688,87.65801239013672,131.3918914794922,105.1556625366211,152.53102111816406,321.7813415527344,274.9622497558594,201.54229736328125,12.935173988342285,55.33344268798828,209.02333068847656,199.8045654296875,45.69956588745117,35.73164749145508
2020-12-11,119.04890441894531,155.8209991455078,36.1236457824707,226.38999938964844,354.4261779785156,74.02672576904297,88.36302947998047,88.0125732421875,131.99600219726562,104.5348892211914,151.62152099609375,317.8017883300781,271.4200439453125,204.1654815673828,12.976055145263672,56.384666442871094,203.3300018310547,198.48605346679688,45.6871337890625,35.5611572265625
2020-12-14,118.43620300292969,157.84849548339844,36.65595245361328,222.85000610351562,353.745849609375,71.61656188964844,87.28638458251953,86.89482116699219,128.6475372314453,103.4332275390625,149.60354614257812,321.422119140625,272.0550537109375,205.06533813476562,13.270710945129395,56.52421951293945,213.27667236328125,199.4580841064453,45.267555236816406,34.278350830078125
2020-12-15,124.36870574951172,158.25599670410156,37.21318054199219,224.3800048828125,351.3836669921875,71.56050872802734,87.66873931884766,87.33220672607422,129.94207763671875,105.19937896728516,158.6227569580078,323.84869384765625,273.40447998046875,204.99832153320312,13.322311401367188,57.547523498535156,211.0833282470703,200.5263671875,45.245792388916016,34.94411087036133
2020-12-16,124.30064392089844,162.04800415039062,37.82203674316406,221.91000366210938,349.07806396484375,71.01602172851562,87.43218994140625,87.13929748535156,129.16539001464844,105.50538635253906,162.99974060058594,322.3442687988281,273.5235290527344,209.9287109375,13.204648971557617,58.403385162353516,207.58999633789062,200.4397735595703,45.19917297363281,35.4799690246582
2020-12-17,125.16618347167969,161.8040008544922,37.928855895996094,224.67999267578125,349.8812561035156,70.79181671142578,86.68333435058594,86.31212615966797,132.57423400878906,104.63106536865234,163.5492706298828,327.0032653808594,272.3427429199219,210.062744140625,13.303116798400879,59.17552947998047,218.63333129882812,203.2403106689453,45.40741729736328,35.30134201049805
2020-12-18,123.18221282958984,160.08250427246094,39.011505126953125,223.42999267578125,346.77264404296875,69.81495666503906,85.84571075439453,85.6034927368164,133.34226989746094,104.11520385742188,162.3839111328125,330.33251953125,274.24786376953125,209.2681427001953,13.234066009521484,60.52443313598633,231.6666717529297,203.36546325683594,45.360782623291016,34.69241714477539
2020-12-21,124.70907592773438,160.3090057373047,38.501590728759766,223.49000549316406,344.85443115234375,68.93413543701172,86.26031494140625,86.01705932617188,132.056396484375,108.02347564697266,159.9017791748047,324.5476379394531,270.6659851074219,213.09759521484375,13.29414176940918,59.98488235473633,216.6199951171875,201.1519012451172,45.367008209228516,34.059139251708984
2020-12-22,128.25888061523438,160.3260040283203,38.880435943603516,221.8800048828125,342.0765075683594,67.54890441894531,85.47327423095703,85.30593872070312,131.7975311279297,106.37973022460938,157.95013427734375,322.48016357421875,265.01031494140625,214.38998413085938,13.240297317504883,60.60816192626953,213.44667053222656,198.10108947753906,44.816890716552734,33.48269271850586
2020-12-23,127.3641128540039,159.2635040283203,38.19458770751953,224.24000549316406,341.9441833496094,68.61385345458984,85.91365814208984,85.70316314697266,131.12437438964844,109.35243225097656,156.77537536621094,319.5585632324219,266.0223693847656,211.5945281982422,12.972066879272461,60.74770736694336,215.32666015625,197.5814208984375,44.51232147216797,33.91300582885742
2020-12-24,128.34645080566406,158.63450622558594,38.733211517333984,226.52999877929688,344.48590087890625,68.32560729980469,86.23451232910156,85.99723052978516,131.58175659179688,108.8715591430664,157.89328002929688,326.1296691894531,265.3179016113281,213.250732421875,12.956608772277832,60.43141555786133,220.58999633789062,200.8535614013672,44.599342346191406,33.77498245239258
2020-12-28,132.93678283691406,164.197998046875,38.77091598510742,228.41000366210938,350.6087341308594,67.98129272460938,88.08135986328125,87.9709243774414,132.20315551757812,109.5885009765625,157.74172973632812,334.35089111328125,274.8431701660156,215.3665313720703,12.863127708435059,60.34769058227539,221.22999572753906,204.63583374023438,45.1339111328125,33.888648986816406
2020-12-29,131.16677856445312,166.10000610351562,38.51596450805664,229.57000732421875,352.17730712890625,67.74908447265625,87.21992492675781,87.16754913330078,133.0229949951172,109.29998779296875,157.8174591064453,336.4766540527344,274.6248779296875,214.59104919433594,12.906251907348633,59.96625900268555,221.99667358398438,206.3103790283203,44.84798049926758,33.507049560546875
2020-12-30,130.04833984375,164.29249572753906,39.03575134277344,229.64999389648438,353.8120422363281,68.32560729980469,86.26775360107422,86.10087585449219,134.67132568359375,109.60601806640625,158.22486877441406,345.10546875,269.7531433105469,212.22637939453125,13.108175277709961,59.91045379638672,231.5933380126953,210.15036010742188,44.8106803894043,33.77498245239258
2020-12-31,129.046630859375,162.84649658203125,39.306846618652344,231.8699951171875,356.0135498046875,67.6209487915039,86.8807144165039,86.91366577148438,135.81912231445312,111.10110473632812,159.95860290527344,346.4545593261719,271.03302001953125,212.93484497070312,13.017685890197754,60.18024826049805,235.22332763671875,210.50643920898438,44.80135726928711,33.46645736694336
2021-01-04,125.8567123413086,159.3314971923828,38.17302703857422,228.4499969482422,359.1978454589844,67.82915496826172,85.70834350585938,85.59902954101562,135.0596466064453,110.0519027709961,156.7943115234375,341.1647033691406,266.845947265625,208.40652465820312,13.076017379760742,59.30577087402344,243.2566680908203,209.5729217529297,45.54104995727539,33.69377899169922
2021-01-05,127.41276550292969,160.92550659179688,38.43156814575195,227.47000122070312,355.0308532714844,69.66281127929688,86.33717346191406,86.2893295288086,136.6475830078125,110.6507339477539,157.5711669921875,337.2142028808594,268.8601379394531,208.6075897216797,13.366434097290039,58.570838928222656,245.0366668701172,206.44515991210938,45.29863357543945,35.31758117675781
2021-01-06,123.12383270263672,156.91900634765625,38.19458770751953,230.27000427246094,349.6260986328125,71.90481567382812,86.05796813964844,85.43785095214844,137.93344116210938,115.84640502929688,155.6763916015625,337.3404235839844,261.259765625,203.19851684570312,12.578442573547363,58.43075942993164,251.9933319091797,204.62619018554688,45.58146286010742,36.21879577636719
2021-01-07,127.32522583007812,158.10800170898438,39.804203033447266,232.8800048828125,347.6418762207031,72.24112701416016,88.63481140136719,87.9897689819336,138.3994903564453,119.6507568359375,157.10693359375,340.012939453125,266.6474914550781,208.98095703125,13.305861473083496,58.89768981933594,272.0133361816406,205.7714080810547,45.57835388183594,36.50295639038086
2021-01-08,128.4241943359375,159.13499450683594,40.00617980957031,234.02999877929688,349.55047607421875,72.92976379394531,89.62468719482422,89.1546401977539,138.11468505859375,119.78282928466797,157.65643310546875,343.8907775878906,265.48663330078125,210.2542266845703,13.238802909851074,59.18717956542969,293.3399963378906,207.34979248046875,45.5721321105957,36.908912658691406
2021-01-11,125.43849182128906,155.7104949951172,40.01696014404297,233.42999267578125,343.94744873046875,73.34613037109375,87.61666870117188,87.09465789794922,137.5364532470703,121.57051086425781,176.15911865234375,338.39971923828125,254.8401336669922,208.21505737304688,13.582568168640137,58.86033630371094,270.39666748046875,204.8860321044922,45.77726364135742,38.029319763183594
2021-01-12,125.26344299316406,156.04150390625,40.342830657958984,233.02999877929688,344.1268005371094,74.7393798828125,86.61638641357422,86.15938568115234,136.46636962890625,123.48146057128906,169.3946990966797,333.268310546875,249.13491821289062,205.76422119140625,13.446209907531738,58.29068374633789,283.14666748046875,201.00758361816406,46.29939270019531,38.87370300292969
2021-01-13,127.29608154296875,158.29449462890625,40.50620651245117,234.50999450683594,346.7253723144531,74.66731262207031,87.00569152832031,86.64636993408203,136.25924682617188,123.59593963623047,175.7422332763672,336.582275390625,249.68060302734375,207.11410522460938,13.493071556091309,57.954505920410156,284.8033447265625,201.47915649414062,45.82698059082031,39.31212615966797
2021-01-14,125.37044525146484,156.37350463867188,40.58341598510742,235.02000427246094,342.3788757324219,76.46092224121094,86.30049133300781,85.83656311035156,138.64108276367188,124.31806182861328,176.86961364746094,317.7283630371094,243.72732543945312,203.93569946289062,13.162519454956055,57.52493667602539,281.6666564941406,194.27073669433594,45.677799224853516,40.84661865234375
2021-01-15,123.64901733398438,155.21249389648438,40.0250358581543,233.49000549316406,342.1993713378906,73.73847961425781,86.10260772705078,85.67290496826172,138.33905029296875,122.09007263183594,180.7350311279297,314.16168212890625,249.40283203125,203.5814971923828,12.822741508483887,57.69302749633789,275.38665771484375,194.01089477539062,44.95364761352539,38.88182067871094
2021-01-19,124.32008361816406,156.03799438476562,41.22978210449219,234.5500030517578,334.93316650390625,75.67622375488281,88.8138427734375,88.49211120605469,140.47930908203125,121.56171417236328,188.03944396972656,316.7662658691406,259.0670166015625,207.20982360839844,12.988022804260254,57.235443115234375,281.51666259765625,194.07821655273438,44.565147399902344,39.65312957763672
2021-01-20,128.4047393798828,163.16900634765625,41.46409225463867,234.75999450683594,341.3866882324219,76.37284851074219,93.57675170898438,93.2329330444336,140.13409423828125,119.73880004882812,190.67320251464844,325.48382568359375,265.3973388671875,214.77296447753906,13.327548027038574,57.487571716308594,283.48333740234375,198.26470947265625,45.22404861450195,40.21333312988281
2021-01-21,133.11187744140625,165.34950256347656,41.90756607055664,234.16000366210938,342.8040466308594,73.67442321777344,93.79247283935547,93.43525695800781,139.57315063476562,118.73487854003906,191.70591735839844,325.0269470214844,270.7453308105469,215.3760986328125,13.827864646911621,57.160728454589844,281.663330078125,197.42738342285156,45.01891326904297,39.0604362487793
2021-01-22,135.25144958496094,164.6114959716797,41.7459716796875,232.9199981689453,342.33160400390625,73.4502182006836,94.27848815917969,93.8523178100586,141.14378356933594,117.81903076171875,195.2965545654297,319.7303466796875,272.3627014160156,216.31427001953125,13.67330551147461,56.36697006225586,282.21331787109375,194.42469787597656,45.47888946533203,38.508338928222656
2021-01-25,138.99575805664062,164.6999969482422,41.7253303527832,233.00999450683594,341.93475341796875,72.78560638427734,94.1966552734375,93.93760681152344,143.2408905029297,116.3483657836914,201.1798858642578,319.9247131347656,275.8453063964844,219.7415771484375,13.614222526550293,56.87124252319336,293.6000061035156,193.42381286621094,45.43849182128906,38.07803726196289
2021-01-26,139.22911071777344,166.30650329589844,41.642730712890625,231.57000732421875,344.8639831542969,71.55249786376953,95.08138275146484,94.6155014038086,147.1244354248047,115.87286376953125,201.53041076660156,318.4766845703125,279.8538513183594,222.42218017578125,13.396848678588867,57.71170425415039,294.36334228515625,194.41510009765625,45.84562683105469,37.24178695678711
2021-01-27,138.15933227539062,161.62899780273438,39.92179870605469,227.36000061035156,336.7474060058594,70.62367248535156,90.79408264160156,90.20148468017578,144.88058471679688,112.59690856933594,196.65133666992188,306.6103820800781,270.02099609375,222.96791076660156,12.880826950073242,58.412086486816406,288.0533447265625,187.63978576660156,44.70500946044922,36.81958770751953
2021-01-28,133.32582092285156,161.88099670410156,40.55379867553711,230.9499969482422,337.3805236816406,71.28025817871094,92.39693450927734,91.90045166015625,145.98524475097656,114.57832336425781,199.0671844482422,315.15301513671875,262.9366149902344,228.74069213867188,13.013696670532227,57.170074462890625,278.4766540527344,190.767578125,44.67704391479492,37.39604568481445
2021-01-29,128.336669921875,160.30999755859375,40.44247055053711,227.8699951171875,333.0055847167969,68.22149658203125,91.03958129882812,90.6190185546875,140.78134155273438,113.31021881103516,197.03030395507812,307.38787841796875,256.318603515625,222.06800842285156,12.952619552612305,56.43233871459961,264.510009765625,185.98446655273438,43.66384506225586,36.4055290222168
2021-02-01,130.4568328857422,167.1439971923828,41.90038299560547,229.32000732421875,331.2008972167969,69.19037628173828,94.29334259033203,93.87760162353516,140.4188995361328,114.14678955078125,192.45431518554688,312.50958251953125,259.96990966796875,229.42999267578125,13.199165344238281,57.440879821777344,279.9366760253906,190.9022979736328,43.284671783447266,36.470481872558594
2021-02-02,131.2834930419922,169.0,42.81067657470703,232.24000549316406,335.98199462890625,69.71083068847656,95.59070587158203,95.16943359375,139.15892028808594,117.66050720214844,187.16783142089844,324.9589538574219,265.0003967285156,229.2959747314453,13.518000602722168,58.24399185180664,290.92999267578125,194.99252319335938,43.75086212158203,37.04693603515625
2021-02-03,130.2622833251953,165.62649536132812,41.76123809814453,232.67999267578125,335.63238525390625,71.23220825195312,102.66065979003906,102.10014343261719,138.5116424560547,119.00788116455078,186.59942626953125,323.4526062011719,264.57373046875,232.63714599609375,13.491826057434082,58.05723190307617,284.89666748046875,193.78953552246094,43.88451385498047,38.50022888183594
2021-02-04,133.6175994873047,166.5500030517578,42.24959945678711,235.77000427246094,336.9010314941406,71.26424407958984,102.27879333496094,101.83979034423828,139.7975311279297,121.74662780761719,191.0143280029297,331.237060546875,264.4150085449219,231.689453125,13.625195503234863,59.15916442871094,283.3299865722656,201.38291931152344,44.2978630065918,39.23905563354492
2021-02-05,133.20362854003906,167.6074981689453,41.83484649658203,235.16000366210938,336.2572021484375,71.4724349975586,104.04578399658203,103.58536529541016,141.92051696777344,121.50885772705078,191.1564178466797,329.2156982421875,266.012451171875,231.8712921142578,13.55215072631836,59.392616271972656,284.07666015625,200.92091369628906,44.86661911010742,40.5543327331543
2021-02-08,133.34976196289062,166.14700317382812,42.435428619384766,237.4199981689453,340.6690368652344,73.25004577636719,103.79336547851562,103.37162780761719,142.3261260986328,123.4110107421875,194.94602966308594,327.5440979003906,264.5042724609375,232.12977600097656,14.397480010986328,58.935035705566406,287.8066711425781,199.1116180419922,45.074859619140625,42.29991149902344
2021-02-09,132.47314453125,165.25,42.60868835449219,239.91000366210938,340.4134521484375,72.83367156982422,103.32719421386719,102.91887664794922,143.49118041992188,122.91785430908203,191.0995635986328,324.05511474609375,267.3519592285156,233.37435913085938,14.222481727600098,59.45798873901367,283.1533203125,198.7555389404297,45.32349395751953,41.80450439453125
2021-02-10,131.8692169189453,164.32899475097656,42.19752502441406,239.9199981689453,337.1566467285156,74.082763671875,103.91585540771484,103.46881866455078,143.95718383789062,122.98831939697266,193.63861083984375,324.803466796875,269.7531433105469,232.46487426757812,14.722050666809082,59.08445358276367,268.2733459472656,198.67852783203125,44.79513931274414,42.20909118652344
2021-02-11,131.6160125732422,163.10650634765625,42.946224212646484,239.75999450683594,333.4454040527344,73.68241119384766,103.94115447998047,103.5813980102539,143.30996704101562,122.6448745727539,192.7252960205078,333.2197570800781,268.28466796875,234.06362915039062,15.207159042358398,58.552162170410156,270.5533447265625,203.0546417236328,44.76095962524414,41.15220642089844
2021-02-12,131.84976196289062,163.885498046875,43.65812683105469,242.4600067138672,333.9661560058594,74.10680389404297,104.34879302978516,103.89282989501953,143.75869750976562,124.38850402832031,197.20616149902344,331.4023132324219,268.3937683105469,234.54237365722656,14.91848373413086,58.90702438354492,272.0400085449219,202.37991333007812,44.900814056396484,41.71368408203125
2021-02-16,129.72647094726562,163.44749450683594,43.9103889465332,245.27999877929688,335.1495666503906,75.62532043457031,105.2310562133789,104.66990661621094,142.45559692382812,127.38262176513672,195.75059509277344,331.6065368652344,271.8367919921875,233.30734252929688,15.286430358886719,58.02920913696289,265.40667724609375,200.394287109375,45.27066421508789,42.96872329711914
2021-02-17,127.43758392333984,165.4320068359375,43.31340408325195,245.25,338.9743957519531,77.89091491699219,105.5489501953125,105.06266784667969,142.96478271484375,127.7789535522461,196.4165496826172,327.8357238769531,271.43988037109375,234.324462890625,14.863395690917969,57.982521057128906,266.04998779296875,200.01834106445312,45.74928283691406,43.63752746582031
2021-02-18,126.33695983886719,166.4114990234375,43.383419036865234,243.5,337.9140930175781,77.14383697509766,104.99796295166016,104.42739868164062,143.03379821777344,128.2104034423828,191.33633422851562,328.933837890625,267.2924499511719,233.93106079101562,14.786616325378418,57.96384048461914,262.4599914550781,201.79193115234375,42.78428268432617,42.952205657958984
2021-02-19,126.49278259277344,162.4949951171875,43.984893798828125,241.85000610351562,335.8785400390625,77.79346466064453,104.20150756835938,103.5843734741211,140.65187072753906,130.350341796875,191.14605712890625,323.79278564453125,259.5234069824219,231.22509765625,14.883837699890137,57.08602523803711,260.4333190917969,197.33872985839844,42.99562072753906,43.24119186401367
2021-02-22,122.72344970703125,159.03700256347656,42.76399230957031,244.97000122070312,331.5613098144531,79.89666748046875,102.40328216552734,101.87103271484375,140.56504821777344,131.57444763183594,190.91770935058594,331.07196044921875,258.30291748046875,225.0262908935547,14.314716339111328,60.18638610839844,238.1666717529297,200.79913330078125,42.793601989746094,44.83476638793945
2021-02-23,122.58709716796875,159.72500610351562,42.363609313964844,245.52999877929688,323.9305725097656,80.9035873413086,102.69983673095703,102.16162872314453,139.3233184814453,132.6311798095703,192.63014221191406,340.5572204589844,263.7898864746094,223.8364715576172,14.101581573486328,60.233089447021484,232.94667053222656,204.45225524902344,42.10364532470703,45.454036712646484
2021-02-24,122.0903549194336,157.97650146484375,43.169769287109375,248.4499969482422,322.5577697753906,83.89191436767578,103.90543365478516,103.33641052246094,141.1903076171875,134.96485900878906,194.57089233398438,356.9815979003906,262.2519226074219,225.064697265625,14.457557678222656,60.41984176635742,247.33999633789062,211.5079803466797,41.40123748779297,46.8164176940918
2021-02-25,117.84371185302734,152.85800170898438,41.04035949707031,243.69000244140625,316.119873046875,83.11233520507812,100.74092102050781,99.97124481201172,141.3379364013672,133.13314819335938,193.9049835205078,344.5904846191406,252.70689392089844,219.7295379638672,13.269461631774902,60.980159759521484,227.4066619873047,206.03306579589844,41.0096435546875,46.04027557373047
2021-02-26,118.106689453125,154.64649963378906,42.181365966796875,240.50999450683594,313.3742980957031,81.20402526855469,101.01367950439453,100.26679229736328,137.60391235351562,129.601806640625,194.92295837402344,343.8907775878906,255.61410522460938,222.9824676513672,13.675301551818848,60.24242401123047,225.1666717529297,204.72216796875,40.378719329833984,44.89257049560547
2021-03-01,124.46690368652344,157.3070068359375,43.950775146484375,249.2100067138672,314.10333251953125,82.86872100830078,103.2280044555664,102.63472747802734,138.35072326660156,132.53433227539062,196.42605590820312,352.68597412109375,262.8473205566406,227.35804748535156,13.802186965942383,61.79261016845703,239.47666931152344,208.80911254882812,40.82937240600586,46.5687141418457
2021-03-02,121.86632537841797,154.72650146484375,43.13654708862305,249.22000122070312,310.96954345703125,83.18541717529297,102.94680786132812,102.37784576416016,138.09017944335938,132.10279846191406,194.2094268798828,352.6081848144531,256.9833068847656,224.4122314453125,13.36793041229248,62.250186920166016,228.81333923339844,207.98016357421875,40.437767028808594,46.29623794555664
2021-03-03,118.8858871459961,150.25,41.57002639770508,251.5500030517578,306.6712646484375,84.1192626953125,100.51033020019531,99.74609375,135.65869140625,134.65660095214844,192.1735076904297,350.1105041503906,253.42127990722656,218.35740661621094,12.76815128326416,62.48366928100586,217.73333740234375,207.09335327148438,39.65456008911133,46.66779327392578
2021-03-04,117.00608825683594,148.8784942626953,39.82215118408203,245.47999572753906,302.0512390136719,84.85822296142578,101.62020111083984,100.86286926269531,132.92332458496094,132.58712768554688,190.78453063964844,339.6632080078125,255.6339111328125,217.56094360351562,12.334890365600586,61.26964569091797,207.14666748046875,203.8643035888672,39.63591384887695,48.47604751586914
2021-03-05,118.26254272460938,150.0229949951172,40.410160064697266,253.14999389648438,300.4226989746094,88.51239013671875,104.56849670410156,103.99398803710938,135.55450439453125,132.89537048339844,196.8542022705078,350.7228088378906,262.2221984863281,222.2340087890625,12.425881385803223,65.3412094116211,199.31666564941406,207.63316345214844,40.13007736206055,50.3090705871582
2021-03-08,113.3341293334961,147.59750366210938,37.81663513183594,257.6099853515625,294.8369140625,89.12142944335938,100.38434600830078,99.55219268798828,136.6833953857422,134.65660095214844,196.9588165283203,360.8786926269531,253.3220672607422,218.1942596435547,11.560113906860352,67.3863525390625,187.6666717529297,212.3177032470703,39.74468231201172,50.259525299072266
2021-03-09,117.94110870361328,153.1425018310547,39.82305908203125,259.0199890136719,301.80499267578125,88.91842651367188,101.79922485351562,101.18173217773438,136.94395446777344,133.70555114746094,196.08358764648438,365.9226379394531,263.6708679199219,224.32582092285156,12.488774299621582,67.83457946777344,224.52667236328125,212.4044189453125,40.05860137939453,49.48339080810547
2021-03-10,116.8600082397461,152.8820037841797,39.28351974487305,263.989990234375,306.5860595703125,90.43694305419922,101.914794921875,100.97494506835938,138.20306396484375,136.61160278320312,195.45567321777344,370.9568786621094,262.83740234375,223.02085876464844,12.43690299987793,67.34900665283203,222.68666076660156,215.11300659179688,41.08112716674805,51.00264358520508
2021-03-11,118.78849792480469,155.67950439453125,40.728851318359375,260.9100036621094,311.1494140625,90.290771484375,104.8774642944336,104.16607666015625,138.1944122314453,135.89830017089844,195.2273712158203,373.5614318847656,271.7474670410156,227.54037475585938,12.960831642150879,62.95057678222656,233.1999969482422,217.98536682128906,41.06557846069336,50.622825622558594
2021-03-12,117.8826904296875,154.47450256347656,40.50262451171875,260.0199890136719,313.5068664550781,90.59121704101562,102.25648498535156,101.6597900390625,138.59384155273438,137.5098419189453,197.957763671875,371.9383850097656,266.3101806640625,226.21620178222656,12.823677062988281,62.71713638305664,231.2433319091797,216.26002502441406,41.6840705871582,51.167781829833984
2021-03-15,120.76570892333984,154.08399963378906,42.26216506958008,254.61000061035156,312.91033935546875,89.52743530273438,102.4831314086914,101.87995147705078,139.30589294433594,136.82293701171875,179.95814514160156,371.0151672363281,271.6184997558594,225.31419372558594,13.158086776733398,63.24943161010742,235.97999572753906,215.20938110351562,41.469608306884766,49.86320114135742
2021-03-16,122.30460357666016,154.59300231933594,42.9273796081543,251.5,309.823974609375,87.40803527832031,103.77401733398438,103.34039306640625,140.13088989257812,135.1849822998047,181.61351013183594,371.6177673339844,277.10540771484375,228.096923828125,13.257834434509277,62.42762756347656,225.6266632080078,216.58773803710938,41.457183837890625,48.80631637573242
2021-03-17,121.51570129394531,156.7864990234375,43.41304397583008,252.0,311.66064453125,87.7247314453125,103.7026138305664,103.25757598876953,139.60980224609375,136.57640075683594,177.64633178710938,368.0218200683594,281.798583984375,227.45399475097656,13.307709693908691,61.83931350708008,233.93666076660156,214.96841430664062,41.11219787597656,49.02099609375
2021-03-18,117.39567565917969,151.39950561523438,41.66786575317383,252.4600067138672,305.7813720703125,84.54964447021484,100.98193359375,100.23853302001953,139.34930419921875,138.83078002929688,174.9825439453125,356.6705627441406,276.4505920410156,221.3896026611328,12.69051742553711,62.32489776611328,217.72000122070312,212.69361877441406,40.57539367675781,46.90724182128906
2021-03-19,116.8697280883789,153.7480010986328,42.926368713378906,250.99000549316406,311.3956298828125,83.94872283935547,101.3281021118164,100.51722717285156,138.97592163085938,136.6204071044922,175.32501220703125,346.47589111328125,287.8510437011719,221.0345916748047,12.813455581665039,61.87666320800781,218.2899932861328,199.43038940429688,41.11531448364258,46.64302444458008
2021-03-22,120.18132781982422,155.5435028076172,43.00055694580078,250.36000061035156,316.67840576171875,83.26660919189453,101.09947204589844,100.70220947265625,139.3753662109375,132.9481964111328,176.7996368408203,348.3126220703125,291.25439453125,226.44647216796875,13.153098106384277,61.93268966674805,223.3333282470703,200.4906463623047,41.31193923950195,46.16412353515625
2021-03-23,119.3534164428711,156.875,41.985435485839844,248.30999755859375,322.2169494628906,82.80374908447266,101.81212615966797,101.22984313964844,139.24514770507812,131.61846923828125,174.7447052001953,345.2706604003906,288.3670654296875,227.97213745117188,13.037891387939453,62.81982421875,220.72000122070312,200.63525390625,41.80192947387695,45.59440612792969
2021-03-24,116.96712493896484,154.35350036621094,41.37111282348633,249.6300048828125,320.0393981933594,85.0206298828125,101.42034912109375,100.79344177246094,140.59979248046875,132.63999938964844,171.40545654296875,349.52740478515625,279.9431457519531,225.9379119873047,12.611215591430664,62.40895080566406,210.08999633789062,200.55813598632812,41.54289245605469,46.519168853759766
2021-03-25,117.4541015625,152.31300354003906,41.771915435791016,250.75,327.8974304199219,85.32109069824219,101.38562774658203,100.78996276855469,140.65188598632812,134.3395538330078,174.1834259033203,348.2737731933594,276.5696716308594,222.94407653808594,12.50373363494873,64.08987426757812,213.4633331298828,200.46176147460938,41.82378005981445,46.38706588745117
2021-03-26,118.0580062866211,152.60150146484375,43.61216735839844,256.7699890136719,333.27490234375,87.27811431884766,100.9487075805664,100.40664672851562,143.2222900390625,136.57640075683594,176.29537963867188,355.83477783203125,280.8162841796875,226.91665649414062,12.806968688964844,65.60270690917969,206.23666381835938,205.8209991455078,42.17332077026367,47.650360107421875
2021-03-29,118.23333740234375,153.7864990234375,42.75990295410156,258.82000732421875,337.18505859375,86.82335662841797,101.96041107177734,101.45101165771484,144.18621826171875,134.45407104492188,177.2753143310547,352.6956787109375,288.5555725097656,225.72682189941406,12.915696144104004,66.42446899414062,203.76333618164062,206.76564025878906,42.65393829345703,47.3943977355957
2021-03-30,116.78205108642578,152.76449584960938,41.27069091796875,258.19000244140625,331.1258239746094,86.01943969726562,101.94007110595703,101.4847412109375,143.29177856445312,136.0392303466797,176.4761505126953,348.11822509765625,285.75750732421875,222.47389221191406,12.839386940002441,65.88287353515625,211.8733367919922,204.24984741210938,42.36369705200195,46.80815887451172
2021-03-31,118.97357177734375,154.70399475097656,41.94924545288086,255.47000122070312,333.7105407714844,85.09371185302734,102.58924865722656,102.28065490722656,142.71864318847656,134.0577850341797,177.73196411132812,346.02874755859375,292.2366638183594,226.23533630371094,13.314690589904785,65.52800750732422,222.64332580566406,204.0859832763672,42.39178466796875,46.09807586669922
2021-04-01,119.80144500732422,158.0500030517578,43.0611686706543,258.20001220703125,336.0394287109375,85.87326049804688,106.01710510253906,105.61608123779297,141.39871215820312,135.36111450195312,176.2288055419922,353.0746765136719,296.33453369140625,232.54925537109375,13.77702808380127,67.05951690673828,220.5833282470703,209.03079223632812,42.32625198364258,47.38614273071289
2021-04-05,122.62604522705078,161.3365020751953,44.1948127746582,262.6600036621094,341.6063232421875,84.86634063720703,110.37134552001953,110.03852081298828,141.9197540283203,136.07864379882812,175.8958282470703,357.9533996582031,306.50469970703125,238.9975128173828,13.952335357666016,69.2540512084961,230.35000610351562,211.1321258544922,43.51531982421875,46.65127944946289
2021-04-06,122.92798614501953,161.1909942626953,43.77773666381836,263.05999755859375,340.9436340332031,84.11115264892578,110.3316879272461,109.55751037597656,141.88502502441406,135.12197875976562,173.90750122070312,359.1682434082031,303.8753662109375,237.83645629882812,13.826651573181152,69.36609649658203,230.5399932861328,210.7561798095703,43.724430084228516,46.519168853759766
2021-04-07,124.57402801513672,163.96949768066406,43.6501579284668,263.6199951171875,339.7035217285156,84.60649871826172,111.56803894042969,111.03380584716797,142.07608032226562,137.23904418945312,173.45086669921875,360.63580322265625,310.6522216796875,239.79393005371094,14.107942581176758,69.46927642822266,223.6566619873047,211.35379028320312,43.63080596923828,46.725589752197266
2021-04-08,126.97005462646484,164.96499633789062,43.923397064208984,263.510009765625,341.9850769042969,83.65640258789062,112.34962463378906,111.59913635253906,141.52027893066406,137.40733337402344,173.7267608642578,367.5440673828125,310.58270263671875,243.0084686279297,14.281005859375,70.60411071777344,227.93333435058594,212.73216247558594,43.60270690917969,46.23844528198242
2021-04-09,129.5414276123047,168.61000061035156,43.88810348510742,266.010009765625,343.8690490722656,83.57520294189453,113.36328887939453,112.60282897949219,140.0266571044922,138.4348907470703,175.51531982421875,369.8209533691406,310.0270080566406,245.50331115722656,14.363797187805176,70.88548278808594,225.67333984375,214.48641967773438,43.62456130981445,46.1310920715332
2021-04-12,127.82720184326172,168.96949768066406,43.75963592529297,267.92999267578125,345.38397216796875,82.64949035644531,111.82144927978516,111.31102752685547,140.36532592773438,138.142578125,172.97518920898438,369.5874938964844,309.1142578125,245.56089782714844,15.17076301574707,71.39193725585938,233.9933319091797,213.474365234375,43.63080596923828,45.825592041015625
2021-04-13,130.93417358398438,170.0,43.87633514404297,267.1000061035156,345.7625427246094,83.02301025390625,112.44036865234375,111.79750061035156,138.48959350585938,136.49497985839844,173.65066528320312,367.9235534667969,307.3481140136719,248.0365447998047,15.640083312988281,71.90779876708984,254.10667419433594,213.0406036376953,43.496604919433594,45.998985290527344
2021-04-14,128.5966339111328,166.64999389648438,43.18331527709961,267.5299987792969,343.8311767578125,84.67144775390625,111.82392883300781,111.17662811279297,138.8717041015625,133.94384765625,174.09779357910156,368.10845947265625,300.46209716796875,245.25379943847656,15.238593101501465,72.0484619140625,244.07666015625,213.9659881591797,43.48099136352539,47.328346252441406
2021-04-15,131.00238037109375,168.95449829101562,43.42758560180664,269.1400146484375,349.1614074707031,83.98123168945312,113.89790344238281,113.32586669921875,139.27984619140625,134.79420471191406,176.87574768066406,376.0579528808594,305.4231872558594,249.00570678710938,16.096677780151367,73.42716979980469,246.28334045410156,218.1106719970703,43.74315643310547,47.047607421875
2021-04-16,130.6712646484375,169.9720001220703,43.318119049072266,272.1099853515625,350.9791259765625,83.6076889038086,113.95245361328125,113.2018814086914,140.88636779785156,135.795166015625,180.0437469482422,375.7465515136719,303.79595947265625,250.195556640625,15.872495651245117,74.04615783691406,246.5933380126953,218.23602294921875,43.88359832763672,46.783390045166016
2021-04-19,131.33355712890625,168.60049438476562,41.79905700683594,270.2799987792969,349.8714294433594,83.85130310058594,114.18257904052734,113.54950714111328,141.27711486816406,135.21937561035156,180.41477966308594,371.8448486328125,299.88665771484375,248.27645874023438,15.323128700256348,73.85857391357422,238.2100067138672,217.63833618164062,43.60270690917969,46.634761810302734
2021-04-20,129.64854431152344,166.7344970703125,41.37022018432617,267.8900146484375,351.9354248046875,82.2840576171875,113.74765014648438,113.01641845703125,144.5682830810547,132.22537231445312,181.33753967285156,366.4641418457031,300.2934265136719,247.8158416748047,15.133110046386719,74.3181381225586,239.663330078125,215.21902465820312,43.93977737426758,45.65219497680664
2021-04-21,130.02842712402344,168.1009979248047,41.599117279052734,272.2099914550781,354.1697082519531,83.42090606689453,113.73076629638672,112.98369598388672,144.66384887695312,133.35032653808594,181.6610565185547,372.75946044921875,299.12261962890625,250.04200744628906,15.321881294250488,71.89839935302734,248.0399932861328,219.23851013183594,44.06774139404297,46.23844528198242
2021-04-22,128.5089569091797,165.45199584960938,41.175689697265625,269.510009765625,351.4905090332031,81.97547149658203,112.47261047363281,111.70277404785156,143.43942260742188,130.54232788085938,177.9507598876953,373.01239013671875,294.211181640625,246.76998901367188,14.812915802001953,70.21957397460938,239.89666748046875,219.3541259765625,43.59022521972656,45.63570022583008
2021-04-23,130.82708740234375,167.04400634765625,42.17272186279297,271.9800109863281,353.40289306640625,82.46269989013672,114.82231903076172,114.05384063720703,143.7346649169922,133.04029846191406,179.53955078125,376.6125183105469,298.78533935546875,250.5889892578125,15.226873397827148,70.3133773803711,243.13333129882812,221.6964111328125,43.66200637817383,45.88339614868164
2021-04-26,131.21669006347656,170.4499969482422,42.69022750854492,270.8599853515625,348.8962707519531,82.43833923339844,115.38965606689453,114.54974365234375,142.51889038085938,133.36802673339844,178.11253356933594,377.011474609375,300.680419921875,250.9728240966797,15.439083099365234,69.87257385253906,246.06666564941406,222.0241241455078,43.040950775146484,45.97420883178711
2021-04-27,130.8952178955078,170.8715057373047,42.19261932373047,273.6499938964844,350.496337890625,83.39655303955078,114.4166488647461,113.61001586914062,141.70265197753906,133.97921752929688,173.3462371826172,378.568359375,301.206298828125,251.37583923339844,15.343079566955566,70.54784393310547,234.913330078125,221.60964965820312,43.1876220703125,46.57697296142578
2021-04-28,130.10630798339844,172.9250030517578,41.54572296142578,272.95001220703125,349.9093322753906,85.44288635253906,118.02651977539062,116.98511505126953,140.66061401367188,134.8473358154297,171.7669677734375,384.9706726074219,304.7088317871094,244.26547241210938,15.23834228515625,70.12579345703125,231.46665954589844,225.02188110351562,43.034706115722656,47.98063278198242
2021-04-29,130.00894165039062,173.5655059814453,42.18720245361328,277.6000061035156,354.406494140625,86.80712127685547,120.50515747070312,118.65729522705078,142.58840942382812,137.46937561035156,173.33668518066406,378.4515075683594,326.9443359375,242.2983856201172,15.28622055053711,71.15746307373047,225.6666717529297,228.30874633789062,43.57774353027344,48.66594696044922
2021-04-30,128.0414581298828,173.37100219726562,41.2743034362793,274.95001220703125,353.0308532714844,83.697021484375,119.52470397949219,116.71039581298828,141.3118896484375,136.24693298339844,173.87899780273438,371.74749755859375,322.54876708984375,241.9817352294922,14.971763610839844,71.08245086669922,236.47999572753906,225.12789916992188,43.665138244628906,47.26229476928711
2021-05-03,129.09336853027344,169.32449340820312,40.72603988647461,279.17999267578125,359.8905029296875,85.69461822509766,118.78329467773438,116.19364929199219,143.46548461914062,135.8483123779297,176.87574768066406,369.1592102050781,320.0682678222656,241.67469787597656,14.79944896697998,72.52678680419922,228.3000030517578,224.21217346191406,44.3548583984375,48.56687545776367
2021-05-04,124.52532958984375,165.593505859375,40.21937942504883,280.260009765625,356.0669250488281,86.16560363769531,116.75396728515625,114.39602661132812,145.6885223388672,137.72622680664062,179.0448455810547,365.7635803222656,315.8810729980469,237.76930236816406,14.315168380737305,73.65225219726562,224.53334045410156,223.65313720703125,43.91792297363281,48.872371673583984
2021-05-05,124.76881408691406,163.52699279785156,40.1551399230957,282.760009765625,353.419921875,88.47991180419922,116.87744140625,114.78976440429688,145.08065795898438,139.53329467773438,183.43057250976562,359.1762390136719,312.567138671875,236.5026397705078,14.422150611877441,74.2712631225586,223.64666748046875,220.93495178222656,43.88047409057617,50.342098236083984
2021-05-06,126.3662109375,165.31849670410156,40.584896087646484,289.7099914550781,363.15435791015625,88.52863311767578,118.09793090820312,115.90950775146484,145.66250610351562,142.34133911132812,184.45803833007812,365.3450927734375,317.5281982421875,239.6307830810547,14.486488342285156,74.78710174560547,221.17999267578125,222.96878051757812,44.19379425048828,50.82099533081055
2021-05-07,127.03938293457031,164.58050537109375,40.94678497314453,290.92999267578125,364.6344909667969,89.3406753540039,118.9578628540039,116.63253021240234,146.32244873046875,142.82855224609375,185.91357421875,365.2673034667969,316.5954895019531,242.25039672851562,14.775010108947754,75.40609741210938,224.1233367919922,223.7398681640625,43.92747116088867,51.547603607177734
2021-05-10,123.76121520996094,159.52450561523438,39.45578384399414,292.3299865722656,361.93988037109375,88.97527313232422,116.12958526611328,113.64820098876953,147.8594970703125,142.810791015625,185.2857208251953,356.4517822265625,303.587646484375,237.1839599609375,14.229887008666992,75.171630859375,209.67999267578125,217.81187438964844,44.121726989746094,51.67145538330078
2021-05-11,122.8440933227539,161.19549560546875,39.81496810913086,285.6300048828125,358.80889892578125,86.64470672607422,114.49799346923828,112.57259368896484,146.65240478515625,140.43679809570312,185.27621459960938,357.6875305175781,304.1432189941406,236.27235412597656,14.270282745361328,72.86444091796875,205.73333740234375,217.33956909179688,43.72382354736328,50.02833557128906
2021-05-12,119.78054809570312,157.5970001220703,38.2144775390625,282.9100036621094,353.1352233886719,87.18878173828125,111.04235076904297,109.1106948852539,146.0619354248047,139.4712677001953,183.8015594482422,346.9941101074219,300.1942443847656,229.33474731445312,13.723910331726074,71.9828109741211,196.6300048828125,212.66468811035156,42.59272384643555,50.29641342163086
2021-05-13,121.9269790649414,158.07350158691406,38.95817184448242,286.8999938964844,360.0896911621094,86.62847137451172,112.17753601074219,110.53840637207031,147.5902862548828,143.05882263183594,186.27650451660156,350.3023376464844,302.88311767578125,233.20179748535156,13.630895614624023,73.28648376464844,190.56333923339844,215.97567749023438,43.31336212158203,49.67648696899414
2021-05-14,124.3465805053711,161.14500427246094,39.95519256591797,290.67999267578125,364.7293395996094,88.89405822753906,114.86495971679688,112.98516845703125,147.8160400390625,145.2822265625,187.49005126953125,354.0873718261719,313.4800109863281,238.1147003173828,14.207191467285156,73.98988342285156,196.5800018310547,219.06463623046875,43.71441650390625,50.907936096191406
2021-05-17,123.19530487060547,163.51950073242188,39.803199768066406,289.2200012207031,364.29278564453125,89.9822006225586,115.12532806396484,113.50785827636719,147.96368408203125,145.8668670654297,186.8402557373047,353.4937744140625,313.003662109375,235.26483154296875,14.129887580871582,74.1680908203125,192.27667236328125,218.5819549560547,43.51702880859375,52.097496032714844
2021-05-18,121.80990600585938,161.61399841308594,39.24225616455078,287.5899963378906,363.20184326171875,87.27788543701172,114.23365020751953,112.19619750976562,148.01577758789062,143.81178283691406,185.9803009033203,353.2700500488281,307.5465393066406,233.24974060058594,13.980513572692871,73.80229949951172,192.6233367919922,217.74215698242188,44.4632568359375,50.62311553955078
2021-05-19,121.65379333496094,161.58999633789062,39.96424865722656,286.2200012207031,360.21307373046875,84.82837677001953,114.4955062866211,112.64398956298828,147.69448852539062,142.71336364746094,187.7767333984375,351.23651123046875,311.1482849121094,233.82676696777344,14.030386924743652,73.84919738769531,187.82000732421875,216.79620361328125,44.46638870239258,49.40842819213867
2021-05-20,124.20999908447266,162.38400268554688,41.165740966796875,286.7300109863281,363.9322509765625,85.12427520751953,116.84520721435547,114.4019775390625,148.55418395996094,142.46533203125,190.6624755859375,357.7751159667969,316.1291198730469,237.0584259033203,14.575764656066895,73.83045196533203,195.5933380126953,218.5819549560547,44.623050689697266,49.29115295410156
2021-05-21,122.37577819824219,160.1540069580078,40.82555389404297,287.739990234375,361.21881103515625,85.58458709716797,116.30017852783203,113.76622009277344,148.45867919921875,144.08639526367188,190.99696350097656,357.6778564453125,313.7677001953125,235.79840087890625,14.954060554504395,74.12120819091797,193.6266632080078,218.90048217773438,44.41312026977539,49.3581657409668
2021-05-24,124.00511169433594,162.24949645996094,41.54482650756836,289.7300109863281,363.8089904785156,86.80113220214844,119.3536148071289,117.08430480957031,149.02662658691406,144.8658905029297,192.0863037109375,362.3287353515625,322.102294921875,241.19403076171875,15.572751998901367,74.44942474365234,202.14666748046875,221.36203002929688,44.41625213623047,49.936195373535156
2021-05-25,123.80998229980469,162.95249938964844,41.57649230957031,287.20001220703125,365.6402282714844,85.37910461425781,119.47264099121094,117.175048828125,148.6159210205078,143.3688507080078,190.3662567138672,357.3080749511719,325.23773193359375,242.09808349609375,15.608410835266113,73.93360900878906,201.56333923339844,221.07241821289062,44.59797668457031,48.80527114868164
2021-05-26,123.76121520996094,163.25799560546875,41.66244888305664,287.3299865722656,365.86785888671875,85.58458709716797,120.68567657470703,118.0399169921875,147.73341369628906,143.35118103027344,192.05763244628906,352.8613586425781,325.1087341308594,241.87692260742188,15.660527229309082,74.33689880371094,206.3766632080078,219.19009399414062,44.544708251953125,49.374916076660156
2021-05-27,122.22943878173828,161.5054931640625,42.31294631958008,289.29998779296875,367.6514892578125,84.67219543457031,119.14730834960938,117.16563415527344,147.50619506835938,145.58340454101562,190.34716796875,352.22900390625,330.1590576171875,239.78016662597656,15.449061393737793,74.07433319091797,210.28334045410156,218.98741149902344,44.394317626953125,49.05658721923828
2021-05-28,121.57574462890625,161.15350341796875,42.733665466308594,289.44000244140625,358.89422607421875,85.3133544921875,119.59612274169922,116.87651824951172,147.8907470703125,145.4860076904297,190.86317443847656,350.8472595214844,326.17041015625,240.13604736328125,16.203657150268555,73.84919738769531,208.4066619873047,219.41212463378906,44.500850677490234,48.89741516113281
2021-06-01,121.25379180908203,160.9324951171875,42.369956970214844,289.8399963378906,358.8563232421875,87.66419219970703,120.5011978149414,118.08303833007812,144.64013671875,147.08929443359375,189.60183715820312,350.0785827636719,326.5672607421875,237.94322204589844,16.223608016967773,74.6276626586914,207.96665954589844,218.765380859375,44.384925842285156,50.64824676513672
2021-06-02,122.01477813720703,161.69949340820312,42.860328674316406,290.0199890136719,361.09539794921875,88.83964538574219,120.07816314697266,117.55789184570312,145.22560119628906,147.09814453125,190.28028869628906,356.94805908203125,326.5871276855469,237.84706115722656,16.73606300354004,75.2841796875,201.7066650390625,221.69024658203125,44.28779220581055,51.050350189208984
2021-06-03,120.53178405761719,159.35049438476562,42.05238342285156,291.9700012207031,364.20745849609375,88.43688201904297,119.25145721435547,116.41680908203125,145.08578491210938,147.1956024169922,193.6916046142578,352.0538635253906,323.5013732910156,236.3178253173828,16.927085876464844,76.05323028564453,190.94667053222656,220.1940155029297,44.36612319946289,51.25140380859375
2021-06-04,122.82456970214844,160.31100463867188,42.9752311706543,292.5199890136719,367.6705322265625,89.14378356933594,121.58975219726562,118.69746398925781,145.02459716796875,147.4347381591797,193.04183959960938,356.14044189453125,327.77777099609375,241.20364379882812,17.534059524536133,77.74142456054688,199.68333435058594,222.15359497070312,44.444454193115234,51.47758865356445
2021-06-07,122.83433532714844,159.90049743652344,41.96010208129883,289.4599914550781,360.9151611328125,88.56838989257812,122.30042266845703,119.1303939819336,144.0372314453125,146.7438507080078,212.63079833984375,354.2527770996094,333.959228515625,244.1082000732422,17.5747013092041,78.72621154785156,201.7100067138672,223.2926483154297,44.14679718017578,51.14250183105469
2021-06-08,123.65386962890625,163.20550537109375,41.93748092651367,289.19000244140625,360.2510070800781,89.37393951416016,123.13159942626953,118.93895721435547,142.7702178955078,146.15914916992188,210.8916778564453,355.4009704589844,331.0818176269531,242.91561889648438,17.41311264038086,79.35459899902344,201.19667053222656,223.99728393554688,43.81154251098633,52.047237396240234
2021-06-09,124.03439331054688,164.0574951171875,41.97366714477539,288.5799865722656,360.4977111816406,88.59306335449219,123.55562591552734,119.41008758544922,144.6925811767578,144.3343963623047,215.95611572265625,353.5231018066406,327.6785583496094,243.89662170410156,17.31857681274414,79.27017211914062,199.5933380126953,224.248291015625,43.57655334472656,52.48284149169922
2021-06-10,123.0392074584961,167.4824981689453,42.402523040771484,284.9100036621094,363.39154052734375,89.11087799072266,125.05332946777344,120.75843048095703,145.9945526123047,142.08445739746094,223.1610565185547,354.4669189453125,329.87127685546875,247.40707397460938,17.38517189025879,77.1880874633789,203.3733367919922,225.83135986328125,43.827213287353516,52.56661605834961
2021-06-11,124.2490234375,167.3415069580078,42.586185455322266,286.82000732421875,362.27197265625,88.69992065429688,124.67294311523438,120.51396942138672,144.14208984375,141.98699951171875,214.13096618652344,355.6344909667969,328.6806640625,248.03225708007812,17.784509658813477,77.75081634521484,203.29666137695312,226.80633544921875,44.09980392456055,52.08073806762695
2021-06-14,127.3028335571289,169.19349670410156,43.05031967163086,283.5299987792969,364.1030578613281,88.74922180175781,125.3230972290039,121.44178771972656,144.50033569335938,139.5775909423828,216.05169677734375,356.62689208984375,334.1477966308594,249.95582580566406,17.977569580078125,77.48821258544922,205.89666748046875,225.95681762695312,44.0402717590332,51.99697494506836
2021-06-15,126.4832534790039,169.156494140625,42.58980941772461,283.94000244140625,364.2454528808594,90.66443634033203,125.0067138671875,120.4241943359375,143.73143005371094,137.46047973632812,213.5863494873047,358.18365478515625,334.1279296875,248.48428344726562,17.747846603393555,76.56908416748047,199.7866668701172,224.89503479003906,43.864803314208984,53.89020538330078
2021-06-16,126.98084259033203,170.7624969482422,42.13834762573242,283.1099853515625,359.9759521484375,90.1465835571289,124.67294311523438,119.78250885009766,143.678955078125,138.42604064941406,210.94898986816406,353.9998779296875,328.5020751953125,247.54171752929688,17.769548416137695,72.29232025146484,201.6233367919922,221.63229370117188,42.97185516357422,53.69752883911133
2021-06-17,128.5808868408203,174.46200561523438,42.62870788574219,278.69000244140625,365.0424499511719,88.00943756103516,125.34194946289062,120.74552917480469,144.3692626953125,134.4309844970703,212.33457946777344,357.3761291503906,333.88983154296875,250.92718505859375,18.61461067199707,72.74249267578125,205.53334045410156,224.09381103515625,43.15044403076172,51.929962158203125
2021-06-18,127.28329467773438,174.34500122070312,41.93476867675781,274.0400085449219,361.37054443359375,84.6886215209961,124.54499053955078,119.12641906738281,141.53817749023438,131.02951049804688,208.8372039794922,357.50262451171875,327.0931701660156,249.5133514404297,18.59615135192871,71.49512481689453,207.77000427246094,222.4141845703125,42.351478576660156,50.59798812866211
2021-06-21,129.0784912109375,172.697998046875,42.364234924316406,277.1000061035156,366.9873962402344,87.17102813720703,125.4252700805664,120.81396484375,143.16342163085938,133.2528839111328,212.77413940429688,363.0195617675781,329.70269775390625,252.59103393554688,18.385133743286133,73.14579772949219,206.94332885742188,226.1885223388672,42.73686218261719,52.432579040527344
2021-06-22,130.717529296875,175.27200317382812,42.34964370727539,276.9200134277344,372.09185791015625,87.45872497558594,125.96533203125,121.32772827148438,142.97117614746094,133.05801391601562,211.59878540039062,367.8360290527344,336.3901672363281,255.36093139648438,18.843582153320312,73.79293060302734,207.90333557128906,227.74264526367188,42.93424987792969,53.43783950805664
2021-06-23,130.44435119628906,175.1909942626953,42.55115509033203,274.6600036621094,371.8926086425781,87.35186767578125,125.43170928955078,121.12589263916016,142.10614013671875,133.8641357421875,207.45169067382812,365.01434326171875,337.93798828125,255.1300811767578,19.013694763183594,73.24896240234375,218.85667419433594,226.53604125976562,42.598995208740234,53.83156967163086
2021-06-24,130.16148376464844,172.45399475097656,42.86117935180664,275.489990234375,371.9873962402344,88.06698608398438,126.24553680419922,121.49584197998047,142.7527313232422,135.09535217285156,222.61634826660156,364.63482666015625,340.50787353515625,256.4958801269531,19.161605834960938,72.91131591796875,226.60667419433594,228.04188537597656,42.89664840698242,54.049373626708984
2021-06-25,129.8687744140625,170.072998046875,42.14448928833008,278.3800048828125,374.3024597167969,88.1985092163086,125.96086120605469,121.5042724609375,143.48675537109375,136.4595489501953,219.9886016845703,369.3636474609375,338.71197509765625,254.8896026611328,18.987503051757812,73.58660888671875,223.9566650390625,229.0844268798828,43.40422821044922,54.16665267944336
2021-06-28,131.49807739257812,172.1945037841797,43.11101531982422,276.6099853515625,376.22845458984375,85.47773742675781,125.78679656982422,121.53155517578125,143.3207244873047,136.70758056640625,218.07749938964844,357.7556457519531,352.8708801269531,258.4482727050781,19.939329147338867,73.62410736083984,229.57333374023438,225.9664764404297,43.269500732421875,52.784423828125
2021-06-29,133.0103759765625,172.40699768066406,43.507667541503906,276.2099914550781,378.3632507324219,85.2886962890625,124.9923324584961,121.27021026611328,143.32943725585938,136.53924560546875,219.1763458251953,358.0669860839844,349.1501159667969,261.02581787109375,19.98097801208496,73.24896240234375,226.9199981689453,227.76193237304688,43.01885223388672,52.45771026611328
2021-06-30,133.62501525878906,172.00799560546875,43.479408264160156,277.9200134277344,375.4029846191406,86.09423065185547,124.29553985595703,121.08871459960938,143.94985961914062,137.7793731689453,219.31968688964844,355.2355651855469,345.0025939941406,260.544921875,19.956785202026367,73.00509643554688,226.56666564941406,225.70587158203125,44.18439865112305,52.84306335449219
2021-07-01,133.92747497558594,171.64849853515625,42.82288360595703,280.1700134277344,374.3214111328125,87.30255889892578,125.3394775390625,121.4407958984375,145.01588439941406,139.1435089111328,220.858154296875,360.7038269042969,351.630615234375,261.2181396484375,20.165807723999023,74.59951782226562,225.97332763671875,226.98968505859375,43.65174102783203,52.993839263916016
2021-07-02,136.55197143554688,175.5489959716797,42.688846588134766,279.1199951171875,378.50555419921875,87.18744659423828,127.67082977294922,124.23072814941406,147.65475463867188,139.00991821289062,223.56236267089844,364.9072570800781,351.93817138671875,267.0369873046875,20.44017791748047,76.73789978027344,226.3000030517578,230.3489227294922,43.89927291870117,52.91845703125
2021-07-06,138.5618133544922,183.78700256347656,43.15479278564453,277.32000732421875,378.42962646484375,85.47773742675781,128.71424865722656,125.15559387207031,146.77223205566406,136.67572021484375,224.95750427246094,365.9678649902344,350.0331115722656,267.0465393066406,20.65118980407715,77.91962432861328,219.86000061035156,231.28530883789062,43.846012115478516,51.41057205200195
2021-07-07,141.0497283935547,184.82899475097656,42.81377029418945,279.239990234375,383.9515075683594,84.60645294189453,129.0182647705078,125.43726348876953,148.03048706054688,136.83607482910156,225.33969116210938,363.8272399902344,347.76092529296875,269.2297668457031,20.325185775756836,80.7426528930664,214.88333129882812,231.67138671875,43.77394485473633,50.606361389160156
2021-07-08,139.7520751953125,186.57049560546875,42.90129852294922,274.1000061035156,386.2950439453125,84.33518981933594,128.1251220703125,124.01898193359375,147.74215698242188,134.4751434326172,226.58197021484375,360.6221923828125,342.9586181640625,266.8157043457031,19.857261657714844,80.27373504638672,217.60333251953125,228.39906311035156,43.73634719848633,50.38017654418945
2021-07-09,141.57656860351562,185.9669952392578,43.78395080566406,280.489990234375,391.2476501464844,85.54351043701172,128.5193634033203,124.48958587646484,148.32757568359375,138.77830505371094,224.54660034179688,363.3011474609375,347.6914978027344,267.3157958984375,20.004426956176758,82.3089370727539,218.98333740234375,230.19447326660156,43.95879364013672,51.29329299926758
2021-07-12,140.98135375976562,185.92750549316406,44.291831970214844,280.1099853515625,386.9875793457031,85.71611022949219,129.5008087158203,125.93465423583984,148.09165954589844,140.76502990722656,225.52130126953125,365.8534240722656,350.4101867675781,266.7194519042969,20.465618133544922,81.6711654663086,228.56666564941406,229.61534118652344,43.88047790527344,51.24302673339844
2021-07-13,142.0936279296875,183.8679962158203,44.133174896240234,279.2099914550781,386.20965576171875,85.42840576171875,129.9278106689453,126.29766082763672,147.908203125,138.67132568359375,224.8428497314453,373.7928466796875,349.3485107421875,270.2396545410156,20.203720092773438,81.66180419921875,222.84666442871094,233.9398651123047,44.04653549194336,51.000091552734375
2021-07-14,145.5181884765625,184.08399963378906,43.912506103515625,278.30999755859375,388.95166015625,83.81733703613281,131.00697326660156,127.18582153320312,148.9130096435547,138.19918823242188,225.84619140625,380.69952392578125,344.9232482910156,271.711181640625,19.796146392822266,83.10205841064453,217.7933349609375,237.45355224609375,44.350460052490234,49.869163513183594
2021-07-15,144.86448669433594,181.55999755859375,43.52498245239258,279.7200012207031,390.7257995605469,83.2666015625,130.19757080078125,125.96392059326172,147.1217041015625,138.50210571289062,221.1830291748047,380.144287109375,341.7778625488281,270.2877197265625,18.922903060913086,81.18169403076172,216.86666870117188,239.92466735839844,44.384925842285156,49.38330078125
2021-07-16,142.8253936767578,178.68150329589844,42.679725646972656,277.8999938964844,389.3500671386719,81.06370544433594,130.77183532714844,125.92919921875,146.88583374023438,135.33932495117188,222.1290283203125,377.1146545410156,338.50360107421875,270.0184326171875,18.119487762451172,82.3583984375,214.74000549316406,239.5096435546875,44.35359191894531,48.017818450927734
2021-07-19,138.98133850097656,177.47950744628906,42.46089172363281,272.6600036621094,392.9364318847656,78.87724304199219,128.20144653320312,123.55680847167969,145.81982421875,130.9381866455078,223.734375,356.0047912597656,334.32635498046875,266.4213562011719,18.73682975769043,81.8783187866211,215.4066619873047,232.06716918945312,44.25019454956055,46.36751937866211
2021-07-20,142.59124755859375,178.6595001220703,42.72714614868164,276.8900146484375,394.91937255859375,79.34576416015625,130.03395080566406,125.17493438720703,147.191650390625,133.37930297851562,224.5752410888672,364.7137145996094,338.99969482421875,268.6429748535156,18.569461822509766,83.45975494384766,220.1666717529297,234.27769470214844,44.45072555541992,46.878536224365234
2021-07-21,141.8594970703125,179.25999450683594,43.67818069458008,279.8800048828125,393.7523193359375,82.05006408691406,131.52069091796875,126.50345611572266,148.1004180908203,136.1857147216797,226.74436950683594,370.2370910644531,343.5341491699219,270.6435546875,19.36564064025879,84.42936706542969,218.42999267578125,235.20440673828125,44.23139953613281,48.38641357421875
2021-07-22,143.2254180908203,181.90150451660156,43.43288803100586,277.70001220703125,396.15283203125,81.22811126708984,132.2427978515625,127.36878204345703,148.528564453125,134.46621704101562,227.89105224609375,372.2828674316406,348.45550537109375,275.202392578125,19.54922103881836,85.37071228027344,216.4199981689453,235.66773986816406,44.26272964477539,47.84190368652344
2021-07-23,144.94256591796875,182.83200073242188,44.05475616455078,278.489990234375,401.7410583496094,81.260986328125,136.69375610351562,131.92465209960938,150.11013793945312,134.20785522460938,233.2994842529297,383.095947265625,366.91064453125,278.5974426269531,19.513301849365234,82.54666900634766,214.4600067138672,240.3783721923828,44.62617111206055,47.783267974853516
2021-07-26,145.36209106445312,184.99099731445312,43.97178649902344,278.79998779296875,401.5514221191406,82.97891998291016,138.5073699951172,132.936279296875,150.18003845214844,135.10769653320312,232.40127563476562,382.6477966308594,369.55987548828125,278.0010986328125,19.249900817871094,82.70670318603516,219.2066650390625,241.56568908691406,44.6888427734375,48.98957824707031
2021-07-27,143.1961212158203,181.3195037841797,43.344444274902344,280.7799987792969,402.6044921875,82.6994400024414,135.6825408935547,130.81878662109375,150.870361328125,134.92950439453125,232.75485229492188,380.1832580566406,364.9460754394531,275.5871276855469,19.164100646972656,82.65023040771484,214.92666625976562,242.22210693359375,44.691978454589844,48.4450569152832
2021-07-28,141.4497528076172,181.51600646972656,43.55324935913086,278.1000061035156,400.59307861328125,83.16796112060547,135.27093505859375,134.9783935546875,150.450927734375,135.15223693847656,235.55462646484375,373.5298156738281,370.37347412109375,275.2793273925781,19.45842933654785,82.06658935546875,215.66000366210938,238.3705291748047,44.510250091552734,48.771766662597656
2021-07-29,142.0936279296875,179.99600219726562,44.142295837402344,279.760009765625,404.2527770996094,84.3105239868164,135.42861938476562,134.66448974609375,150.450927734375,136.31044006347656,234.42706298828125,378.7609558105469,355.530029296875,275.5487060546875,19.617063522338867,82.49018096923828,225.78334045410156,239.3165740966797,44.566650390625,49.366546630859375
2021-07-30,142.30831909179688,166.37950134277344,44.25990676879883,278.2900085449219,408.4732971191406,83.68582916259766,134.119873046875,133.6221160888672,150.46839904785156,135.22349548339844,232.67840576171875,375.9652099609375,353.5256652832031,274.0195007324219,19.454439163208008,82.0289306640625,229.06666564941406,237.8396759033203,44.663780212402344,48.22725296020508
2021-08-02,141.97662353515625,166.57400512695312,44.19426345825195,278.1400146484375,407.71270751953125,83.53787231445312,134.8821258544922,133.7490692138672,150.52957153320312,134.6800537109375,235.64059448242188,365.5612487792969,349.2095642089844,273.932861328125,19.704862594604492,82.46196746826172,236.55667114257812,231.45904541015625,44.56037521362305,48.23563003540039
2021-08-03,143.7718048095703,168.31199645996094,44.38665771484375,281.79998779296875,413.5586853027344,84.33518981933594,135.17025756835938,134.5182342529297,152.3820037841797,136.21240234375,244.61329650878906,358.0992431640625,348.505126953125,276.14495849609375,19.769712448120117,84.4764404296875,236.5800018310547,228.8623809814453,45.06169128417969,48.7550048828125
2021-08-04,143.3717498779297,167.73599243164062,44.478759765625,278.7799987792969,413.5301513671875,82.44462585449219,134.92080688476562,134.01785278320312,151.4820098876953,134.742431640625,250.80528259277344,358.4986267089844,356.1253662109375,275.5582275390625,20.2276668548584,84.76824188232422,236.97332763671875,228.4569549560547,44.754638671875,47.61571502685547
2021-08-05,143.4791259765625,168.79949951171875,44.46690368652344,280.2099914550781,421.2771301269531,83.20906829833984,135.8249053955078,135.13462829589844,151.7703857421875,136.4440460205078,252.44891357421875,362.3270263671875,360.143798828125,278.45318603515625,20.589832305908203,84.18461608886719,238.2100067138672,231.87411499023438,45.58494567871094,47.917301177978516
2021-08-06,142.79513549804688,167.2469940185547,44.26264953613281,285.6300048828125,417.89312744140625,83.80088806152344,135.92010498046875,134.62583923339844,151.2635498046875,140.31954956054688,251.7322235107422,364.8501281738281,360.6795654296875,278.3954772949219,20.3194580078125,84.2693099975586,233.03334045410156,233.02279663085938,45.503475189208984,48.47018814086914
2021-08-09,142.7462615966797,167.093505859375,44.19426345825195,287.2300109863281,418.6916198730469,82.40353393554688,136.87823486328125,135.7906951904297,151.78785705566406,140.16807556152344,255.2869415283203,361.0995788574219,358.79437255859375,277.3086853027344,20.248613357543945,84.62704467773438,237.9199981689453,231.67138671875,45.613136291503906,47.917301177978516
2021-08-10,142.26747131347656,166.03399658203125,43.973609924316406,288.94000244140625,421.1251220703125,83.90776824951172,136.97195434570312,135.685546875,151.8402557373047,141.88758850097656,257.4751892089844,358.33294677734375,358.318115234375,275.4908752441406,19.89043426513672,84.3823013305664,236.663330078125,229.808349609375,46.58443069458008,48.73824691772461
2021-08-11,142.52154541015625,164.60549926757812,44.09123611450195,291.2799987792969,422.332275390625,84.5406723022461,136.56829833984375,135.1619110107422,151.866455078125,143.58030700683594,252.36289978027344,354.8260803222656,357.1572265625,275.9814758300781,19.65397834777832,84.37287902832031,235.94000244140625,226.90283203125,47.00114440917969,48.88066864013672
2021-08-12,145.482177734375,165.1750030517578,44.15596389770508,290.239990234375,423.33990478515625,84.36807250976562,137.2625732421875,136.06939697265625,153.08978271484375,144.14157104492188,252.57374572753906,352.62451171875,359.8262939453125,278.73211669921875,19.85950469970703,84.54232025146484,240.75,224.0513458251953,46.875362396240234,48.770118713378906
2021-08-13,145.6873779296875,164.69850158691406,44.329219818115234,287.8900146484375,425.6782531738281,83.80912780761719,137.27894592285156,136.59852600097656,154.00730895996094,142.52902221679688,253.28311157226562,353.3745422363281,360.35211181640625,281.6558532714844,20.14185905456543,85.07890319824219,239.05667114257812,224.88259887695312,47.02315902709961,48.27688980102539
2021-08-16,147.66114807128906,164.94949340820312,44.5097541809082,289.45001220703125,430.4691162109375,82.95426940917969,137.7847900390625,137.1757354736328,155.39662170410156,141.59356689453125,258.7762145996094,354.1636047363281,363.7058410644531,283.3390808105469,19.904403686523438,85.49308776855469,228.72332763671875,227.50213623046875,47.40681076049805,47.57106399536133
2021-08-17,146.75244140625,162.09800720214844,43.6480827331543,289.1000061035156,429.9747619628906,82.79808044433594,136.1824493408203,135.54124450683594,156.82090759277344,139.88299560546875,261.4316711425781,353.8421325683594,355.6589660644531,281.8771667480469,19.413528442382812,85.61547088623047,221.90333557128906,226.69985961914062,47.39108657836914,47.2479133605957
2021-08-18,143.01004028320312,160.06100463867188,42.76179885864258,286.3599853515625,424.1478576660156,80.55714416503906,135.45790100097656,134.3386993408203,154.82864379882812,138.60899353027344,257.4149475097656,351.62109375,352.6823425292969,280.15234375,18.99648666381836,83.72334289550781,229.663330078125,223.89669799804688,46.887939453125,46.25294876098633
2021-08-19,143.34228515625,159.3874969482422,43.17757797241211,285.1300048828125,431.79986572265625,78.54946899414062,135.79859924316406,134.5677947998047,156.03453063964844,137.45079040527344,259.21710205078125,348.0751037597656,352.3548889160156,285.97247314453125,19.75275230407715,83.5068359375,224.49000549316406,223.83868408203125,47.20555114746094,44.84128952026367
2021-08-20,144.7981719970703,159.99749755859375,43.327125549316406,285.2699890136719,436.2960510253906,78.55779266357422,137.30967712402344,136.302978515625,156.7947235107422,137.84280395507812,259.7060546875,345.8150634765625,356.57177734375,293.2862548828125,20.76842498779297,83.72334289550781,226.75332641601562,223.63568115234375,47.62694549560547,44.849796295166016
2021-08-23,146.28341674804688,163.2935028076172,43.99093246459961,285.6199951171875,432.4366455078125,80.5821533203125,139.9505157470703,138.89353942871094,156.11790466308594,139.60679626464844,256.7439270019531,351.6795349121094,360.5207824707031,293.5658264160156,21.90781593322754,83.8927993774414,235.43333435058594,226.32284545898438,47.312477111816406,46.695152282714844
2021-08-24,146.1954345703125,165.28900146484375,43.8979377746582,286.0199890136719,429.4519348144531,81.50682830810547,141.2389373779297,140.10354614257812,154.16650390625,140.47100830078125,251.90272521972656,352.4295654296875,362.6640625,291.60968017578125,21.743186950683594,83.35623168945312,236.163330078125,226.41954040527344,46.82503890991211,47.07783508300781
2021-08-25,144.96426391601562,164.95899963378906,44.07846450805664,287.29998779296875,428.9196472167969,82.06499481201172,141.7859649658203,140.91433715820312,153.14691162109375,143.36647033691406,252.95724487304688,349.8188781738281,365.5216064453125,291.0218505859375,22.162227630615234,83.42212677001953,237.06666564941406,224.82461547851562,46.843910217285156,47.162872314453125
2021-08-26,144.16305541992188,165.8000030517578,44.290924072265625,285.2699890136719,427.0946044921875,80.99034118652344,140.96568298339844,140.28111267089844,152.3294219970703,144.10597229003906,250.51271057128906,343.7401123046875,361.54278564453125,288.2080383300781,22.01756477355957,83.51625061035156,233.72000122070312,222.8236846923828,46.33761215209961,46.525081634521484
2021-08-27,145.1988067626953,167.48150634765625,45.22098159790039,286.6000061035156,428.0736389160156,82.17329406738281,143.3734130859375,142.8235626220703,152.00421142578125,145.26414489746094,249.00765991210938,346.5359802246094,369.7285461425781,288.815185546875,22.584264755249023,84.10930633544922,237.30667114257812,224.92127990722656,46.076595306396484,47.42649841308594
2021-08-30,149.61532592773438,171.07850646972656,45.489967346191406,285.6600036621094,433.3872985839844,81.96504211425781,144.2849578857422,143.40525817871094,152.6458740234375,142.93882751464844,251.4617919921875,343.9251403808594,377.696044921875,292.5443420410156,22.63614845275879,84.20342254638672,243.6366729736328,223.51002502441406,46.44767379760742,46.90774917602539
2021-08-31,148.35488891601562,173.5395050048828,45.336788177490234,285.7699890136719,432.9690856933594,80.61546325683594,144.2774658203125,143.51138305664062,152.1799774169922,142.50228881835938,247.60806274414062,337.2814636230469,376.4259948730469,290.8965759277344,22.337778091430664,83.9021987915039,245.24000549316406,221.4511260986328,46.573463439941406,46.363502502441406
2021-09-01,149.019287109375,173.9499969482422,44.96750259399414,285.260009765625,433.9480895996094,79.73240661621094,144.65438842773438,144.02513122558594,152.71617126464844,142.29739379882812,246.75485229492188,340.5351867675781,379.07525634765625,290.84832763671875,22.393659591674805,84.67411804199219,244.69667053222656,222.43707275390625,46.47282409667969,45.725704193115234
2021-09-02,150.1332244873047,173.156005859375,44.852603912353516,285.04998779296875,438.1781005859375,81.39852905273438,143.0446319580078,142.1124725341797,153.76214599609375,142.95669555664062,248.8351287841797,332.4594421386719,372.3578796386719,290.1932067871094,22.3487548828125,84.53289794921875,244.1300048828125,216.6953887939453,46.71812057495117,46.839725494384766
2021-09-03,150.768310546875,173.90249633789062,45.37963104248047,281.8900146484375,439.6799011230469,81.21527099609375,143.59605407714844,142.5612335205078,153.85885620117188,142.09251403808594,248.7967071533203,331.4365539550781,373.3302917480469,290.18353271484375,22.79481315612793,84.72117614746094,244.52333068847656,217.59437561035156,46.93510437011719,46.6611442565918
2021-09-07,153.10366821289062,175.46449279785156,45.28024673461914,278.8999938964844,436.8758544921875,80.85704040527344,144.3340301513672,143.09780883789062,151.46803283691406,141.843017578125,244.26235961914062,335.8007507324219,379.2041931152344,289.2583923339844,22.614192962646484,83.51625061035156,250.97332763671875,218.7156219482422,46.312442779541016,46.389007568359375
2021-09-08,151.55979919433594,176.27499389648438,45.07874298095703,279.3399963378906,442.6742858886719,80.29888153076172,143.7036895751953,142.5131378173828,151.09881591796875,141.21046447753906,244.30068969726562,341.9672546386719,374.6301574707031,289.2873229980469,22.291872024536133,84.22228240966797,251.2899932861328,221.44149780273438,46.37220001220703,45.96382522583008
2021-09-09,150.54360961914062,174.20799255371094,44.99757766723633,278.6099853515625,442.90240478515625,79.97401428222656,143.7334442138672,142.3643798828125,147.7322998046875,141.82521057128906,230.07444763183594,342.32757568359375,375.0567626953125,286.4350280761719,22.130218505859375,84.28816223144531,251.6199951171875,219.89492797851562,46.04515075683594,45.99782943725586
2021-09-10,145.56033325195312,173.45750427246094,45.422489166259766,277.6000061035156,442.1609191894531,80.0323257446289,140.76535034179688,139.72122192382812,146.76541137695312,140.19483947753906,229.59510803222656,338.4115295410156,375.7413330078125,284.9510803222656,22.43058204650879,84.41993713378906,245.42333984375,217.40103149414062,45.878475189208984,45.9042854309082
2021-09-13,146.1270294189453,172.85850524902344,45.4963493347168,279.9200134277344,436.9328918457031,81.6151351928711,142.2967529296875,141.165771484375,145.7369842529297,142.422119140625,228.11883544921875,338.83038330078125,373.5783996582031,286.1844787597656,22.105270385742188,83.67627716064453,247.6666717529297,217.13037109375,45.61745834350586,47.08633804321289
2021-09-14,144.7297821044922,172.5,45.76169967651367,277.20001220703125,435.74462890625,80.14060974121094,142.2382354736328,141.3760223388672,144.85800170898438,139.9364776611328,223.45021057128906,336.8625793457031,373.5981750488281,288.88262939453125,22.195077896118164,81.32292938232422,248.163330078125,215.58377075195312,45.37846755981445,46.414527893066406
2021-09-15,145.61898803710938,173.7895050048828,46.47930145263672,278.17999267578125,437.9499206542969,81.8400650024414,144.02354431152344,143.24557495117188,145.4029998779297,140.90756225585938,224.063720703125,335.8397216796875,371.008544921875,293.7297058105469,22.293869018554688,82.58431243896484,251.94332885742188,216.33778381347656,45.457088470458984,47.979251861572266
2021-09-16,145.3844451904297,174.41200256347656,46.26137161254883,277.510009765625,440.4023742675781,81.07365417480469,143.19786071777344,142.43280029296875,145.22714233398438,140.8451690673828,221.48500061035156,337.35943603515625,370.15521240234375,294.1151123046875,22.195077896118164,82.13248443603516,252.3300018310547,216.84036254882812,45.608028411865234,47.46901321411133
2021-09-17,142.71694946289062,173.12600708007812,46.138275146484375,276.760009765625,436.7901916503906,80.60712432861328,140.3115692138672,139.64584350585938,144.8140411376953,140.4799346923828,220.58392333984375,334.1739807128906,361.880126953125,288.9596862792969,21.853803634643555,81.32292938232422,253.163330078125,214.34654235839844,45.5136833190918,46.90774917602539
2021-09-20,139.6683807373047,167.7864990234375,45.11885452270508,274.20001220703125,428.83404541015625,78.9576644897461,137.88497924804688,137.58238220214844,143.98777770996094,136.2747802734375,222.06016540527344,330.9105529785156,352.9303894042969,283.59234619140625,21.068458557128906,81.11581420898438,243.38999938964844,212.7032928466797,44.88788986206055,45.657676696777344
2021-09-21,140.14712524414062,167.18150329589844,45.09773254394531,273.17999267578125,429.7561340332031,79.01597595214844,138.50936889648438,137.89329528808594,144.6206512451172,136.2926025390625,220.6509246826172,328.6602478027344,354.6965637207031,284.07415771484375,21.201173782348633,81.82183837890625,246.4600067138672,212.81927490234375,44.975929260253906,45.61515808105469
2021-09-22,142.51174926757812,169.00250244140625,45.9795036315918,274.07000732421875,429.9652404785156,81.34022521972656,139.79086303710938,139.13356018066406,144.09326171875,138.90298461914062,218.85829162597656,334.53436279296875,340.53759765625,287.7166748046875,21.894716262817383,83.25267791748047,250.64666748046875,215.31312561035156,44.87215805053711,46.95026397705078
2021-09-23,143.4693603515625,170.8000030517578,46.32027053833008,278.1199951171875,430.3929748535156,83.35623931884766,140.67161560058594,140.05844116210938,144.9107208251953,143.59812927246094,222.57785034179688,344.91888427734375,343.2662353515625,288.6609802246094,22.4345760345459,84.17520141601562,251.2133331298828,220.6875,44.89732360839844,48.54051208496094
2021-09-24,143.5572509765625,171.2760009765625,46.37721252441406,277.8699951171875,444.622802734375,83.80608367919922,141.47154235839844,141.0492401123047,144.47122192382812,145.25518798828125,222.09852600097656,348.90313720703125,350.21173095703125,288.4586181640625,22.034420013427734,84.6646957397461,258.1300048828125,223.85800170898438,45.023109436035156,48.974212646484375
2021-09-27,142.04273986816406,170.2899932861328,46.37078094482422,279.7200012207031,437.78826904296875,85.78044891357422,140.34877014160156,139.91558837890625,143.42523193359375,148.7654266357422,217.036865234375,347.5490417480469,350.8268737792969,283.4670715332031,21.614309310913086,85.70018005371094,263.78668212890625,221.93443298339844,44.73379135131836,50.42837905883789
2021-09-28,138.6619415283203,165.79800415039062,45.10048294067383,276.7900085449219,425.2315368652344,86.10536193847656,135.07505798339844,134.71658325195312,143.10879516601562,147.96360778808594,212.43540954589844,342.1034851074219,337.9975891113281,273.2045593261719,20.655332565307617,85.18243408203125,259.1866760253906,218.029296875,44.18346405029297,50.955631256103516
2021-09-29,139.56089782714844,165.05599975585938,44.959041595458984,277.2900085449219,429.4519348144531,86.08035278320312,133.4255828857422,133.25216674804688,144.17234802246094,147.84779357910156,220.8330841064453,344.0616149902344,336.9656066894531,273.6671447753906,20.47372055053711,85.89785766601562,260.4366760253906,219.11192321777344,44.16459274291992,50.92161560058594
2021-09-30,138.2613067626953,164.2519989013672,44.54111862182617,272.94000244140625,427.132568359375,84.51419067382812,132.18031311035156,132.58021545410156,141.9573211669922,145.83432006835938,221.49456787109375,338.694091796875,336.74737548828125,271.6627502441406,20.672300338745117,82.0195083618164,258.49334716796875,215.31312561035156,43.83125686645508,50.02019500732422
2021-10-01,139.3849639892578,164.16299438476562,44.763397216796875,275.7099914550781,426.1630554199219,86.91339874267578,135.35125732421875,135.42372131347656,141.05194091796875,148.8990936279297,220.09495544433594,350.8709411621094,340.3392028808594,278.58154296875,20.698244094848633,84.4764404296875,258.40667724609375,222.7657470703125,43.09852981567383,51.814537048339844
2021-10-04,135.95533752441406,159.48899841308594,43.7162971496582,273.6400146484375,418.3780517578125,87.23831176757812,132.67575073242188,132.56385803222656,139.9532012939453,148.73875427246094,215.55099487304688,335.3039855957031,323.68988037109375,272.8094482421875,19.690372467041016,84.02458190917969,260.510009765625,217.22706604003906,42.68342971801758,52.48634338378906
2021-10-05,137.8802032470703,161.0500030517578,44.58612060546875,278.04998779296875,424.1764221191406,88.18798828125,135.06809997558594,134.90798950195312,140.26963806152344,151.1676788330078,221.37950134277344,334.3395080566406,330.3674621582031,278.2539367675781,20.407855987548828,86.12378692626953,260.1966552734375,216.79205322265625,42.963314056396484,52.401302337646484
2021-10-06,138.74989318847656,163.10049438476562,44.89474105834961,280.2200012207031,427.1231689453125,87.41323852539062,136.2355194091797,136.4373779296875,140.5596923828125,151.49032592773438,218.42694091796875,339.6778564453125,331.04217529296875,282.4456481933594,20.65633201599121,85.98258209228516,260.9166564941406,218.9476318359375,43.27778625488281,51.44035720825195
2021-10-07,140.0103302001953,165.1215057373047,45.36684799194336,282.95001220703125,430.4784851074219,88.03804779052734,138.05209350585938,138.08375549316406,141.8166961669922,152.44935607910156,223.5364532470703,345.19866943359375,326.65655517578125,284.12237548828125,21.03053855895996,86.89567565917969,264.53668212890625,222.85272216796875,43.7872314453125,51.584922790527344
2021-10-08,139.62928771972656,164.43099975585938,45.268577575683594,284.1400146484375,429.509033203125,90.01240539550781,138.91549682617188,138.6396484375,141.4562530517578,152.5658416748047,224.26504516601562,346.2227478027344,327.48004150390625,284.12237548828125,20.78705406188965,89.16278839111328,261.8299865722656,222.58209228515625,43.919307708740234,52.877532958984375
2021-10-11,139.54132080078125,162.31500244140625,45.22172927856445,280.92999267578125,427.4653015136719,89.2459945678711,137.71685791015625,137.77529907226562,140.85858154296875,149.3571319580078,224.00624084472656,338.60498046875,322.9159851074219,283.52490234375,20.651338577270508,90.012939453125,263.9800109863281,217.59437561035156,43.87842559814453,52.35028076171875
2021-10-12,138.27110290527344,162.3665008544922,44.57326126098633,278.6199951171875,424.77520751953125,89.26264190673828,135.5997314453125,135.3304901123047,138.60836791992188,148.20989990234375,223.15304565429688,336.8394775390625,321.24896240234375,282.22393798828125,20.627391815185547,90.27742004394531,268.5733337402344,216.56973266601562,43.83125686645508,52.07815933227539
2021-10-13,137.684814453125,164.21400451660156,44.548465728759766,277.8999938964844,423.2828369140625,89.79581451416016,136.77706909179688,136.45420837402344,139.9356231689453,144.3021240234375,226.66168212890625,333.9231262207031,322.0130310058594,285.5292663574219,20.894824981689453,91.06147003173828,270.3599853515625,215.0328369140625,43.513633728027344,51.93358612060547
2021-10-14,140.46958923339844,164.9929962158203,45.704864501953125,281.6400146484375,428.37786865234375,90.6455307006836,140.26046752929688,139.99395751953125,140.7355499267578,146.51589965820312,226.90127563476562,336.0982666015625,325.9719543457031,291.7348937988281,21.70012855529785,90.00349426269531,272.7733459472656,217.6619873046875,43.9853515625,52.72445297241211
2021-10-15,141.52484130859375,170.4510040283203,46.22382354736328,284.2099914550781,430.0223388671875,91.31198120117188,140.52134704589844,140.2091827392578,141.78150939941406,149.3302764892578,228.04209899902344,347.2371826171875,322.23126220703125,293.1417236328125,21.81588363647461,90.05071258544922,281.010009765625,223.27806091308594,44.199188232421875,53.22618103027344
2021-10-18,143.19570922851562,172.33700561523438,46.23392868041992,282.5899963378906,439.109619140625,91.27031707763672,141.79635620117188,141.6076202392578,140.74429321289062,149.27650451660156,229.09661865234375,349.6170959472656,332.7289123535156,296.1097106933594,22.17512321472168,91.1653823852539,290.03668212890625,222.9493865966797,44.55454635620117,53.2006721496582
2021-10-19,145.3551483154297,172.20750427246094,46.8796272277832,284.8299865722656,443.9859313964844,93.0530776977539,142.65084838867188,142.06285095214844,144.04049682617188,151.08702087402344,232.2888641357422,353.1870422363281,337.34271240234375,297.0155334472656,22.24297523498535,91.6849136352539,288.0899963378906,225.7235565185547,45.50110626220703,54.00003433227539
2021-10-20,145.8437042236328,170.7530059814453,46.787784576416016,287.489990234375,446.54290771484375,94.26934051513672,141.2552947998047,140.60687255859375,143.96144104003906,153.12152099609375,233.6405792236328,347.98822021484375,338.1265563964844,296.2253112792969,22.056371688842773,91.2881851196289,288.6000061035156,223.6936798095703,45.91306686401367,54.29768371582031
2021-10-21,146.0586700439453,171.75050354003906,47.22499465942383,286.82000732421875,453.63421630859375,93.08641052246094,141.61782836914062,140.72291564941406,143.62741088867188,151.92050170898438,231.196044921875,347.4420166015625,339.218017578125,299.4534606933594,22.644128799438477,90.96700286865234,298.0,222.55307006835938,46.167789459228516,53.31122970581055
2021-10-22,145.28677368164062,166.77749633789062,47.34072494506836,289.239990234375,458.15875244140625,93.9694595336914,137.4961700439453,136.43885803222656,143.90870666503906,153.96408081054688,233.66932678222656,349.8414611816406,322.0824279785156,297.9117431640625,22.678058624267578,92.80902099609375,303.2266540527344,223.51002502441406,46.64894104003906,53.67688751220703
2021-10-25,145.2378692626953,166.01849365234375,47.95245361328125,290.260009765625,465.86773681640625,94.84416961669922,137.6429443359375,136.32032775878906,144.22515869140625,153.21119689941406,234.9156036376953,351.9775085449219,326.13067626953125,296.919189453125,23.11713409423828,92.46894836425781,341.6199951171875,226.07154846191406,47.1898307800293,54.722869873046875
2021-10-26,145.90231323242188,168.80349731445312,49.036293029785156,290.8500061035156,461.5238037109375,95.05242156982422,138.53463745117188,138.16656494140625,145.69305419921875,153.6234893798828,238.16539001464844,348.524658203125,313.3509521484375,298.82708740234375,24.664859771728516,91.60933685302734,339.4766540527344,224.080322265625,46.777870178222656,55.98995590209961
2021-10-27,145.44308471679688,169.62449645996094,48.0479736328125,287.7799987792969,464.92669677734375,93.36131286621094,145.23513793945312,145.0189208984375,143.92626953125,150.4237823486328,239.82383728027344,327.456298828125,309.7889709472656,311.4120178222656,24.39942169189453,90.71195220947266,345.9533386230469,208.5758514404297,46.39421463012695,54.53579330444336
2021-10-28,149.0779571533203,172.32850646972656,48.64133071899414,289.7200012207031,467.0309143066406,94.23603820800781,144.93907165527344,144.65345764160156,143.1439666748047,152.69137573242188,242.87232971191406,324.8325500488281,314.4523620605469,312.54901123046875,24.888381958007812,90.90088653564453,359.0133361816406,202.8341522216797,46.683528900146484,54.68885803222656
2021-10-29,146.37135314941406,168.6215057373047,48.8342170715332,287.010009765625,467.9925537109375,95.37733459472656,147.06312561035156,146.8324432373047,143.1703338623047,152.27008056640625,244.22398376464844,327.2612609863281,321.0505676269531,319.5544738769531,25.51306915283203,90.62693786621094,371.3333435058594,204.69970703125,46.988563537597656,54.824928283691406
2021-11-01,145.5505828857422,165.90550231933594,48.5017204284668,286.239990234375,468.30670166015625,95.41063690185547,142.60325622558594,142.32070922851562,143.2933807373047,152.18943786621094,238.9993896484375,325.8274230957031,327.4106750488281,317.3863830566406,25.77251625061035,89.15335845947266,402.86334228515625,205.36669921875,47.104915618896484,55.81138610839844
2021-11-02,146.58633422851562,165.6374969482422,49.3302116394043,287.92999267578125,473.18133544921875,94.8274917602539,144.6752471923828,144.24034118652344,145.5524139404297,152.78994750976562,246.2275848388672,320.39459228515625,325.5254211425781,321.0096130371094,26.345304489135742,90.56082916259766,390.6666564941406,202.1575164794922,47.082916259765625,55.1225700378418
2021-11-03,148.0226593017578,169.1999969482422,49.8170166015625,288.7200012207031,478.26556396484375,94.14439392089844,145.59469604492188,145.39633178710938,145.08651733398438,152.8437042236328,255.24839782714844,321.32122802734375,329.0378723144531,321.8479919433594,26.541893005371094,90.82530975341797,404.6199951171875,201.1522979736328,47.22757339477539,54.36571502685547
2021-11-04,147.50479125976562,173.85000610351562,50.391075134277344,287.69000244140625,490.9189147949219,94.56094360351562,147.47227478027344,147.0521240234375,144.68218994140625,150.83602905273438,259.7923583984375,327.1734313964844,333.2349548339844,324.1990966796875,29.738134384155273,90.33409881591797,409.9700012207031,201.80953979492188,47.573482513427734,54.773902893066406
2021-11-05,148.03321838378906,175.94949340820312,51.33714294433594,287.8800048828125,488.5386962890625,95.5855941772461,148.0257110595703,147.6318359375,143.65377807617188,150.62094116210938,254.0406036376953,340.20465087890625,338.4738464355469,323.8330078125,29.689237594604492,89.6917724609375,407.36334228515625,209.4361114501953,47.2432861328125,55.292640686035156
2021-11-08,147.21127319335938,174.44900512695312,51.339900970458984,288.79998779296875,479.6746826171875,95.9271469116211,148.13531494140625,147.80935668945312,143.16151428222656,151.5261688232422,249.75538635253906,341.0630187988281,335.9833984375,324.7291564941406,30.739015579223633,89.87126159667969,387.64666748046875,213.12860107421875,46.9413948059082,55.8879280090332
2021-11-09,147.57330322265625,178.81149291992188,51.2342643737793,286.3500061035156,484.3399658203125,96.63526153564453,148.03317260742188,147.6977996826172,142.8450927734375,150.37890625,251.1837158203125,336.1665344238281,332.7586364746094,323.7270202636719,30.592329025268555,89.3517074584961,341.1666564941406,206.26564025878906,47.104915618896484,56.43218231201172
2021-11-10,144.7453155517578,174.1024932861328,50.40486145019531,285.32000732421875,481.29327392578125,95.09408569335938,145.43203735351562,144.6975555419922,144.39212036132812,150.23553466796875,253.70494079589844,349.1294250488281,325.08892822265625,318.7643737792969,29.3968563079834,88.6337890625,355.98333740234375,208.72994995117188,46.68037414550781,55.32042694091797
2021-11-11,144.6964111328125,173.625,51.01383590698242,284.6499938964844,487.64373779296875,95.1024169921875,145.5530242919922,144.57162475585938,143.3285369873047,150.22654724121094,251.76852416992188,345.61798095703125,325.1880798339844,320.3349914550781,30.325889587402344,88.83216857910156,354.5033264160156,203.7528533935547,46.69925308227539,55.42383575439453
2021-11-12,146.7708740234375,176.25750732421875,51.732093811035156,285.989990234375,492.39471435546875,95.16073608398438,148.4269256591797,147.45925903320312,145.04258728027344,149.55433654785156,249.72000122070312,354.5525207519531,338.2357482910156,324.468994140625,30.325889587402344,88.35987854003906,344.47332763671875,205.36993408203125,46.46653747558594,55.00155258178711
2021-11-15,146.78067016601562,177.28399658203125,51.9663200378418,284.6700134277344,494.984375,97.31836700439453,148.17153930664062,147.235107421875,143.73284912109375,149.28546142578125,248.54666137695312,352.4652099609375,344.853759765625,323.8426513671875,29.961658477783203,88.8132553100586,337.7966613769531,205.5732879638672,46.19923400878906,55.475547790527344
2021-11-16,147.75921630859375,177.03500366210938,52.24187469482422,283.3599853515625,501.48712158203125,97.70156860351562,147.86209106445312,146.66383361816406,142.9857177734375,148.20989990234375,247.86378479003906,360.4633483886719,340.2895812988281,327.1574401855469,30.139286041259766,90.31523895263672,351.57666015625,208.3620147705078,45.023109436035156,56.03573226928711
2021-11-17,150.19578552246094,177.4499969482422,52.32178497314453,281.5899963378906,501.0777587890625,97.26336669921875,147.8481903076172,146.8334197998047,143.52194213867188,147.4122314453125,251.1914520263672,350.3291931152344,338.11663818359375,327.3794860839844,29.19927215576172,90.05071258544922,363.0033264160156,198.5626983642578,44.63630676269531,55.42383575439453
2021-11-18,154.4817657470703,184.80299377441406,52.79664993286133,280.6300048828125,504.0102233886719,96.44596099853516,149.4817657470703,148.61024475097656,142.74838256835938,146.13951110839844,251.33563232421875,339.6487121582031,336.0528259277344,329.45513916015625,31.608177185058594,89.41783905029297,365.4599914550781,196.88748168945312,45.01996612548828,54.8205680847168
2021-11-19,157.104248046875,183.82850646972656,52.23727798461914,279.989990234375,508.2185363769531,94.3055419921875,148.7314453125,147.70571899414062,143.17910766601562,144.2303924560547,250.7298583984375,331.3578796386719,342.6113586425781,331.23138427734375,32.9154167175293,88.76602935791016,379.0199890136719,194.49574279785156,44.7778205871582,52.286800384521484
2021-11-22,157.5641632080078,178.6284942626953,50.819114685058594,284.9700012207031,513.7977905273438,95.99092102050781,145.88082885742188,145.1027069091797,141.29458618164062,147.30467224121094,250.47976684570312,313.3912658691406,338.3547668457031,328.06488037109375,31.88858985900879,89.3705825805664,385.6233215332031,189.38307189941406,45.52940368652344,53.0107307434082
2021-11-23,157.94580078125,179.0019989013672,50.98811721801758,288.55999755859375,519.138916015625,98.00493621826172,145.5619354248047,144.5869903564453,142.1704864501953,150.8270721435547,251.94166564941406,320.9017333984375,334.6240539550781,325.98931884765625,31.679027557373047,87.79308319091797,369.6766662597656,192.20086669921875,45.85331726074219,54.40688705444336
2021-11-24,158.46441650390625,179.02049255371094,51.31968688964844,287.2799987792969,523.3948974609375,98.75494384765625,145.52276611328125,144.92222595214844,141.77236938476562,149.6439666748047,251.98007202148438,331.6310119628906,338.4043884277344,326.21142578125,32.60507583618164,88.39765167236328,372.0,196.81005859375,46.0828857421875,54.70853042602539
2021-11-26,153.4445037841797,175.22799682617188,50.204627990722656,283.0899963378906,519.9673461914062,96.49654388427734,141.64312744140625,141.01748657226562,140.8522186279297,145.13565063476562,250.41241455078125,316.190673828125,330.52618408203125,318.2663269042969,31.436540603637695,87.21686553955078,360.6400146484375,191.38748168945312,45.567138671875,52.786659240722656
2021-11-29,156.8009033203125,178.07850646972656,51.83498001098633,282.1199951171875,528.2981567382812,96.78305053710938,144.92417907714844,144.33755493164062,141.33883666992188,144.5082244873047,245.0843048095703,315.05926513671875,335.3979797363281,324.97576904296875,33.30558776855469,87.79308319091797,378.9966735839844,190.07057189941406,44.85328674316406,53.07967758178711
2021-11-30,161.75230407714844,175.35350036621094,50.855857849121094,276.69000244140625,513.5406494140625,95.114501953125,141.2919921875,140.73434448242188,137.95912170410156,142.35716247558594,238.55398559570312,307.1683044433594,321.93359375,319.14483642578125,32.60707092285156,85.71491241455078,381.586669921875,187.63043212890625,44.2243537902832,51.57149124145508
2021-12-01,161.23365783691406,172.18600463867188,50.955047607421875,275.0,504.45770263671875,94.46563720703125,140.4647979736328,139.895263671875,139.86131286621094,141.51463317871094,239.6023406982422,298.740966796875,308.18157958984375,318.6524658203125,31.372528076171875,84.77973937988281,365.0,184.13479614257812,43.126834869384766,51.528404235839844
2021-12-02,160.24534606933594,171.8679962158203,50.74287414550781,279.0899963378906,500.3350524902344,97.02742767333984,142.60572814941406,141.79408264160156,138.98538208007812,144.49032592773438,238.4001007080078,312.3183898925781,307.97320556640625,318.0829162597656,32.062156677246094,85.00643157958984,361.5333251953125,192.00723266601562,42.60166931152344,52.81251907348633
2021-12-03,158.36654663085938,169.489501953125,51.263675689697266,277.42999267578125,503.59130859375,96.4122543334961,141.3599395751953,140.8374786376953,141.01145935058594,141.87318420410156,236.1880645751953,314.18133544921875,304.45086669921875,311.8272399902344,30.63200569152832,83.35335540771484,338.3233337402344,190.09962463378906,43.243194580078125,52.47639465332031
2021-12-06,161.77188110351562,171.36849975585938,51.89376449584961,281.3800048828125,507.65673828125,97.9206771850586,142.62554931640625,141.98150634765625,144.16119384765625,143.54925537109375,236.90940856933594,325.12518310546875,315.39495849609375,314.89715576171875,29.977310180664062,84.01458740234375,336.336669921875,196.25807189941406,43.711761474609375,53.07107162475586
2021-12-07,167.50611877441406,176.1645050048828,54.22860336303711,284.9700012207031,516.0542602539062,99.37010192871094,146.8310546875,146.0623016357422,144.5327606201172,145.7093048095703,235.73605346679688,331.1531066894531,320.2964782714844,323.3248596191406,32.362552642822266,85.06311798095703,350.5833435058594,200.7994842529297,43.570247650146484,53.665714263916016
2021-12-08,171.3223876953125,176.1580047607422,54.059600830078125,283.7200012207031,504.71478271484375,99.81671905517578,147.50946044921875,146.97177124023438,145.39984130859375,144.0421905517578,234.97628784179688,333.9134521484375,327.98614501953125,323.37310791015625,31.762752532958984,84.01458740234375,356.32000732421875,202.3681640625,43.12998580932617,53.82085418701172
2021-12-09,170.81356811523438,174.17100524902344,53.58748245239258,284.5199890136719,499.21173095703125,99.55551147460938,146.8999786376953,146.42825317382812,146.78004455566406,143.81813049316406,233.6105499267578,336.0397644042969,327.25189208984375,321.56793212890625,30.42940330505371,83.85401153564453,334.6000061035156,204.69210815429688,43.72989273071289,53.958736419677734
2021-12-10,175.59860229492188,172.21200561523438,58.02019500732422,288.2300109863281,532.04931640625,99.72403717041016,147.46432495117188,146.78829956054688,146.41726684570312,143.24452209472656,234.8031463623047,341.3068542480469,327.18243408203125,330.68109130859375,30.137983322143555,96.94644927978516,339.010009765625,206.63841247558594,44.52870178222656,54.303466796875
2021-12-13,171.96824645996094,169.5675048828125,57.099857330322266,290.010009765625,530.5260009765625,97.6510238647461,145.50987243652344,144.63111877441406,149.03616333007812,141.54153442382812,239.02523803710938,336.81036376953125,331.8855285644531,327.6497802734375,28.10503387451172,95.30284118652344,322.13665771484375,204.33383178710938,45.33068084716797,53.11415481567383
2021-12-14,170.58848571777344,169.0915069580078,56.4798583984375,295.0299987792969,519.2151489257812,97.93753051757812,143.79000854492188,142.72735595703125,150.66409301757812,142.62606811523438,239.8427734375,332.1674499511719,331.1413879394531,316.9726867675781,28.280681610107422,94.35819244384766,319.5033264160156,203.3267822265625,45.763248443603516,53.03659439086914
2021-12-15,175.45184326171875,173.31500244140625,58.77153396606445,294.5799865722656,538.3901977539062,97.38134002685547,146.16845703125,145.24058532714844,151.41615295410156,141.5594940185547,264.7522277832031,337.8247375488281,338.99969482421875,323.0642395019531,30.398468017578125,97.90996551513672,325.3299865722656,205.58297729492188,46.02531051635742,52.803897857666016
2021-12-16,168.5629119873047,168.87100219726562,57.00983810424805,300.1700134277344,526.1559448242188,98.29145812988281,143.65908813476562,143.26095581054688,153.0706024169922,143.7733154296875,268.3684387207031,344.23297119140625,332.2923583984375,313.6517639160156,28.330583572387695,97.50379180908203,308.97332763671875,207.57765197753906,45.258056640625,52.89008331298828
2021-12-17,167.4669647216797,170.0175018310547,58.32146453857422,293.6600036621094,521.37646484375,95.72968292236328,141.64012145996094,140.56321716308594,148.8415069580078,140.5018768310547,257.19281005859375,340.7117614746094,331.19097900390625,312.58984375,27.74575424194336,91.269287109375,310.8566589355469,205.16661071777344,43.80882263183594,51.73524475097656
2021-12-20,166.10679626464844,167.07899475097656,59.246402740478516,289.6099853515625,522.2809448242188,95.77182006835938,141.241943359375,140.44619750976562,148.41685485839844,137.97433471679688,253.40353393554688,328.7243347167969,322.9159851074219,308.8345642089844,27.663909912109375,86.56507873535156,299.9800109863281,202.12611389160156,43.950897216796875,50.98545455932617
2021-12-21,169.27725219726562,170.41700744628906,59.73725891113281,293.239990234375,519.30078125,97.30550384521484,143.04612731933594,142.2964324951172,147.93907165527344,139.90133666992188,254.74996948242188,342.1065979003906,331.5978088378906,315.9590759277344,29.01721954345703,86.44227600097656,312.84332275390625,208.5557098388672,44.08351135253906,52.14028549194336
2021-12-22,171.8704071044922,171.03700256347656,60.565494537353516,294.4100036621094,523.3377685546875,97.8616714477539,145.7523956298828,145.21481323242188,148.5760955810547,140.44805908203125,256.3079833984375,348.6807556152344,327.8769836425781,321.6644287109375,29.341571807861328,84.88365173339844,336.2900085449219,211.053955078125,44.14033889770508,52.56259536743164
2021-12-23,172.4966583251953,171.06849670410156,61.45289611816406,294.489990234375,524.0042724609375,98.0976333618164,145.9442901611328,145.71217346191406,148.8592071533203,140.94998168945312,262.6556396484375,351.7044372558594,332.62969970703125,323.1028747558594,29.581092834472656,84.75139617919922,355.6666564941406,209.7563934326172,44.0424690246582,52.58843994140625
2021-12-27,176.459716796875,169.66949462890625,62.329219818115234,296.6700134277344,536.4766235351562,100.10323333740234,146.85830688476562,146.69406127929688,150.1155548095703,141.75668334960938,267.7625732421875,351.4410400390625,343.4844970703125,330.59429931640625,30.88350486755371,84.58135986328125,364.64666748046875,210.73439025878906,44.44346237182617,53.33823013305664
2021-12-28,175.4420166015625,170.66099548339844,61.84115219116211,298.2900085449219,537.5907592773438,99.909423828125,145.25546264648438,145.48455810546875,150.71719360351562,142.1868438720703,265.8582763671875,351.8994140625,343.524169921875,329.4357604980469,30.261737823486328,83.74066162109375,362.8233337402344,211.14108276367188,45.08124923706055,53.165863037109375
2021-12-29,175.53012084960938,169.2010040283203,62.17484664916992,299.4599914550781,540.5706787109375,99.39537811279297,145.31150817871094,145.4528350830078,151.7788543701172,142.1151885986328,267.77215576171875,352.39697265625,340.2697448730469,330.1116027832031,29.941375732421875,83.32501983642578,362.0633239746094,211.25729370117188,45.05915069580078,52.70048141479492
2021-12-30,174.3754119873047,168.64450073242188,61.478782653808594,299.9800109863281,536.8955078125,98.95716857910156,144.8135986328125,145.0020751953125,152.45132446289062,142.04347229003906,266.6468811035156,352.1042175292969,341.6786804199219,327.5726318359375,29.527202606201172,83.13609313964844,356.7799987792969,210.96682739257812,45.20439147949219,52.39022445678711
2021-12-31,173.75900268554688,166.7169952392578,61.50928497314453,299.0,540.5040893554688,98.88977813720703,143.5013427734375,143.6646270751953,151.3542022705078,141.9269561767578,265.65631103515625,350.4754333496094,333.7310485839844,324.6763916015625,29.35255241394043,82.38040161132812,352.260009765625,209.8435821533203,45.68431091308594,52.734947204589844
2022-01-03,178.1036834716797,170.4044952392578,61.31608963012695,300.7900085449219,539.5613403320312,100.49930572509766,143.8931427001953,143.80296325683594,151.77001953125,144.92950439453125,261.33807373046875,361.8192138671875,335.90399169921875,323.1607666015625,30.061138153076172,83.03218078613281,399.9266662597656,214.4140167236328,45.67167663574219,54.76023864746094
2022-01-04,175.84323120117188,167.52200317382812,62.01861572265625,308.5299987792969,537.2001342773438,102.32796478271484,143.24049377441406,143.21585083007812,151.36302185058594,150.4237823486328,256.60614013671875,366.14984130859375,333.90966796875,317.61944580078125,29.231788635253906,83.92012786865234,383.1966552734375,215.41136169433594,44.8349723815918,56.81999206542969
2022-01-05,171.16583251953125,164.35699462890625,59.43775177001953,309.9200134277344,523.5757446289062,102.99369049072266,136.53256225585938,136.6456298828125,152.37164306640625,147.6736602783203,250.68174743652344,364.6965637207031,321.64593505859375,305.4267883300781,27.54913902282715,81.67193603515625,362.7066650390625,213.02931213378906,45.441192626953125,57.526695251464844
2022-01-06,168.3085174560547,163.25399780273438,58.885894775390625,313.2200012207031,523.4615478515625,103.87006378173828,136.430908203125,136.6183319091797,151.84970092773438,149.24256896972656,249.4122314453125,361.36614990234375,329.87127685546875,303.0132751464844,28.12200164794922,81.86155700683594,354.8999938964844,212.78726196289062,45.31488800048828,58.87975311279297
2022-01-07,168.47483825683594,162.5540008544922,57.23310470581055,319.7799987792969,510.49395751953125,105.36163330078125,135.8888702392578,135.8938446044922,153.9022979736328,150.7212677001953,249.57571411132812,361.0242919921875,329.2065734863281,303.1677551269531,27.192846298217773,82.97087860107422,342.32000732421875,210.0856475830078,45.74745559692383,59.362361907958984
2022-01-10,168.49441528320312,161.48599243164062,57.41889953613281,318.92999267578125,493.946533203125,105.42903900146484,137.44558715820312,137.5327911376953,153.14138793945312,150.8655548095703,250.16238403320312,355.41827392578125,325.51556396484375,303.3898010253906,27.345550537109375,84.6490707397461,352.7066650390625,205.25375366210938,45.659053802490234,59.00901794433594
2022-01-11,171.3223876953125,165.36199951171875,57.50116729736328,319.79998779296875,497.02191162109375,107.83914947509766,138.8773193359375,138.59054565429688,151.51348876953125,151.0188446044922,252.2878875732422,357.7427062988281,331.7664794921875,304.0752258300781,27.761714935302734,83.89055633544922,354.79998779296875,207.58738708496094,45.529598236083984,61.491065979003906
2022-01-12,171.7627716064453,165.20700073242188,57.496551513671875,320.3900146484375,500.611328125,107.2998275756836,140.49453735351562,140.27114868164062,150.22174072265625,151.8754425048828,246.1326446533203,358.7389221191406,330.66510009765625,307.2513122558594,27.943357467651367,83.72936248779297,368.739990234375,208.875244140625,45.289634704589844,61.310081481933594
2022-01-13,168.49441528320312,161.21400451660156,55.203163146972656,321.260009765625,492.11846923828125,106.85320281982422,137.99803161621094,137.4509735107422,149.3104248046875,151.68605041503906,240.12164306640625,360.8973693847656,323.9379577636719,294.2476501464844,26.522186279296875,83.23635864257812,343.85333251953125,208.18775939941406,45.93059539794922,60.87055969238281
2022-01-14,169.35552978515625,162.13800048828125,55.12736129760742,324.1300048828125,478.89398193359375,108.67340850830078,138.64822387695312,138.33714294433594,148.49649047851562,142.36294555664062,234.78390502929688,363.4562072753906,329.3157043457031,299.4608154296875,26.88845443725586,83.14154815673828,349.8699951171875,207.86819458007812,45.80113983154297,61.939212799072266
2022-01-18,166.15573120117188,158.91749572753906,53.409847259521484,320.2900085449219,464.6887512207031,109.02735137939453,135.18069458007812,134.88320922851562,147.8417510986328,136.39393615722656,237.62109375,357.7524719238281,315.67279052734375,292.172119140625,25.85152244567871,81.11254119873047,343.5033264160156,208.875244140625,44.99916076660156,62.98203659057617
2022-01-19,162.66233825683594,156.2989959716797,52.132362365722656,314.75,466.6785583496094,108.63127899169922,134.54736328125,134.00889587402344,147.3816680908203,134.28402709960938,235.67837524414062,352.31243896484375,317.1015625,292.82855224609375,25.017175674438477,79.05509185791016,331.8833312988281,207.87786865234375,45.447509765625,63.00788879394531
2022-01-20,160.979248046875,151.66749572753906,50.630245208740234,311.010009765625,459.69024658203125,108.24365234375,132.4193572998047,132.21473693847656,146.2049560546875,133.13894653320312,233.83181762695312,355.506103515625,314.09515380859375,291.1585388183594,24.102008819580078,78.42933654785156,332.0899963378906,207.558349609375,44.58869171142578,63.145782470703125
2022-01-21,158.92430114746094,142.64300537109375,49.29081344604492,305.2200012207031,458.5381774902344,106.9458999633789,129.03265380859375,129.28298950195312,145.86875915527344,130.8126678466797,233.7644500732422,346.7942810058594,300.8094482421875,285.78125,23.327547073364258,77.95527648925781,314.6333312988281,199.4050750732422,44.26347351074219,62.197776794433594
2022-01-24,158.1512451171875,144.54400634765625,50.06266403198242,303.7300109863281,465.4789123535156,107.17342376708984,129.3103485107422,129.73178100585938,144.18772888183594,130.69544982910156,231.22543334960938,341.2663879394531,306.3062744140625,286.1094665527344,23.325546264648438,78.1448974609375,310.0,195.4543914794922,44.26664352416992,62.73209762573242
2022-01-25,156.35076904296875,139.98599243164062,49.37493133544922,307.19000244140625,454.4537048339844,111.73237609863281,125.70347595214844,125.89448547363281,148.3106689453125,132.12008666992188,230.3021240234375,330.85516357421875,297.81292724609375,278.5022888183594,22.279634475708008,76.86493682861328,306.1333312988281,195.59963989257812,43.303646087646484,64.576416015625
2022-01-26,156.26271057128906,138.87249755859375,51.49916458129883,309.260009765625,460.30908203125,111.81665802001953,128.1875762939453,128.1736602783203,148.9742431640625,133.3733673095703,228.7633056640625,336.617431640625,292.3359069824219,286.437744140625,22.726743698120117,75.46167755126953,312.4700012207031,199.34703063964844,42.86160659790039,63.92141342163086
2022-01-27,155.8027801513672,139.6374969482422,50.13014602661133,307.6700134277344,459.4045715332031,114.07503509521484,128.06954956054688,127.94751739501953,150.9294891357422,131.0200958251953,227.66690063476562,342.3504638671875,292.3458251953125,289.4593505859375,21.900388717651367,75.64183044433594,276.3666687011719,199.61814880371094,42.890018463134766,64.7401351928711
2022-01-28,166.67433166503906,143.97799682617188,51.77461624145508,312.8999938964844,468.83984375,110.06385040283203,132.2041015625,132.25787353515625,151.99122619628906,132.1921844482422,235.72642517089844,373.584228515625,299.36077880859375,297.58782958984375,22.794607162475586,76.30552673339844,282.1166687011719,220.7758026123047,43.42045974731445,64.87803649902344
2022-01-31,171.02882385253906,149.57350158691406,54.157684326171875,313.0199890136719,480.9314270019531,110.67060089111328,134.593505859375,134.1943817138672,152.43359375,133.9865264892578,236.00534057617188,377.36395263671875,310.8208312988281,300.2136535644531,24.43733787536621,76.95024871826172,312.239990234375,219.0037841796875,44.14349365234375,65.4640884399414
2022-02-01,170.86248779296875,151.19349670410156,54.78995895385742,313.9599914550781,484.0543212890625,113.58627319335938,136.7557373046875,136.51568603515625,151.18609619140625,136.2857208251953,238.7848358154297,382.911376953125,316.5161437988281,298.070556640625,24.589033126831055,76.83647918701172,310.4166564941406,224.99769592285156,44.49081802368164,69.6611557006836
2022-02-02,172.06610107421875,150.6125030517578,55.779964447021484,319.6000061035156,497.01226806640625,114.10877227783203,146.8310546875,146.78680419921875,152.85830688476562,135.1947479248047,241.23728942871094,387.4919128417969,320.4850158691406,302.6078796386719,25.19183921813965,78.22074127197266,301.88665771484375,227.96070861816406,44.47187042236328,69.48017883300781
2022-02-03,169.18914794921875,138.8455047607422,53.69271469116211,315.2300109863281,497.52728271484375,113.08910369873047,141.48886108398438,141.9170379638672,152.8494110107422,134.07666015625,235.44752502441406,380.9677734375,235.90870666503906,290.8205871582031,23.900407791137695,77.68980407714844,297.0466613769531,224.2036590576172,44.51606750488281,68.6700668334961
2022-02-04,168.90504455566406,157.63949584960938,54.553314208984375,314.989990234375,495.62017822265625,114.5048599243164,141.8514404296875,142.11837768554688,151.84970092773438,137.5570526123047,233.004638671875,373.281494140625,235.24391174316406,295.3482360839844,24.270673751831055,77.85096740722656,307.7733459472656,221.1534881591797,43.991947174072266,70.16101837158203
2022-02-07,168.1898193359375,157.9355010986328,54.319454193115234,316.510009765625,491.9204406738281,116.75480651855469,137.80661010742188,138.0599365234375,151.34536743164062,138.0169219970703,234.23573303222656,367.3530578613281,223.1587677001953,290.531005859375,24.67885398864746,76.55203247070312,302.4466552734375,219.9624786376953,43.55938720703125,71.00559997558594
2022-02-08,171.2957000732422,161.4134979248047,55.483253479003906,321.44000244140625,496.9360656738281,114.97673797607422,138.07937622070312,138.25631713867188,151.74349975585938,140.6137237548828,230.73492431640625,365.6341552734375,218.46559143066406,294.0159912109375,25.05810546875,76.59943389892578,307.3333435058594,220.71775817871094,43.56886291503906,69.16990661621094
2022-02-09,172.71640014648438,161.1894989013672,56.51115417480469,322.3800048828125,504.2592468261719,116.1143569946289,140.3011474609375,140.43133544921875,151.72581481933594,141.19979858398438,233.9664306640625,372.4708251953125,230.19357299804688,300.4357604980469,26.651927947998047,79.12146759033203,310.6666564941406,223.55490112304688,43.4741325378418,68.83878326416016
2022-02-10,168.6405029296875,159.0034942626953,54.664241790771484,319.8500061035156,494.39007568359375,114.63967895507812,137.47386169433594,137.4836883544922,149.8943634033203,140.6137237548828,230.47523498535156,365.6537170410156,226.29417419433594,291.9114685058594,25.772682189941406,77.60446166992188,301.51666259765625,218.79757690429688,42.96580123901367,68.17654418945312
2022-02-11,165.2308807373047,153.2935028076172,53.00590133666992,319.1400146484375,485.989501953125,116.97391510009766,133.03778076171875,133.18174743652344,148.38143920898438,138.78334045410156,226.7244110107422,361.14154052734375,217.8405303955078,284.8256530761719,23.90140724182129,75.61338806152344,286.6666564941406,217.9246826171875,42.7289924621582,69.89315795898438
2022-02-14,165.46603393554688,155.16700744628906,53.48287582397461,314.2799987792969,483.0238952636719,115.1705551147461,134.1982421875,134.41506958007812,146.5146484375,137.4939727783203,226.6567840576172,365.4290466308594,216.00489807128906,284.78692626953125,24.218772888183594,74.85487365722656,291.9200134277344,218.5551300048828,42.29327392578125,68.82136535644531
2022-02-15,169.2969512939453,156.510498046875,55.71895217895508,316.20001220703125,490.0420227050781,114.32752990722656,135.31460571289062,135.48870849609375,148.0275115966797,139.50465393066406,235.4935760498047,372.6368408203125,219.2792205810547,290.06756591796875,26.442344665527344,75.6323471069336,307.4766540527344,220.96047973632812,42.425880432128906,67.95870208740234
2022-02-16,169.0618133544922,158.10049438476562,55.20500564575195,315.6499938964844,488.5926513671875,114.36160278320312,136.36795043945312,136.60894775390625,147.93907165527344,139.7571258544922,237.17404174804688,373.9944152832031,214.8539276123047,289.7290344238281,26.458314895629883,75.08242797851562,307.7966613769531,221.9303436279297,42.16065979003906,68.27239990234375
2022-02-17,165.46603393554688,154.65249633789062,53.52170944213867,313.54998779296875,491.0813903808594,113.77404022216797,131.23109436035156,131.4525604248047,147.03662109375,136.53822326660156,232.72183227539062,364.9798278808594,206.0926971435547,281.24517822265625,24.458293914794922,71.61227416992188,292.1166687011719,217.8470916748047,43.8498649597168,68.16785430908203
2022-02-18,163.91795349121094,152.60150146484375,53.613216400146484,314.79998779296875,488.8500671386719,113.61224365234375,129.4051055908203,129.3340606689453,145.46051025390625,137.17837524414062,232.08444213867188,361.3173522949219,204.5547637939453,278.53643798828125,23.595012664794922,70.70205688476562,285.6600036621094,215.98489379882812,43.56886291503906,67.40972900390625
2022-02-22,160.99818420410156,150.19749450683594,53.37935256958008,314.1600036621094,478.84747314453125,112.74365997314453,128.3487548828125,128.74940490722656,143.48379516601562,136.93492126464844,230.94480895996094,359.696044921875,200.5065155029297,278.3333435058594,23.343515396118164,70.27542114257812,273.84332275390625,214.65615844726562,43.08262252807617,66.62550354003906
2022-02-23,156.83412170410156,144.82699584960938,52.24513244628906,309.989990234375,472.2489929199219,115.42601776123047,126.54605865478516,126.54212951660156,143.55503845214844,134.06765747070312,230.1529083251953,352.80084228515625,196.90481567382812,271.1263122558594,22.342510223388672,68.71099853515625,254.67999267578125,209.44781494140625,42.64059066772461,66.89564514160156
2022-02-24,159.45013427734375,151.35800170898438,53.6141471862793,308.2799987792969,482.0894470214844,114.82994842529297,131.59310913085938,131.603271484375,140.81253051757812,130.3347930908203,234.75962829589844,360.7605895996094,205.98355102539062,284.9790954589844,23.700801849365234,70.92961883544922,266.92333984375,210.7572021484375,42.476402282714844,66.0503921508789
2022-02-25,161.51747131347656,153.7884979248047,54.35457229614258,319.239990234375,493.4461669921875,119.53895568847656,133.42410278320312,133.35728454589844,147.81129455566406,133.41847229003906,242.26365661621094,360.47735595703125,208.8411102294922,287.6104431152344,24.108985900878906,72.3897476196289,269.9566650390625,212.66787719726562,43.06051254272461,67.8279800415039
2022-02-28,161.78199768066406,153.56300354003906,54.301883697509766,321.45001220703125,495.1243591308594,122.62149047851562,133.79258728027344,133.9499053955078,146.53799438476562,127.85523223876953,241.39447021484375,352.4003601074219,209.3868408203125,289.0421447753906,24.336544036865234,72.0294418334961,290.1433410644531,209.6127166748047,42.67531204223633,68.3333969116211
2022-03-01,159.90081787109375,151.14199829101562,52.70085144042969,316.8399963378906,498.6333923339844,127.49234008789062,133.07546997070312,132.9625701904297,146.0304718017578,123.0313491821289,240.9598388671875,336.44158935546875,201.90557861328125,285.32745361328125,23.430339813232422,72.06739044189453,288.1233215332031,202.677978515625,42.9373779296875,68.9869384765625
2022-03-02,163.19288635253906,152.05250549316406,54.148433685302734,323.6400146484375,503.4677734375,131.256103515625,133.65419006347656,133.46839904785156,147.84690856933594,125.58303833007812,245.4700164794922,336.06072998046875,206.48959350585938,290.3964538574219,24.17598533630371,74.21961212158203,293.2966613769531,202.20278930664062,42.991050720214844,70.17200469970703
2022-03-03,162.8695831298828,147.89849853515625,53.484737396240234,327.739990234375,508.2830810546875,133.02734375,133.21432495117188,132.80189514160156,150.01954650878906,124.69039154052734,249.78700256347656,333.0330810546875,201.3896026611328,286.2658386230469,23.670900344848633,74.19117736816406,279.7633361816406,200.99037170410156,43.97931671142578,70.61641693115234
2022-03-04,159.87142944335938,145.64100646972656,55.09223175048828,325.3399963378906,501.083984375,135.09654235839844,131.04612731933594,130.82521057128906,150.91000366210938,121.18294525146484,253.87220764160156,323.0417785644531,198.5022735595703,280.4034729003906,22.894317626953125,72.5224838256836,279.42999267578125,194.25936889648438,45.0938835144043,73.27411651611328
2022-03-07,156.07968139648438,137.4530029296875,52.75446319580078,322.7200012207031,503.96368408203125,137.9832763671875,125.43468475341797,125.34254455566406,153.34091186523438,116.50334167480469,252.6842803955078,305.61810302734375,186.0102996826172,269.8106994628906,21.313190460205078,70.46504211425781,268.1933288574219,184.9580841064453,44.730777740478516,75.91436767578125
2022-03-08,154.2572479248047,136.01449584960938,53.239768981933594,318.5199890136719,499.0433654785156,145.2128143310547,126.24205780029297,126.06259155273438,150.23326110839844,115.68282318115234,251.03282165527344,306.99517822265625,188.80833435058594,266.8505554199219,21.47490119934082,69.52639770507812,274.79998779296875,185.9376983642578,43.80565643310547,76.48948669433594
2022-03-09,159.6558837890625,139.2790069580078,55.187442779541016,325.3999938964844,503.13409423828125,141.58526611328125,132.7759246826172,132.32632446289062,150.80311584472656,120.31733703613281,253.79498291015625,320.47320556640625,196.9543914794922,279.0879211425781,22.97217559814453,72.15272521972656,286.3233337402344,193.74530029296875,44.03299331665039,72.14131927490234
2022-03-10,155.31544494628906,146.8175048828125,54.32868194580078,325.29998779296875,507.96844482421875,145.45977783203125,131.6015625,131.34396362304688,151.0702667236328,118.89273834228516,256.9144287109375,317.0157775878906,193.69003295898438,276.2727966308594,22.6168270111084,72.6741943359375,279.4333190917969,192.00918579101562,45.033878326416016,74.38074493408203
2022-03-11,151.60205078125,145.52450561523438,53.415401458740234,326.6000061035156,502.9147033691406,145.52789306640625,129.4130096435547,128.80593872070312,150.7942352294922,116.21480560302734,257.1847839355469,317.2110290527344,186.14920043945312,270.932861328125,22.059837341308594,73.78350830078125,265.1166687011719,190.7871551513672,44.85707092285156,73.99736022949219
2022-03-14,147.5751190185547,141.85299682617188,52.486392974853516,329.9800109863281,501.5130920410156,141.9684600830078,125.70893859863281,124.9185562133789,152.8778533935547,117.36894226074219,259.7923278808594,320.9224548339844,185.1768341064453,267.4212951660156,21.291236877441406,73.07239532470703,255.4566650390625,194.29815673828125,45.482234954833984,71.34835815429688
2022-03-15,151.95480346679688,147.3665008544922,54.79365921020508,332.54998779296875,517.1224975585938,134.78147888183594,128.60467529296875,128.13894653320312,156.84024047851562,119.4517593383789,266.0312805175781,327.18292236328125,190.53477478027344,277.78192138671875,22.931249618530273,76.41929626464844,267.2966613769531,199.93319702148438,46.028472900390625,67.28775024414062
2022-03-16,156.36383056640625,153.10400390625,56.12107849121094,336.1099853515625,518.1427612304688,134.29615783691406,132.6018524169922,132.18797302246094,155.39773559570312,124.7895736694336,266.9777526855469,336.636962890625,202.04446411132812,284.7856750488281,24.451478958129883,75.81248474121094,280.07666015625,205.49069213867188,45.892696380615234,67.0350570678711
2022-03-17,157.37301635742188,157.23899841308594,55.70970916748047,344.9700012207031,527.1060180664062,136.6208038330078,133.5044403076172,132.74192810058594,157.4279327392578,126.36749267578125,275.7372741699219,338.3559265136719,206.2216796875,285.58868408203125,24.72098731994629,76.41929626464844,290.5333251953125,207.02313232421875,45.962425231933594,68.82136535644531
2022-03-18,160.6650390625,161.25050354003906,56.42518615722656,342.4100036621094,535.268310546875,137.7192840576172,135.68751525878906,135.0096435546875,155.68267822265625,126.32239532470703,277.7943115234375,341.920654296875,214.80435180664062,290.6286926269531,26.404926300048828,77.44328308105469,301.7966613769531,212.5126953125,46.09872817993164,68.55123901367188
2022-03-21,162.03677368164062,161.4915008544922,55.958011627197266,349.6600036621094,529.71875,140.19725036621094,135.36715698242188,134.98582458496094,156.56422424316406,125.91668701171875,279.7259216308594,337.5159606933594,209.84327697753906,289.400146484375,26.685415267944336,76.7606201171875,307.0533447265625,210.50498962402344,45.7151985168457,71.62720489501953
2022-03-22,165.40725708007812,164.88900756835938,56.89329147338867,349.92999267578125,533.4278564453125,139.72889709472656,139.13522338867188,138.72145080566406,155.82516479492188,128.59457397460938,275.2640380859375,341.3737487792969,214.9630584716797,294.14019775390625,26.475797653198242,77.55706787109375,331.32666015625,211.89195251464844,45.57891082763672,71.31351470947266
2022-03-23,166.76913452148438,163.4080047607422,55.78025817871094,348.1600036621094,528.27880859375,141.23614501953125,137.3756561279297,137.1420135498047,155.23748779296875,126.03388214111328,274.46246337890625,334.19537353515625,211.79791259765625,289.7192687988281,25.58741569519043,76.22018432617188,333.03668212890625,208.21607971191406,44.992530822753906,72.43759155273438
2022-03-24,170.55111694335938,163.64950561523438,58.297611236572266,352.3699951171875,532.1787109375,141.6107940673828,140.1613006591797,140.41151428222656,156.0388946533203,126.85438537597656,277.8426818847656,341.19805908203125,217.86036682128906,294.1789855957031,28.09884262084961,77.9742202758789,337.97332763671875,210.76687622070312,45.27145004272461,72.6554183959961
2022-03-25,171.1879425048828,164.77349853515625,58.52469253540039,358.760009765625,529.8903198242188,144.17398071289062,140.3690643310547,140.5116729736328,157.53477478027344,127.9634017944336,279.12713623046875,340.875732421875,220.0928192138672,293.7725524902344,27.641672134399414,77.49067687988281,336.8800048828125,211.85317993164062,45.46797561645508,74.2413330078125
2022-03-28,172.0501708984375,168.99049377441406,58.89787673950195,359.57000732421875,538.9489135742188,141.65342712402344,140.79408264160156,140.2959747314453,158.34506225585938,127.01663970947266,281.6767883300781,342.3114013671875,221.8490447998047,300.5636291503906,28.1677188873291,79.26367950439453,363.9466552734375,214.1227264404297,46.276222229003906,72.15876007080078
2022-03-29,175.34225463867188,169.31500244140625,59.69729995727539,355.1199951171875,543.4971923828125,139.92478942871094,142.08351135253906,141.33734130859375,158.26495361328125,127.29618072509766,278.5186767578125,358.97332763671875,228.0702362060547,305.1199645996094,28.60392189025879,79.91789245605469,366.5233459472656,221.2513885498047,46.666080474853516,71.77533721923828
2022-03-30,174.17630004882812,166.30099487304688,58.73129653930664,357.6099853515625,549.685791015625,140.9125518798828,141.48294067382812,140.7749786376953,159.91224670410156,126.71914672851562,279.9673156738281,353.78717041015625,226.0758819580078,303.6204833984375,27.639678955078125,79.03614044189453,364.663330078125,217.2069549560547,47.50286102294922,73.00398254394531
2022-03-31,171.0802001953125,162.99749755859375,58.60007095336914,352.9100036621094,549.0945434570312,138.65599060058594,138.51231384277344,137.92755126953125,157.81082153320312,122.91413879394531,276.5678405761719,349.0406188964844,220.6286163330078,298.2515563964844,27.23641586303711,78.4388198852539,359.20001220703125,215.09262084960938,47.20174789428711,71.96704864501953
2022-04-01,170.7862548828125,163.55999755859375,58.348812103271484,351.8800048828125,548.8276977539062,139.83961486816406,139.5542755126953,139.0016632080078,158.66566467285156,122.00344848632812,282.6522216796875,355.4768371582031,223.09927368164062,299.3254089355469,26.6634521484375,77.75615692138672,361.5299987792969,219.54441833496094,47.864192962646484,72.42887115478516
2022-04-04,174.83273315429688,168.34649658203125,59.08121109008789,345.42999267578125,548.4080810546875,139.96734619140625,142.47280883789062,141.7995147705078,157.13406372070312,122.5444564819336,281.4450378417969,358.3481750488281,232.06886291503906,304.69427490234375,27.310277938842773,79.70929718017578,381.8166809082031,220.8828582763672,47.87371063232422,72.4637222290039
2022-04-05,171.52110290527344,164.05499267578125,57.152008056640625,344.79998779296875,548.589111328125,139.10733032226562,139.91429138183594,139.4385528564453,158.1492156982422,121.11837768554688,282.47833251953125,354.8420104980469,230.03480529785156,300.73773193359375,25.883872985839844,78.63793182373047,363.7533264160156,219.28253173828125,48.00999069213867,72.08904266357422
2022-04-06,168.3563690185547,158.75599670410156,56.02409362792969,344.7099914550781,557.6192626953125,140.342041015625,136.05894470214844,135.42869567871094,162.26296997070312,119.43794250488281,295.3713684082031,345.3000183105469,221.56130981445312,289.7290344238281,24.362646102905273,77.86045837402344,348.586669921875,212.41571044921875,49.12569808959961,72.89069366455078
2022-04-07,168.6600799560547,157.7845001220703,56.12179946899414,346.510009765625,579.7985229492188,142.29205322265625,135.35374450683594,134.77459716796875,161.84445190429688,119.07460021972656,297.8726806640625,341.8670959472656,221.21401977539062,291.5379638671875,24.164005279541016,77.61297607421875,352.4200134277344,209.64181518554688,49.61698913574219,74.11062622070312
2022-04-08,166.65155029296875,154.4604949951172,54.62813186645508,353.1000061035156,572.16064453125,144.70187377929688,132.9192352294922,132.19491577148438,162.16500854492188,121.2546157836914,301.0211486816406,344.52728271484375,220.59886169433594,287.28155517578125,23.076988220214844,77.04187774658203,341.8299865722656,210.44683837890625,49.892738342285156,75.6703872680664
2022-04-11,162.39927673339844,151.1219940185547,54.0334587097168,352.0199890136719,557.5046997070312,140.98068237304688,128.73956298828125,127.76749420166016,160.1348419189453,120.80953216552734,298.3846130371094,339.7350158691406,214.77456665039062,275.95361328125,21.877172470092773,75.918701171875,325.30999755859375,208.2840118408203,48.9038200378418,73.06495666503906
2022-04-12,164.2706298828125,150.78750610351562,54.448524475097656,349.739990234375,554.3484497070312,143.91847229003906,127.32914733886719,126.6676025390625,160.1882781982422,119.48334503173828,297.5347595214844,338.1995544433594,212.47264099121094,272.8579406738281,21.464920043945312,75.5094223022461,328.98333740234375,205.03480529785156,48.567848205566406,74.58988189697266
2022-04-13,166.9552764892578,155.54100036621094,55.143707275390625,346.2200012207031,563.6263427734375,146.18357849121094,129.22506713867188,128.82923889160156,160.86500549316406,115.6319808959961,292.3099060058594,347.3342590332031,213.31602478027344,278.236572265625,22.162643432617188,75.90918731689453,340.7900085449219,206.84852600097656,49.83251953125,75.64424896240234
2022-04-14,161.94859313964844,151.7064971923828,53.404361724853516,344.3299865722656,562.9590454101562,146.115478515625,126.21676635742188,125.691162109375,160.1882781982422,114.56012725830078,291.5275573730469,349.9553527832031,208.54347229003906,270.7007141113281,21.219369888305664,75.62361907958984,328.3333435058594,206.3829803466797,49.788143157958984,76.53306579589844
2022-04-18,161.73304748535156,152.78500366210938,54.58160400390625,346.6499938964844,555.0732421875,148.07400512695312,126.91899871826172,126.6299057006836,158.19371032714844,116.68566131591797,288.59173583984375,348.9577941894531,209.12887573242188,271.3681945800781,21.743412017822266,74.45287322998047,334.7633361816406,206.75155639648438,49.40778732299805,77.16045379638672
2022-04-19,164.0159149169922,158.11549377441406,55.6164665222168,348.5,566.687255859375,146.31982421875,129.4680938720703,128.94329833984375,163.0198211669922,119.10182189941406,286.8437194824219,355.87237548828125,215.6179656982422,275.9921875,22.15766143798828,75.72834014892578,342.7166748046875,209.2053680419922,49.96881103515625,76.47206115722656
2022-04-20,163.84934997558594,153.9980010986328,55.62577819824219,348.82000732421875,575.4884643554688,146.91587829589844,127.20118713378906,126.99041748046875,163.74107360839844,119.51969146728516,282.8936767578125,357.26116943359375,198.85946655273438,277.0177001953125,21.442956924438477,76.42316436767578,325.73333740234375,211.23243713378906,50.596397399902344,76.6463394165039
2022-04-21,163.0557403564453,148.29600524902344,55.161380767822266,343.6000061035156,564.2462158203125,140.14617919921875,123.92012786865234,123.79136657714844,163.26918029785156,118.59317779541016,279.6968994140625,356.4298400878906,186.6055908203125,271.6488342285156,20.146320343017578,75.65219116210938,336.260009765625,209.93276977539062,50.67247009277344,75.83595275878906
2022-04-22,158.5193328857422,144.35000610351562,54.62348556518555,335.55999755859375,545.1373901367188,137.05506896972656,118.63997650146484,118.65481567382812,161.64857482910156,115.1868896484375,269.1893005371094,343.4612731933594,182.67645263671875,265.0899353027344,19.479534149169922,72.53966522216797,335.01666259765625,201.9020538330078,49.71841049194336,74.18033599853516
2022-04-25,159.5873260498047,146.07400512695312,54.71003723144531,336.95001220703125,541.8095703125,134.10879516601562,122.2463607788086,122.06513214111328,165.62881469726562,115.15055847167969,275.4378967285156,346.8061218261719,185.53402709960938,271.56170654296875,19.86583137512207,73.27259826660156,332.67333984375,203.6284942626953,49.7437629699707,71.67948150634766
2022-04-26,153.6302032470703,139.39100646972656,52.12194061279297,330.6499938964844,528.0309448242188,133.29132080078125,118.5328598022461,117.67739868164062,164.44451904296875,111.7442626953125,273.14898681640625,336.54669189453125,179.5410614013672,261.404296875,18.753856658935547,70.92155456542969,292.1400146484375,195.0449981689453,49.22394943237305,71.70562744140625
2022-04-27,153.4048614501953,138.16700744628906,52.07261657714844,329.5799865722656,528.3360595703125,133.04432678222656,114.08386993408203,113.35760498046875,162.14720153808594,110.29092407226562,275.3316955566406,353.6229553222656,173.5877685546875,273.9800720214844,18.381532669067383,71.15950012207031,293.836669921875,207.6632537841797,48.887969970703125,73.75337982177734
2022-04-28,160.3319549560547,144.59649658203125,53.878047943115234,331.2699890136719,536.7598266601562,137.7703857421875,118.43911743164062,117.55094146728516,163.3582000732422,112.03492736816406,287.0947265625,370.50360107421875,204.1281280517578,280.18096923828125,19.746047973632812,72.4730453491211,292.5033264160156,214.01605224609375,49.512386322021484,75.98409271240234
2022-04-29,154.46302795410156,124.28150177001953,51.59333801269531,322.8299865722656,507.83984375,133.41049194335938,114.03031921386719,113.17411041259766,160.68692016601562,108.41972351074219,282.1306457519531,355.3931884765625,198.9090576171875,268.4660339355469,18.513296127319336,69.86500549316406,290.2533264160156,206.71273803710938,48.491783142089844,74.28489685058594
2022-05-02,154.76678466796875,124.5,53.63701248168945,318.19000244140625,505.19427490234375,136.0332489013672,116.20297241210938,115.6273422241211,159.06631469726562,109.40983581542969,279.64874267578125,351.1484680175781,209.486083984375,275.1893005371094,19.497507095336914,70.43611907958984,300.9800109863281,205.16094970703125,48.17164611816406,75.29570770263672
2022-05-03,156.25604248046875,124.25350189208984,54.0855827331543,318.989990234375,504.3633728027344,138.366455078125,117.16756439208984,116.3721923828125,158.7546844482422,111.75334167480469,278.2096862792969,349.926025390625,210.3790740966797,272.5871276855469,19.566375732421875,69.76031494140625,303.0833435058594,202.28036499023438,48.339630126953125,76.84677124023438
2022-05-04,162.66384887695312,125.92849731445312,56.17857360839844,326.79998779296875,519.9790649414062,142.70932006835938,121.57685852050781,121.25879669189453,160.4553985595703,115.45030975341797,284.8057861328125,360.420166015625,221.67044067382812,280.5196228027344,20.297048568725586,71.58782958984375,317.5400085449219,208.0608673095703,49.00841522216797,79.90528106689453
2022-05-05,153.60081481933594,116.40699768066406,53.97576141357422,318.67999267578125,494.08660888671875,141.57676696777344,115.79582977294922,115.55047607421875,157.39231872558594,112.56177520751953,282.3624267578125,345.6031494140625,206.6582489013672,268.3016662597656,18.809755325317383,69.29391479492188,291.09332275390625,199.06033325195312,48.58851623535156,78.69407653808594
2022-05-06,154.32693481445312,114.77249908447266,53.986000061035156,318.8800048828125,480.7535095214844,145.34906005859375,114.71817779541016,114.79769134521484,157.0450439453125,112.3801040649414,286.7374572753906,339.49053955078125,202.18336486816406,265.76708984375,18.641061782836914,68.99883270263672,288.54998779296875,196.71316528320312,47.5769157409668,79.89656829833984
2022-05-09,149.20494079589844,108.78900146484375,52.387184143066406,312.9599914550781,476.4269104003906,135.60745239257812,112.16313934326172,111.58871459960938,157.89988708496094,110.69058990478516,279.3299255371094,320.78094482421875,194.6822509765625,255.94822692871094,16.9191951751709,68.0945816040039,262.3699951171875,187.18885803222656,48.13361740112305,73.59652709960938
2022-05-10,151.60891723632812,108.85900115966797,54.10604476928711,312.5299987792969,478.9388427734375,136.9103240966797,113.65142822265625,113.457275390625,157.68614196777344,107.99280548095703,275.9207763671875,318.17950439453125,196.11102294921875,260.70770263671875,17.563020706176758,69.03689575195312,266.67999267578125,187.75137329101562,47.45603561401367,74.08448028564453
2022-05-11,143.74932861328125,105.37200164794922,52.777099609375,311.5400085449219,467.1148376464844,138.93701171875,113.03301239013672,112.67127990722656,156.83135986328125,107.31155395507812,276.87689208984375,318.7076110839844,187.27041625976562,252.0496826171875,16.59977912902832,67.6091537475586,244.6666717529297,190.7968292236328,46.95978546142578,75.62682342529297
2022-05-12,139.88330078125,106.93049621582031,53.19217300415039,308.05999755859375,464.3450622558594,140.2568817138672,112.2395248413086,111.91898345947266,158.3806915283203,107.2207260131836,281.81195068359375,314.1793212890625,189.7509307861328,247.0193634033203,16.145605087280273,67.32360076904297,242.6666717529297,188.48895263671875,46.91524887084961,75.97014617919922
2022-05-13,144.34788513183594,113.05500030517578,54.74353790283203,310.3599853515625,474.9369812011719,142.94773864746094,115.56670379638672,115.09920501708984,157.47247314453125,108.17446899414062,282.59686279296875,325.48529052734375,197.07347106933594,252.6011505126953,17.673826217651367,67.7424087524414,256.5299987792969,193.60031127929688,47.0965576171875,78.22372436523438
2022-05-16,142.80735778808594,110.81050109863281,54.22516632080078,309.2900085449219,472.3200378417969,147.3246307373047,113.85773468017578,113.50686645507812,158.56768798828125,107.42057037353516,290.1068115234375,322.4828186035156,198.482421875,252.9686737060547,17.232629776000977,66.35271453857422,241.4566650390625,192.22044372558594,47.147464752197266,80.06355285644531
2022-05-17,146.43789672851562,115.36849975585938,56.596431732177734,314.6000061035156,468.44244384765625,148.19320678710938,115.75119018554688,115.51823425292969,159.22657775878906,110.98126220703125,292.0643005371094,331.412109375,201.0423126220703,258.1151123046875,18.143964767456055,68.41819763183594,253.8699951171875,198.23556518554688,41.78409194946289,81.08470153808594
2022-05-18,138.17599487304688,107.11250305175781,53.09910583496094,306.6400146484375,410.1151123046875,144.286865234375,111.48571014404297,110.98223114013672,156.27035522460938,109.08282470703125,286.0466003417969,328.5172424316406,190.74314880371094,246.36326599121094,16.90721893310547,65.0106201171875,236.60333251953125,194.33885192871094,38.9465217590332,79.7994613647461
2022-05-19,134.7711181640625,107.31900024414062,50.83208084106445,304.1499938964844,403.9356994628906,143.25656127929688,109.84368896484375,109.4791488647461,154.8812713623047,107.4659652709961,277.40289306640625,324.91802978515625,189.800537109375,245.45181274414062,17.092880249023438,63.81129837036133,236.47332763671875,191.7928466796875,37.87765884399414,80.23079681396484
2022-05-20,135.0066375732422,107.59100341796875,50.55103302001953,304.04998779296875,397.7276611328125,144.08078002929688,108.42286682128906,108.01525115966797,157.5882110595703,106.58488464355469,289.5932922363281,328.7909851074219,192.0330352783203,244.88943481445312,16.66366195678711,65.32472229003906,221.3000030517578,193.40597534179688,37.91902160644531,80.86461639404297
2022-05-23,140.4229736328125,107.55699920654297,48.98478317260742,310.20001220703125,410.1915283203125,147.42910766601562,110.7571792602539,110.57410430908203,160.80543518066406,113.17945861816406,293.2270812988281,340.771728515625,194.7020721435547,252.73374938964844,16.867292404174805,66.66682434082031,224.96665954589844,201.69493103027344,39.00060272216797,82.65164947509766
2022-05-24,137.72462463378906,104.0999984741211,48.78377151489258,309.1700134277344,418.0519104003906,148.2189483642578,105.06343841552734,105.10134887695312,162.5618133544922,114.77812957763672,296.4830017089844,333.2018737792969,179.86846923828125,251.73501586914062,16.1246395111084,65.70547485351562,209.3866729736328,196.90428161621094,39.48731231689453,83.10059356689453
2022-05-25,137.88160705566406,106.7750015258789,49.475223541259766,308.6400146484375,420.3440856933594,150.59713745117188,104.9776382446289,104.93769836425781,160.9666748046875,115.57746124267578,297.50054931640625,337.18243408203125,182.39862060546875,254.54696655273438,16.94415283203125,66.46694946289062,219.60000610351562,198.0800323486328,39.245548248291016,84.77316284179688
2022-05-26,141.08038330078125,111.07749938964844,51.246219635009766,312.5,444.10675048828125,151.6102294921875,107.41413879394531,106.90889739990234,160.82330322265625,117.57582092285156,303.750732421875,342.19964599609375,190.13790893554688,257.8242492675781,17.81855583190918,68.20879364013672,235.91000366210938,202.65696716308594,40.082176208496094,85.07246398925781
2022-05-27,146.83038330078125,115.14649963378906,54.28194046020508,319.1099853515625,449.61761474609375,153.06114196777344,111.8804702758789,111.39581298828125,162.28402709960938,119.23809051513672,313.4602966308594,349.91619873046875,193.6106414794922,264.9413146972656,18.77681541442871,69.27487182617188,253.2100067138672,206.8646240234375,40.87110137939453,85.90875244140625
2022-05-31,146.04539489746094,120.20950317382812,53.98879623413086,315.9800109863281,445.281494140625,149.95323181152344,113.11036682128906,112.8294677734375,160.8860626220703,120.110107421875,303.73138427734375,350.00433349609375,192.1322479248047,263.6130065917969,18.6380672454834,68.4562759399414,252.75332641601562,206.17469787597656,40.91881561279297,84.50907897949219
2022-06-01,145.91783142089844,121.68399810791016,53.38295364379883,312.2099914550781,436.4660339355469,151.37840270996094,113.20758056640625,112.9583969116211,159.25506591796875,118.00275421142578,301.4444580078125,349.21209716796875,187.17117309570312,264.1462707519531,18.286706924438477,68.15169525146484,246.7899932861328,203.9979705810547,39.9072151184082,86.12882995605469
2022-06-02,148.3709259033203,125.51100158691406,53.673301696777344,314.95001220703125,465.7108459472656,151.10365295410156,116.78719329833984,116.65830993652344,158.75318908691406,119.90119171142578,293.0623779296875,355.0997619628906,197.3115997314453,266.2406005859375,19.556396484375,69.61753845214844,258.3333435058594,208.97328186035156,40.56253433227539,85.97918701171875
2022-06-03,142.6503448486328,122.3499984741211,52.424407958984375,310.94000244140625,454.8611145019531,152.4773406982422,113.63109588623047,113.6020736694336,158.09902954101562,118.2298355102539,292.30645751953125,349.9553527832031,189.29452514648438,261.81915283203125,18.68597984313965,68.33255004882812,234.51666259765625,206.64112854003906,39.86587142944336,87.22920989990234
2022-06-06,143.39610290527344,124.79000091552734,52.229896545410156,312.1499938964844,451.2508544921875,151.8162841796875,116.05766296386719,115.86289978027344,158.08111572265625,117.8392333984375,293.96356201171875,352.2243347167969,192.7375030517578,260.5877380371094,18.751859664916992,69.45572662353516,238.27999877929688,206.92291259765625,39.72271728515625,87.00914001464844
2022-06-07,145.91783142089844,123.0,53.32432174682617,313.6499938964844,450.5918273925781,154.70953369140625,116.27489471435547,116.18920135498047,159.8196258544922,118.14808654785156,302.432861328125,356.01898193359375,194.12660217285156,264.223876953125,18.89160919189453,69.18920135498047,238.8866729736328,208.43887329101562,39.245548248291016,90.9969253540039
2022-06-08,145.18191528320312,121.18000030517578,52.61425018310547,308.739990234375,446.9720153808594,155.50799560546875,116.2833251953125,116.23332214355469,158.8697052001953,116.26781463623047,303.77972412109375,354.3662414550781,195.10888671875,262.1973571777344,18.6180477142334,67.9422836303711,241.86666870117188,207.4671173095703,38.905174255371094,92.07086181640625
2022-06-09,139.9617919921875,116.1500015258789,51.76364517211914,300.79998779296875,450.8496398925781,152.40867614746094,113.98222351074219,113.8941650390625,155.6704559326172,113.8243637084961,293.85693359375,341.3291931152344,182.56729125976562,256.7479553222656,18.019014358520508,65.88630676269531,239.7066650390625,200.2859344482422,38.49798583984375,90.08138275146484
2022-06-10,134.55528259277344,109.6500015258789,50.37235641479492,291.7099914550781,442.50225830078125,150.58853149414062,110.5201416015625,110.25028228759766,154.63096618652344,108.59231567382812,287.8102111816406,327.3924255371094,174.2029266357422,245.30638122558594,16.946739196777344,63.906490325927734,232.22999572753906,193.87240600585938,38.714298248291016,88.43522644042969
2022-06-13,129.40383911132812,103.66999816894531,48.171409606933594,281.55999755859375,431.93890380859375,143.6601104736328,106.0062026977539,105.52037811279297,153.0716094970703,105.3586196899414,282.25775146484375,312.7123718261719,162.9810028076172,234.90225219726562,15.621865272521973,60.965309143066406,215.73666381835938,186.8272705078125,37.98582458496094,84.37703704833984
2022-06-14,130.2672882080078,102.30999755859375,48.408714294433594,277.6400146484375,434.3743591308594,143.84896850585938,106.32112121582031,105.84072875976562,150.7237091064453,103.60552215576172,281.7828674316406,315.0596618652344,162.4551239013672,237.06454467773438,15.810563087463379,67.3140640258789,220.88999938964844,188.0516815185547,38.001731872558594,84.59710693359375
2022-06-15,132.88722229003906,107.66999816894531,49.017356872558594,278.92999267578125,438.1852111816406,141.02438354492188,109.49159240722656,108.86473846435547,152.33676147460938,104.83179473876953,283.9147033691406,318.2381591796875,168.03140258789062,244.11373901367188,16.50045394897461,66.34320068359375,233.0,190.61709594726562,37.97627258300781,83.5319595336914
2022-06-16,127.61799621582031,103.66000366210938,46.26919174194336,268.55999755859375,431.47088623046875,133.4863739013672,105.76765441894531,105.16431427001953,152.4174041748047,103.03327941894531,279.14715576171875,301.9932556152344,159.61740112304688,237.5299835205078,15.57593822479248,65.40088653564453,213.10000610351562,183.7080078125,38.370731353759766,80.45089721679688
2022-06-17,129.08985900878906,106.22000122070312,46.40599822998047,268.0799865722656,426.6286315917969,127.39070892333984,106.98714447021484,106.26522064208984,151.86180114746094,102.66992950439453,281.8894348144531,303.86126708984375,162.465087890625,240.12857055664062,15.854491233825684,64.45855712890625,216.75999450683594,184.640869140625,37.62953567504883,75.81169128417969
2022-06-21,133.31890869140625,108.68000030517578,47.27115249633789,271.7699890136719,442.3111267089844,132.7222442626953,111.10284423828125,110.62964630126953,155.04312133789062,105.21328735351562,288.1300354003906,310.42376708984375,155.8271484375,246.03358459472656,16.539392471313477,64.42048645019531,237.0366668701172,188.89707946777344,38.863807678222656,80.53009796142578
2022-06-22,132.8086700439453,108.94999694824219,46.55144119262695,269.7900085449219,439.3026123046875,126.95281219482422,111.12168884277344,110.5736083984375,157.48965454101562,104.62286376953125,297.1903991699219,309.2012634277344,154.6365203857422,245.44212341308594,16.333717346191406,63.32585525512695,236.086669921875,188.3432159423828,38.393009185791016,77.3434066772461
2022-06-23,135.67385864257812,112.44000244140625,46.59648132324219,267.5199890136719,453.66717529296875,122.2823486328125,111.76690673828125,111.3219223022461,161.0025634765625,103.47836303710938,303.0337219238281,309.7978515625,157.513916015625,250.99810791015625,16.19893455505371,64.37288665771484,235.07000732421875,191.08351135253906,39.3250732421875,75.01060485839844
2022-06-24,139.00018310546875,116.45999908447266,47.77035903930664,278.2799987792969,462.6163330078125,124.2913589477539,117.57274627685547,117.00792694091797,163.35943603515625,106.56671142578125,315.53399658203125,323.2358703613281,168.83506774902344,259.5696716308594,17.098491668701172,67.29502868652344,245.7066650390625,199.70286560058594,39.35689163208008,76.49832153320312
2022-06-27,139.00018310546875,113.22000122070312,47.453189849853516,278.3999938964844,460.1140441894531,126.69530487060547,115.67282104492188,114.88397979736328,163.20706176757812,105.71287536621094,317.13287353515625,321.6025390625,168.17030334472656,256.8450012207031,16.841901779174805,67.01901245117188,244.9199981689453,197.80799865722656,39.484134674072266,78.37337493896484
2022-06-28,134.8594512939453,107.4000015258789,46.77195358276367,273.8599853515625,447.5641784667969,128.7300262451172,111.65482330322266,111.08934020996094,158.5650177001953,105.2042007446289,307.78192138671875,311.29425048828125,159.42886352539062,248.69033813476562,15.956328392028809,65.27713775634766,232.663330078125,192.52166748046875,38.92744064331055,80.5477294921875
2022-06-29,136.61581420898438,108.91999816894531,46.017520904541016,273.489990234375,448.7388916015625,126.18875122070312,111.34237670898438,110.78585052490234,158.6098175048828,104.73186492919922,312.99517822265625,315.4996643066406,162.6634979248047,252.35552978515625,15.517033576965332,65.87680053710938,228.49000549316406,193.86270141601562,38.78428268432617,77.57229614257812
2022-06-30,134.15293884277344,106.20999908447266,45.58588790893555,273.0199890136719,457.7549743652344,124.2999267578125,108.48186492919922,108.0698013305664,159.07582092285156,102.28840637207031,314.1871643066406,308.5459899902344,159.9944610595703,249.02975463867188,15.134649276733398,66.5050277709961,224.47332763671875,191.3264617919922,38.67613220214844,75.38914489746094
2022-07-01,136.3214569091797,109.55999755859375,44.8380241394043,277.5,463.9439697265625,125.78522491455078,108.19274139404297,107.84616088867188,160.87709045410156,103.59644317626953,314.6522216796875,311.24530029296875,158.78395080566406,251.6962127685547,14.499670028686523,67.45685577392578,227.26333618164062,193.5517120361328,39.0101432800293,77.0705337524414
2022-07-05,138.90206909179688,113.5,44.693511962890625,275.69000244140625,466.3317565917969,122.47982788085938,112.9596176147461,112.33455657958984,159.640380859375,103.20240783691406,317.0457763671875,312.2428283691406,166.8804168701172,254.8668670654297,14.939963340759277,68.52290344238281,233.06666564941406,194.87330627441406,39.52549362182617,74.65849304199219
2022-07-06,140.236572265625,114.33000183105469,45.28561019897461,275.6499938964844,470.52447509765625,120.86576080322266,114.27531433105469,113.63282012939453,159.78378295898438,102.533447265625,319.9237060546875,313.1329040527344,168.44810485839844,258.1248779296875,15.105696678161621,68.20879364013672,231.73333740234375,195.4369354248047,39.805423736572266,73.3116226196289
2022-07-07,143.6021270751953,116.33000183105469,46.78040313720703,279.2799987792969,472.72125244140625,123.21817779541016,118.33448028564453,117.80929565429688,159.9630126953125,105.12677764892578,317.7918701171875,317.4329528808594,170.84927368164062,260.2483825683594,15.832527160644531,68.37059020996094,244.5433349609375,197.0694580078125,39.86587142944336,75.65323638916016
2022-07-08,144.2791748046875,115.54000091552734,46.794471740722656,280.8299865722656,479.0152587890625,122.57426452636719,119.18994903564453,118.37513732910156,159.765869140625,104.79689025878906,320.23382568359375,316.4436950683594,169.54946899414062,259.5308532714844,15.812560081481934,68.40870666503906,250.76333618164062,197.81768798828125,39.89131164550781,75.77647399902344
2022-07-11,142.1499481201172,111.75,45.30907440185547,278.510009765625,476.49371337890625,121.49250793457031,115.57364654541016,114.72826385498047,159.82859802246094,103.42232513427734,320.81524658203125,317.5505065917969,161.6117706298828,256.47650146484375,15.12766170501709,68.42781066894531,234.3433380126953,199.26560974121094,39.9072151184082,75.38914489746094
2022-07-12,143.12135314941406,109.22000122070312,45.16925811767578,277.2799987792969,468.53790283203125,119.26887512207031,113.91426849365234,113.08584594726562,157.58822631835938,103.52313995361328,313.56695556640625,316.24774169921875,161.99871826171875,245.96571350097656,15.057772636413574,67.31874084472656,233.07000732421875,199.03233337402344,39.78633117675781,74.38558959960938
2022-07-13,142.75827026367188,110.4000015258789,45.203033447265625,277.4700012207031,470.11383056640625,118.47042846679688,111.27344512939453,110.44071197509766,157.22080993652344,102.55176544189453,312.4719543457031,316.7472839355469,162.21701049804688,245.0445556640625,15.139641761779785,66.9554214477539,237.0399932861328,198.38131713867188,39.88176727294922,74.68490600585938
2022-07-14,145.6823272705078,110.62999725341797,45.47610092163086,274.4100036621094,488.9481506347656,116.71041870117188,110.53253936767578,109.46280670166016,157.4358673095703,98.9687271118164,316.7646789550781,318.373291015625,156.81936645507812,246.36326599121094,15.347307205200195,66.40089416503906,238.31333923339844,200.091552734375,40.66114044189453,73.18836975097656
2022-07-15,147.35044860839844,113.55000305175781,46.39755630493164,278.4800109863281,499.46368408203125,118.17852020263672,111.84872436523438,110.86122131347656,159.7210693359375,103.50481414794922,321.3288269042969,325.7589416503906,163.41757202148438,248.92312622070312,15.736681938171387,67.6342544555664,240.06666564941406,204.10487365722656,41.05878829956055,74.42079162597656
2022-07-18,144.3086395263672,113.76000213623047,46.078521728515625,276.260009765625,493.1122741699219,119.83553314208984,109.01499938964844,108.13624572753906,156.13645935058594,102.44180297851562,311.80328369140625,324.23089599609375,165.9279022216797,246.52810668945312,16.075138092041016,67.12751770019531,240.54666137695312,201.35487365722656,40.963356018066406,75.79407501220703
2022-07-19,148.1648406982422,118.20999908447266,47.76191329956055,283.54998779296875,496.8658752441406,124.15402221679688,113.6866455078125,112.87706756591797,153.86026000976562,104.98016357421875,316.09619140625,333.408935546875,174.41131591796875,251.647705078125,16.964704513549805,69.06839752197266,245.52999877929688,207.6226043701172,41.214664459228516,77.70433044433594
2022-07-20,150.16648864746094,122.7699966430664,48.02183151245117,286.0400085449219,500.6575622558594,125.79381561279297,113.76597595214844,112.9663314819336,152.9819793701172,104.96183776855469,312.0552062988281,334.28070068359375,181.66439819335938,254.3045196533203,17.77839469909668,69.40302276611328,247.5,207.3407440185547,41.558223724365234,78.5582275390625
2022-07-21,152.4331512451172,124.62999725341797,48.57639694213867,286.8500061035156,505.681396484375,124.83226776123047,114.10321807861328,113.40272521972656,153.5196990966797,105.67662811279297,316.7937927246094,339.81500244140625,181.74380493164062,256.7965087890625,18.021005630493164,71.26741027832031,271.7066650390625,210.08106994628906,42.165828704833984,77.24657440185547
2022-07-22,151.19676208496094,122.41999816894531,48.09220504760742,285.92999267578125,505.9295349121094,123.79341888427734,107.47761535644531,107.01551818847656,154.24557495117188,105.16344451904297,318.5671081542969,336.8372497558594,167.95199584960938,252.45254516601562,17.291179656982422,71.61160278320312,272.24334716796875,207.66146850585938,42.05766677856445,76.65679168701172
2022-07-25,150.0782012939453,121.13999938964844,48.14757537841797,287.989990234375,505.375732421875,127.47657775878906,107.32884216308594,106.62872314453125,154.55027770996094,105.5849838256836,321.2803955078125,337.1604919433594,165.35238647460938,250.96900939941406,16.99665641784668,71.57337188720703,268.4333190917969,208.21531677246094,41.99721908569336,79.20964813232422
2022-07-26,148.75355529785156,114.80999755859375,47.958030700683594,285.30999755859375,488.9385681152344,126.48066711425781,104.58139038085938,104.15912628173828,155.64356994628906,103.93549346923828,321.2900390625,334.29052734375,157.91079711914062,244.24949645996094,16.506446838378906,70.77980041503906,258.8599853515625,206.48562622070312,38.80336380004883,78.90152740478516
2022-07-27,153.8461456298828,120.97000122070312,49.52505874633789,290.29998779296875,498.8524169921875,128.14622497558594,112.6749496459961,112.13320922851562,155.21343994140625,105.60331726074219,318.75128173828125,336.23968505859375,168.25958251953125,260.5780334472656,17.76142692565918,72.53902435302734,274.82000732421875,204.522705078125,40.26987075805664,80.60934448242188
2022-07-28,154.39559936523438,122.27999877929688,50.07118606567383,293.8999938964844,512.9835205078125,129.11636352539062,113.65686798095703,113.28372192382812,156.1095428466797,105.2092514038086,320.5536804199219,345.23175048828125,159.46856689453125,268.0151062011719,17.95511245727539,73.65766906738281,280.8999938964844,205.3778533935547,41.275115966796875,81.55126953125
2022-07-29,159.4586944580078,134.9499969482422,50.24665832519531,300.6000061035156,517.8818969726562,140.61228942871094,115.69019317626953,115.36649322509766,156.3963165283203,105.71326446533203,319.4779968261719,346.5442810058594,157.86119079589844,272.21356201171875,18.133825302124023,74.42253875732422,297.1499938964844,206.11636352539062,42.00676345825195,85.3277587890625
2022-08-01,158.47747802734375,135.38999938964844,50.33016586303711,295.8599853515625,523.1535034179688,137.8048553466797,114.5396499633789,113.91847229003906,155.84967041015625,104.659423828125,314.109619140625,343.3608703613281,158.68472290039062,269.5664978027344,18.411375045776367,74.04010772705078,297.27667236328125,205.3875732421875,42.16264343261719,83.1710205078125
2022-08-02,157.00564575195312,134.16000366210938,49.845977783203125,292.1700134277344,519.9485473632812,136.62864685058594,114.95621490478516,114.18624877929688,154.96246337890625,103.02828216552734,310.281982421875,341.8621826171875,158.94271850585938,266.473388671875,18.496240615844727,72.99795532226562,300.586669921875,200.4316864013672,42.2071647644043,82.81008911132812
2022-08-03,163.0107421875,139.52000427246094,51.30323791503906,294.9599914550781,523.3448486328125,133.38333129882812,117.8127670288086,117.11206817626953,156.45904541015625,104.10961151123047,304.1092224121094,346.8773193359375,167.48565673828125,273.8909912109375,18.862651824951172,73.97317504882812,307.39666748046875,202.5889434814453,41.5136833190918,80.12518310546875
2022-08-04,162.69679260253906,142.57000732421875,51.87187194824219,292.9100036621094,519.7763061523438,129.76026916503906,117.90203094482422,117.2211685180664,153.9498291015625,102.9641342163086,296.3183288574219,348.7776184082031,169.24191284179688,275.03515625,19.18413543701172,74.00183868408203,308.6333312988281,207.4379425048828,39.945396423339844,76.75361633300781
2022-08-05,162.4707794189453,140.8000030517578,51.7442626953125,292.07000732421875,517.2791748046875,131.90663146972656,117.25733184814453,116.50706481933594,153.3404541015625,106.07982635498047,291.9866943359375,350.1881103515625,165.80882263183594,274.3177185058594,18.95849609375,73.95404815673828,288.1700134277344,209.77012634277344,40.26668930053711,77.86280059814453
2022-08-08,161.99911499023438,139.41000366210938,51.18970489501953,292.3399963378906,518.4559936523438,131.7091827392578,117.17798614501953,116.33847045898438,152.5249481201172,104.7877197265625,293.1302185058594,344.94769287109375,168.92437744140625,271.80633544921875,17.764419555664062,73.11268615722656,290.42333984375,207.29217529296875,40.59434509277344,78.3029556274414
2022-08-09,162.04824829101562,137.8300018310547,49.99517822265625,292.7699890136719,512.6389770507812,133.42630004882812,116.54318237304688,115.6739501953125,152.5070037841797,105.73159790039062,293.6341552734375,339.4427490234375,167.21775817871094,273.7261962890625,17.058555603027344,73.39950561523438,283.3333435058594,204.3186798095703,40.99517059326172,79.74663543701172
2022-08-10,166.2930450439453,142.69000244140625,51.647605895996094,295.1099853515625,516.4658813476562,133.7782745361328,119.66754913330078,118.71878051757812,152.94615173339844,108.4898910522461,295.1748046875,346.1427307128906,176.95135498046875,280.37786865234375,18.067934036254883,74.13571166992188,294.3566589355469,206.10665893554688,41.081058502197266,80.50369262695312
2022-08-11,165.55612182617188,140.63999938964844,51.18031311035156,296.4700012207031,509.175537109375,137.0406951904297,118.84429931640625,117.86583709716797,149.78274536132812,110.09355926513672,291.8414306640625,343.4000549316406,176.1079864501953,278.3028564453125,17.913177490234375,73.77239990234375,286.6300048828125,205.478759765625,41.47723388671875,82.83250427246094
2022-08-12,169.1032257080078,143.5500030517578,52.38140106201172,301.54998779296875,513.9688720703125,137.23818969726562,121.65125274658203,120.68256378173828,148.13381958007812,111.9171371459961,299.511962890625,347.014404296875,179.0945281982422,283.0443115234375,18.678943634033203,75.67503356933594,300.0299987792969,205.72215270996094,42.24402618408203,83.55248260498047
2022-08-15,170.17428588867188,143.17999267578125,52.44989776611328,302.82000732421875,522.139404296875,134.62823486328125,121.8793716430664,121.07926940917969,148.84176635742188,112.21955108642578,305.208984375,352.5780944824219,179.4815216064453,284.5569763183594,19.00143051147461,75.63677215576172,309.32000732421875,210.67706298828125,42.36543273925781,82.05919647216797
2022-08-16,170.0170440673828,144.77999877929688,51.76396942138672,306.6499938964844,529.0948486328125,134.28480529785156,121.51239776611328,120.70240020751953,150.16807556152344,113.29168701171875,301.67999267578125,351.8924255371094,178.07257080078125,283.8200378417969,18.84867286682129,76.02876281738281,306.5633239746094,211.37796020507812,44.528438568115234,81.2947769165039
2022-08-17,171.5105743408203,142.10000610351562,50.53848648071289,304.260009765625,532.2520751953125,135.392333984375,119.34022521972656,118.57003021240234,150.1770477294922,112.33866882324219,308.0089111328125,348.0527648925781,173.48854064941406,283.07183837890625,18.305543899536133,75.77063751220703,303.9966735839844,208.82748413085938,44.57636642456055,81.95252990722656
2022-08-18,171.11753845214844,142.3000030517578,52.40205001831055,304.2699890136719,536.6914672851562,137.76611328125,119.8758316040039,119.1849365234375,149.45115661621094,111.46813201904297,307.9117126464844,350.0411376953125,173.30001831054688,281.954345703125,18.742843627929688,75.83756256103516,302.8699951171875,209.53810119628906,44.432586669921875,83.8902359008789
2022-08-19,168.53334045410156,138.22999572753906,51.461814880371094,297.2799987792969,530.5396118164062,136.6138916015625,117.15814208984375,116.24919891357422,151.72738647460938,108.70980834960938,313.79345703125,347.0243225097656,166.65220642089844,278.0481872558594,17.820327758789062,75.20653533935547,296.6666564941406,207.17259216308594,43.77762222290039,83.62358856201172
2022-08-22,164.65213012695312,133.22000122070312,49.61515426635742,288.69000244140625,521.8715209960938,135.929443359375,114.13297271728516,113.30355072021484,151.19509887695312,106.91371154785156,314.1142883300781,338.433837890625,161.78042602539062,269.88604736328125,17.006633758544922,73.10311126708984,289.913330078125,203.0743408203125,42.994850158691406,83.56137084960938
2022-08-23,164.3180389404297,133.6199951171875,49.711795806884766,289.6499938964844,518.6187133789062,140.33914184570312,113.83541870117188,112.92666625976562,149.8779296875,105.8598861694336,306.3367919921875,333.908447265625,159.8555145263672,268.6131286621094,17.15340232849121,73.0553207397461,296.4533386230469,201.31236267089844,42.8127326965332,87.10790252685547
2022-08-24,164.61279296875,133.8000030517578,49.81126403808594,293.5199890136719,519.7189331054688,141.3787841796875,113.76597595214844,112.758056640625,149.3817596435547,106.1164779663086,310.0018615722656,332.7526550292969,161.9888153076172,267.9815368652344,17.1943359375,72.82586669921875,297.0966796875,201.18577575683594,43.12264633178711,87.62345123291016
2022-08-25,167.06927490234375,137.27999877929688,51.621341705322266,298.1300048828125,526.9423217773438,142.61764526367188,116.74156188964844,115.69379425048828,150.7800750732422,108.63651275634766,314.1531066894531,337.6111145019531,167.46580505371094,270.95489501953125,17.884225845336914,73.51423645019531,296.07000732421875,204.2522430419922,43.41019821166992,88.0767593383789
2022-08-26,160.77088928222656,130.75,48.87479019165039,289.9599914550781,508.81207275390625,141.56936645507812,110.3936767578125,109.43550872802734,148.19989013671875,105.08096313476562,306.783935546875,325.16131591796875,160.52029418945312,260.4995422363281,16.2338809967041,71.3725814819336,288.0899963378906,197.50608825683594,42.04594039916992,86.99235534667969
2022-08-29,158.5699005126953,129.7899932861328,48.24797821044922,287.45001220703125,508.0849914550781,142.62631225585938,109.44148254394531,108.52306365966797,147.0541534423828,104.82439422607422,301.5244140625,322.6048583984375,157.9306640625,257.7205505371094,15.775617599487305,70.93277740478516,284.82000732421875,196.96096801757812,42.454891204833984,88.99227905273438
2022-08-30,156.14288330078125,128.72999572753906,47.517005920410156,285.4200134277344,501.4643249511719,139.15228271484375,109.01499938964844,108.04700469970703,146.53988647460938,104.84272766113281,298.5009765625,321.09637451171875,155.936279296875,255.52452087402344,15.443156242370605,70.88497161865234,277.70001220703125,196.03619384765625,42.32709884643555,85.60572052001953
2022-08-31,154.48236083984375,126.7699966430664,46.833892822265625,280.79998779296875,499.5125732421875,136.93438720703125,108.26118469238281,107.33289337158203,145.55653381347656,104.2195816040039,292.8525085449219,317.7268371582031,161.66134643554688,254.06692504882812,15.069753646850586,70.89453887939453,275.6099853515625,193.43707275390625,42.34946823120117,84.96576690673828
2022-09-01,155.20944213867188,127.81999969482422,46.16765213012695,282.42999267578125,506.2767028808594,134.751220703125,109.64978790283203,108.8404312133789,149.1652374267578,104.93435668945312,300.5327453613281,318.5888671875,164.0724334716797,253.02725219726562,13.914612770080566,71.99404907226562,277.1600036621094,194.81936645507812,42.96609878540039,83.43692779541016
2022-09-02,153.09686279296875,127.51000213623047,46.938045501708984,277.6700134277344,496.65191650390625,136.75247192382812,107.79501342773438,106.96592712402344,146.81959533691406,104.20122528076172,292.94970703125,315.9538879394531,159.07168579101562,248.81011962890625,13.625079154968262,71.4012680053711,270.2099914550781,192.5122528076172,42.49323654174805,84.96576690673828
2022-09-06,151.83917236328125,126.11000061035156,46.748497009277344,276.5899963378906,496.450927734375,136.12002563476562,106.60478973388672,105.9344482421875,147.21653747558594,104.2287368774414,298.2869567871094,317.4427795410156,157.3055419921875,246.07968139648438,13.44336986541748,70.5886001586914,274.4200134277344,193.36888122558594,42.28236770629883,84.39689636230469
2022-09-07,153.2442626953125,129.47999572753906,47.39876937866211,281.0400085449219,506.7264099121094,134.37872314453125,109.58035278320312,108.55281066894531,148.01943969726562,106.20809936523438,302.93408203125,321.8897705078125,159.14114379882812,250.78265380859375,13.696041107177734,71.21961212158203,283.70001220703125,195.10165405273438,43.368656158447266,83.67691040039062
2022-09-08,151.77040100097656,129.82000732421875,48.036842346191406,283.3399963378906,506.2287902832031,135.10641479492188,108.52899169921875,107.49156188964844,149.21031188964844,108.68232727050781,306.72564697265625,323.3100891113281,160.79812622070312,251.2004852294922,13.971677780151367,71.3725814819336,289.260009765625,195.3839569091797,43.589107513427734,84.36133575439453
2022-09-09,154.62973022460938,133.27000427246094,49.0192985534668,285.7699890136719,513.3662719726562,138.5891571044922,110.8697738647461,109.74298858642578,149.4990234375,109.20465850830078,308.8644104003906,328.97174072265625,167.83294677734375,256.9723205566406,14.368159294128418,72.57727813720703,299.67999267578125,199.7548370361328,43.720115661621094,85.77461242675781
2022-09-12,160.58416748046875,136.4499969482422,49.64423370361328,288.510009765625,516.1788940429688,140.78099060058594,110.95903778076172,109.95125579833984,149.43588256835938,110.49675750732422,306.45330810546875,331.4891357421875,167.64442443847656,259.1003112792969,14.486005783081055,73.69589233398438,304.4200134277344,201.14686584472656,44.11309051513672,86.7612533569336
2022-09-13,151.1612091064453,126.81999969482422,47.2598991394043,278.2900085449219,488.2231140136719,138.10397338867188,104.45245361328125,103.4648666381836,145.54750061035156,106.65715026855469,297.9564514160156,318.77490234375,151.93768310546875,244.85536193847656,13.113802909851074,72.70157623291016,292.1300048828125,194.37156677246094,43.2025260925293,84.73464965820312
2022-09-14,152.60557556152344,128.5500030517578,47.926124572753906,278.4200134277344,486.0225524902344,141.4480743408203,105.00788879394531,104.1392822265625,148.55174255371094,106.40971374511719,300.9993896484375,319.1765441894531,150.2906036376953,245.078857421875,13.110807418823242,68.95366668701172,302.6099853515625,194.11846923828125,43.10667037963867,86.8145751953125
2022-09-15,149.716796875,126.27999877929688,46.9305305480957,276.70001220703125,481.7172546386719,139.15228271484375,103.0539321899414,102.06642150878906,148.93063354492188,108.01338195800781,300.86328125,310.4685974121094,148.3855743408203,238.43252563476562,12.912068367004395,67.15619659423828,303.75,190.18565368652344,42.64340591430664,84.29023742675781
2022-09-16,148.07586669921875,123.52999877929688,47.151981353759766,274.80999755859375,482.32965087890625,135.53956604003906,102.7861328125,101.95733642578125,151.20413208007812,107.28943634033203,300.2994384765625,308.6760559082031,145.15090942382812,237.8106689453125,13.180716514587402,65.80812072753906,303.3500061035156,188.17054748535156,42.55394744873047,82.85027313232422
2022-09-19,151.7900390625,124.66000366210938,47.09005355834961,278.95001220703125,484.65447998046875,135.929443359375,103.00434875488281,102.22510528564453,150.0132598876953,108.27912902832031,296.6050720214844,307.59857177734375,146.86746215820312,237.5968475341797,13.364472389221191,66.03755950927734,309.07000732421875,188.00509643554688,42.91817092895508,82.84140014648438
2022-09-20,154.1678924560547,122.19000244140625,46.26618576049805,277.1300048828125,477.9094543457031,135.39231872558594,101.00079345703125,100.31092071533203,148.83143615722656,106.14396667480469,293.338623046875,306.8541564941406,144.95249938964844,235.58547973632812,13.158742904663086,65.11972045898438,308.7300109863281,186.97323608398438,42.66896438598633,82.1658706665039
2022-09-21,151.0432586669922,118.54000091552734,45.62086868286133,270.739990234375,471.7385559082031,134.29205322265625,99.19561004638672,98.46617126464844,147.30673217773438,103.08325958251953,288.2345886230469,298.2637634277344,141.01339721679688,232.1845703125,13.243632316589355,63.819435119628906,300.79998779296875,182.05723571777344,43.058746337890625,80.8414535522461
2022-09-22,150.08033752441406,117.30999755859375,45.192230224609375,268.510009765625,466.09375,134.1881103515625,99.75105285644531,99.31914520263672,149.9230194091797,101.9103012084961,302.224365234375,292.24957275390625,141.70797729492188,234.1571044921875,12.544549942016602,63.13105010986328,288.5899963378906,180.85986328125,42.61784362792969,80.50369262695312
2022-09-23,147.81057739257812,113.77999877929688,44.34726333618164,267.7699890136719,446.22235107421875,125.42070007324219,98.3624496459961,97.93058776855469,150.41024780273438,100.01341247558594,302.79791259765625,287.5673828125,139.3166961669922,231.18374633789062,12.499608039855957,61.71601867675781,275.3299865722656,179.07843017578125,41.55390930175781,76.21939849853516
2022-09-26,148.14462280273438,115.1500015258789,43.73979187011719,264.32000732421875,459.52093505859375,122.11993408203125,98.00537872314453,97.36527252197266,149.489990234375,97.85991668701172,298.9480895996094,284.16839599609375,135.3081817626953,230.72703552246094,12.211987495422363,60.664310455322266,276.010009765625,175.79786682128906,41.95328903198242,74.6461410522461
2022-09-27,149.11740112304688,114.41000366210938,43.975399017333984,265.4700012207031,457.60748291015625,122.17194366455078,97.29125213623047,96.70076751708984,148.80433654785156,96.99851989746094,302.4480285644531,280.6127624511719,133.353515625,229.71649169921875,12.396743774414062,59.67952346801758,282.94000244140625,173.15003967285156,41.8382682800293,76.21051788330078
2022-09-28,147.23081970214844,118.01000213623047,44.08988571166992,271.7799987792969,467.16534423828125,126.29569244384766,99.91967010498047,99.2298583984375,150.08543395996094,98.95955657958984,325.08056640625,284.23699951171875,140.50738525390625,234.24456787109375,12.719320297241211,60.30099105834961,287.80999755859375,174.42526245117188,42.528385162353516,78.9837646484375
2022-09-29,139.9989776611328,114.80000305175781,42.59202575683594,269.5799865722656,458.25811767578125,125.42070007324219,97.29125213623047,96.62142944335938,148.4344482421875,97.28260040283203,320.8321228027344,280.8968505859375,135.34786987304688,230.775634765625,12.203997611999512,58.704315185546875,268.2099914550781,175.2819061279297,42.25361251831055,78.82376098632812
2022-09-30,135.79351806640625,113.0,42.012943267822266,267.0199890136719,451.83831787109375,124.46772766113281,95.3670425415039,94.86592102050781,147.37892150878906,95.76141357421875,314.3572692871094,278.5167236328125,134.62353515625,226.3058624267578,12.123104095458984,58.3887939453125,265.25,172.93588256835938,41.43889617919922,77.60602569580078
2022-10-03,139.969482421875,115.87999725341797,43.22126007080078,272.79998779296875,457.06207275390625,131.45042419433594,98.49139404296875,97.83142852783203,147.23455810546875,98.72132110595703,312.60736083984375,284.5309143066406,137.53073120117188,233.92388916015625,12.495615005493164,60.310550689697266,242.39999389648438,176.82974243164062,42.34306716918945,81.70364379882812
2022-10-04,143.55596923828125,121.08999633789062,45.405128479003906,280.489990234375,465.0987548828125,136.56192016601562,101.5760726928711,100.80683135986328,149.41783142089844,103.33984375,320.7154541015625,295.0999450683594,139.18772888183594,241.83340454101562,13.149757385253906,62.80595779418945,249.44000244140625,180.7235870361328,42.89261245727539,84.68134307861328
2022-10-05,143.8507537841797,120.94999694824219,45.87255859375,279.3599853515625,459.5401916503906,137.34158325195312,101.38762664794922,100.59854888916016,148.95773315429688,102.06393432617188,322.5528259277344,297.9699401855469,137.8978271484375,242.1443634033203,13.191699981689453,63.71424102783203,240.80999755859375,182.68997192382812,42.46767807006836,88.10342407226562
2022-10-06,142.8976287841797,120.30000305175781,45.37106704711914,276.30999755859375,461.6162109375,139.84532165527344,101.4074478149414,100.58863830566406,146.0707550048828,99.98363494873047,323.6903076171875,293.5745849609375,137.98716735839844,239.80259704589844,13.11280632019043,62.43309020996094,238.1300048828125,180.6651611328125,42.071495056152344,90.71665954589844
2022-10-07,137.65060424804688,114.55999755859375,43.571353912353516,269.0400085449219,447.89666748046875,138.64112854003906,98.75918579101562,97.87109375,144.5280303955078,97.986572265625,317.5752868652344,289.3950500488281,132.41091918945312,227.60797119140625,12.060184478759766,60.51133346557617,223.07000732421875,178.95187377929688,41.07466506958008,89.80113983154297
2022-10-10,137.974853515625,113.66999816894531,41.4158821105957,266.92999267578125,446.13616943359375,136.1373748779297,97.90618896484375,97.05782318115234,144.71749877929688,97.07123565673828,314.88226318359375,286.2654113769531,132.7482452392578,222.75921630859375,11.654715538024902,59.82294464111328,222.9600067138672,177.3456573486328,41.31747817993164,87.85453796386719
2022-10-11,136.55995178222656,112.20999908447266,40.759212493896484,267.30999755859375,451.59918212890625,136.16334533691406,97.25157928466797,96.38339233398438,146.81057739257812,94.2697525024414,318.48907470703125,280.6436767578125,127.53912353515625,219.0279541015625,11.570825576782227,59.976707458496094,216.5,174.3863067626953,42.3878059387207,87.10790252685547
2022-10-12,135.9310760498047,112.9000015258789,40.74123001098633,264.0,446.2031555175781,136.57057189941406,97.4995346069336,96.7602767944336,146.77444458007812,95.79531860351562,315.5433044433594,278.0241394042969,126.50723266601562,219.3583221435547,11.484939575195312,61.29328536987305,217.24000549316406,173.51022338867188,41.90855407714844,87.49010467529297
2022-10-13,140.5001220703125,112.52999877929688,41.44142532348633,275.7799987792969,447.74346923828125,143.18942260742188,98.89806365966797,98.24798583984375,148.99378967285156,101.12088012695312,322.864013671875,288.4042053222656,129.2755126953125,227.60797119140625,11.944336891174316,62.65791320800781,221.72000122070312,179.75985717773438,42.26319885253906,90.54777526855469
2022-10-14,135.9704132080078,106.9000015258789,40.41288757324219,272.6700134277344,434.9806823730469,138.7364044189453,96.38865661621094,95.76847076416016,148.3712921142578,102.80360412597656,322.1737365722656,283.2337646484375,125.77300262451172,222.08876037597656,11.212296485900879,61.8026237487793,204.99000549316406,177.77401733398438,41.67212677001953,88.1656494140625
2022-10-17,139.9302520751953,113.79000091552734,41.19540786743164,277.0199890136719,444.0888366699219,139.75001525878906,99.95933532714844,99.15052032470703,150.2929229736328,107.12136840820312,323.505615234375,289.4637756347656,132.99632263183594,230.8047637939453,11.872429847717285,64.40696716308594,219.35000610351562,180.334228515625,41.97245407104492,89.43671417236328
2022-10-18,141.24688720703125,116.36000061035156,41.144317626953125,281.6700134277344,452.79510498046875,140.97158813476562,100.56436920166016,99.94396209716797,149.7696990966797,109.87659454345703,325.7124328613281,294.702880859375,131.7659912109375,231.747314453125,11.951329231262207,64.41656494140625,220.19000244140625,182.20326232910156,42.85746383666992,89.5967025756836
2022-10-19,141.35499572753906,115.06999969482422,41.18878936767578,278.3399963378906,451.0346984863281,145.5458984375,99.47332763671875,98.81330871582031,148.57882690429688,107.72233581542969,320.13214111328125,292.13238525390625,132.192626953125,229.7845001220703,12.035216331481934,63.71504211425781,222.0399932861328,181.46339416503906,42.73604965209961,92.25438690185547
2022-10-20,140.89312744140625,115.25,40.7156867980957,273.5299987792969,444.519287109375,146.37759399414062,99.71138000488281,99.15052032470703,148.95773315429688,107.37100982666016,319.91827392578125,290.68035888671875,130.505859375,229.46385192871094,12.178031921386719,66.55001831054688,207.27999877929688,182.25193786621094,42.841487884521484,92.37884521484375
2022-10-21,144.70556640625,119.31999969482422,42.55418014526367,282.510009765625,457.49267578125,150.042236328125,100.65364074707031,100.3010025024414,152.20555114746094,113.01091766357422,331.2928466796875,296.6552429199219,128.99769592285156,235.26483154296875,12.449671745300293,69.8655014038086,214.44000244140625,185.31834411621094,43.70732879638672,94.09432220458984
2022-10-24,146.84762573242188,119.81999969482422,43.19666290283203,287.4800109863281,475.4697265625,149.99020385742188,102.13150024414062,101.67961883544922,154.2534942626953,113.14959716796875,338.2245788574219,299.82421875,128.70994567871094,240.2495574951172,12.582500457763672,70.07691955566406,211.25,185.64935302734375,44.54121780395508,94.75206756591797
2022-10-25,149.68728637695312,120.5999984741211,43.53256607055664,289.239990234375,477.4693603515625,151.5496826171875,104.07555389404297,103.6235580444336,154.0098876953125,113.44546508789062,341.5397033691406,305.5243835449219,136.43927001953125,243.56300354003906,13.243632316589355,70.28836059570312,222.4199981689453,189.221923828125,44.75209045410156,94.1120834350586
2022-10-26,146.74937438964844,115.66000366210938,43.63759231567383,288.5199890136719,477.8424987792969,153.42092895507812,94.04786682128906,94.15184020996094,155.3631591796875,114.7491226196289,347.90753173828125,313.4713134765625,128.80917358398438,224.77059936523438,12.879111289978027,71.90283966064453,224.63999938964844,197.93441772460938,45.09395980834961,95.23204803466797
2022-10-27,142.27862548828125,110.95999908447266,43.09068298339844,289.8800048828125,475.916015625,154.12266540527344,91.84595489501953,91.46405029296875,155.453369140625,115.20216369628906,346.4201354980469,313.3339538574219,97.17740631103516,220.33001708984375,13.158742904663086,72.21998596191406,225.08999633789062,198.8689422607422,44.96295166015625,95.59646606445312
2022-10-28,153.02809143066406,103.41000366210938,44.74655532836914,299.6300048828125,489.6507568359375,155.92471313476562,95.79353332519531,95.50069427490234,157.76292419433594,116.57054138183594,349.89080810546875,323.2430114746094,98.42758178710938,229.1917724609375,13.815882682800293,74.34381103515625,228.52000427246094,203.7849578857422,45.531654357910156,98.39637756347656
2022-10-31,150.66990661621094,102.44000244140625,44.4835090637207,295.0899963378906,480.6699523925781,156.72174072265625,93.88917541503906,93.73529052734375,156.95095825195312,116.3856201171875,352.0199279785156,321.9774475097656,92.43463134765625,225.5576629638672,13.479324340820312,75.026123046875,227.5399932861328,201.6627960205078,45.47415542602539,98.49414825439453
2022-11-01,148.02671813964844,96.79000091552734,44.273460388183594,294.1300048828125,479.19390869140625,157.86529541015625,89.76304626464844,89.7283935546875,156.15704345703125,118.48440551757812,342.7743225097656,326.8927001953125,94.45873260498047,221.7097930908203,13.525263786315918,74.10356903076172,227.82000732421875,201.4388885498047,45.269676208496094,99.47187805175781
2022-11-02,142.5045928955078,92.12000274658203,43.150306701660156,289.4599914550781,463.42718505859375,154.64248657226562,86.36099243164062,86.25708770751953,153.75729370117188,117.3934097290039,345.088134765625,313.7754821777344,89.83502960205078,213.86827087402344,13.201687812805176,72.19115447998047,214.97999572753906,195.61756896972656,44.96934127807617,97.42752075195312
2022-11-03,136.46170043945312,89.30000305175781,42.02334976196289,283.8500061035156,466.09173583984375,156.92098999023438,82.81012725830078,82.74609375,154.0189208984375,117.60606384277344,351.62127685546875,303.3267517089844,88.21772003173828,208.1838836669922,13.403421401977539,72.10466003417969,215.30999755859375,189.5821075439453,44.95976257324219,98.75191497802734
2022-11-04,136.19593811035156,90.9800033569336,44.02743911743164,287.4700012207031,466.2066955566406,158.90493774414062,85.9939956665039,85.87028503417969,154.70452880859375,120.82359313964844,347.4700622558594,312.35284423828125,90.08308410644531,215.12173461914062,14.137460708618164,73.03684997558594,207.47000122070312,191.75289916992188,45.03963851928711,99.82742309570312
2022-11-07,136.7274169921875,90.52999877929688,44.96608352661133,290.19000244140625,468.2578430175781,160.80221557617188,87.92811584472656,87.76461791992188,156.05780029296875,121.4615478515625,354.9170227050781,318.9850769042969,95.96690368652344,221.4182891845703,14.282271385192871,73.74798583984375,197.0800018310547,194.79014587402344,45.51249694824219,101.00960540771484
2022-11-08,137.29824829101562,89.9800033569336,45.61802291870117,292.6099853515625,472.29296875,160.56829833984375,88.18600463867188,88.17127227783203,156.83367919921875,121.53551483154297,356.46282958984375,319.5933532714844,95.7188491821289,222.3899688720703,14.582876205444336,72.69087219238281,191.3000030517578,196.425537109375,45.621124267578125,101.32962036132812
2022-11-09,132.74134826660156,86.13999938964844,44.42201232910156,288.6499938964844,469.618896484375,154.14865112304688,86.68830108642578,86.60421752929688,155.57962036132812,119.95447540283203,353.1671142578125,309.6744384765625,100.67992401123047,218.15342712402344,13.757959365844727,72.71011352539062,177.58999633789062,189.20582580566406,44.560394287109375,96.79644012451172
2022-11-10,144.5519561767578,96.62999725341797,47.93246841430664,303.20001220703125,491.81695556640625,157.06826782226562,93.40315246582031,93.16996002197266,157.40203857421875,124.8917236328125,358.4655456542969,330.8955993652344,110.99894714355469,236.1004638671875,15.72937297821045,74.16122436523438,190.72000122070312,200.5623016357422,45.48374557495117,98.2186050415039
2022-11-11,147.33729553222656,100.79000091552734,49.02252197265625,309.7200012207031,494.05963134765625,161.53860473632812,95.94232177734375,95.61971282958984,152.6927032470703,125.09512329101562,342.5021667480469,332.8774108886719,112.13998413085938,240.1135711669922,16.305618286132812,74.7090072631836,195.97000122070312,200.00613403320312,45.55402374267578,101.28514862060547
2022-11-14,145.93968200683594,98.48999786376953,48.561702728271484,308.9100036621094,488.5102233886719,161.6165771484375,95.2480239868164,94.91551971435547,155.092529296875,123.80997467041016,347.1231994628906,332.9559326171875,113.33064270019531,234.7109832763672,16.27365493774414,75.46821594238281,190.9499969482422,201.8208465576172,44.21533203125,101.58084869384766
2022-11-15,147.6719207763672,98.94000244140625,49.62146759033203,309.9800109863281,504.60284423828125,162.91612243652344,97.9161148071289,97.63306427001953,155.52554321289062,122.91311645507812,341.16656494140625,337.0177001953125,116.16836547851562,235.11907958984375,16.644176483154297,76.09285736083984,194.4199981689453,204.87460327148438,47.106788635253906,102.26181030273438
2022-11-16,146.44163513183594,97.12000274658203,48.42071533203125,308.760009765625,502.3408203125,160.2650909423828,98.18391418457031,98.0396957397461,156.49085998535156,123.07952117919922,344.0718078613281,336.2818603515625,112.34834289550781,235.54779052734375,15.889163970947266,76.77518463134766,186.9199981689453,205.02098083496094,47.44546127319336,101.1686782836914
2022-11-17,148.34117126464844,94.8499984741211,48.45668029785156,307.44000244140625,499.666748046875,160.7190399169922,97.69790649414062,97.5537109375,157.75390625,122.54330444335938,351.7149658203125,334.82000732421875,110.58221435546875,235.49908447265625,15.656468391418457,76.11207580566406,183.1699981689453,205.85025024414062,47.285709381103516,101.30308532714844
2022-11-18,148.90220642089844,94.13999938964844,48.74526596069336,310.760009765625,501.9190979003906,159.75872802734375,97.00360870361328,96.63134002685547,158.9628143310547,123.74522399902344,352.5924377441406,337.1943054199219,111.17753601074219,235.0508575439453,15.388819694519043,76.62141418457031,180.19000244140625,205.66488647460938,47.998191833496094,100.42498016357422
2022-11-21,145.6739501953125,92.45999908447266,48.96100997924805,311.20001220703125,501.631591796875,158.2308807373047,95.04965209960938,94.81633758544922,159.78004455566406,123.01485443115234,352.1049499511719,331.8570556640625,109.00459289550781,235.85964965820312,15.296941757202148,76.70789337158203,167.8699951171875,201.2939910888672,48.29212188720703,99.43041229248047
2022-11-22,147.80972290039062,93.19999694824219,50.1541862487793,315.760009765625,509.855224609375,162.29052734375,96.53742980957031,96.25447082519531,160.55181884765625,124.85472106933594,351.8221740722656,338.4403076171875,110.5722885131836,238.76341247558594,16.01699447631836,78.9182357788086,169.91000366210938,205.20631408691406,48.46465301513672,102.30661010742188
2022-11-23,148.68565368652344,94.12999725341797,50.49387741088867,316.17999267578125,512.2896728515625,160.8500213623047,98.01530456542969,97.65290069580078,160.72433471679688,126.18609619140625,352.64117431640625,342.05072021484375,111.36605834960938,241.2482147216797,16.49736213684082,79.34107971191406,183.1999969482422,206.5722198486328,48.69788360595703,101.79588317871094
2022-11-25,145.77236938476562,93.41000366210938,50.14094543457031,317.42999267578125,511.494140625,160.37855529785156,96.80524444580078,96.66109466552734,160.93316650390625,126.42652893066406,356.0825500488281,344.6506652832031,110.54251861572266,241.1605224609375,16.24869155883789,79.4948501586914,182.86000061035156,208.58204650878906,48.90556716918945,101.43749237060547
2022-11-28,141.94378662109375,93.94999694824219,49.412353515625,313.2699890136719,508.8679504394531,155.71652221679688,95.46621704101562,95.26265716552734,161.01487731933594,124.21678161621094,356.5895690917969,338.0772705078125,107.93299102783203,235.57704162597656,15.806272506713867,78.21669006347656,182.9199981689453,206.11367797851562,49.046138763427734,98.39103698730469
2022-11-29,138.94192504882812,92.41999816894531,49.33477020263672,315.1300048828125,506.9893493652344,158.0475311279297,94.66282653808594,94.40970611572266,159.88894653320312,126.26010131835938,354.815185546875,336.6448669433594,108.60770416259766,234.18362426757812,15.618518829345703,77.69775390625,180.8300018310547,203.96725463867188,48.87361526489258,99.04513549804688
2022-11-30,145.6936492919922,96.54000091552734,52.13935089111328,318.6000061035156,516.8519287109375,160.03807067871094,100.62388610839844,100.16215515136719,161.6232452392578,127.75790405273438,361.7662048339844,349.6639709472656,117.18043518066406,248.61483764648438,16.90515899658203,79.79275512695312,194.6999969482422,211.71385192871094,48.69788360595703,99.76192474365234
2022-12-01,145.96922302246094,95.5,52.11285400390625,315.8399963378906,482.9319152832031,159.32217407226562,100.45526885986328,100.16215515136719,162.295166015625,125.9642333984375,361.0350341796875,353.98089599609375,119.50221252441406,248.1763916015625,17.116939544677734,80.83063507080078,194.6999969482422,211.71385192871094,49.00141143798828,99.2780990600586
2022-12-02,145.4771270751953,94.12999725341797,51.17137145996094,316.1499938964844,473.98944091796875,158.0475311279297,100.0089340209961,99.6166763305664,162.4222869873047,124.9656753540039,365.3538513183594,353.2548828125,122.5284652709961,248.4979248046875,16.858211517333984,80.10028076171875,194.86000061035156,212.35777282714844,48.953495025634766,98.43582916259766
2022-12-05,144.3157501220703,91.01000213623047,50.21001052856445,310.57000732421875,468.36328125,154.14500427246094,99.05675506591797,98.66453552246094,162.33148193359375,121.4615478515625,360.0212097167969,349.3598937988281,121.47672271728516,243.8011932373047,16.59248924255371,76.33311462402344,182.4499969482422,208.47471618652344,48.45187759399414,95.73884582519531
2022-12-06,140.65444946289062,88.25,49.75393295288086,307.7799987792969,461.17474365234375,150.17266845703125,96.51759338378906,96.1850357055664,159.89804077148438,121.66495513916016,359.2900390625,340.96173095703125,113.2314224243164,238.85113525390625,15.970147132873535,75.83338928222656,179.82000732421875,203.98678588867188,47.889556884765625,93.07769012451172
2022-12-07,138.71554565429688,88.45999908447266,49.06130599975586,305.82000732421875,461.951171875,150.61790466308594,94.37517547607422,94.16175842285156,160.86962890625,121.58174133300781,362.6339111328125,340.853759765625,113.04290008544922,238.12030029296875,16.103008270263672,75.70845794677734,174.0399932861328,202.74771118164062,47.64035415649414,92.87162017822266
2022-12-08,140.39852905273438,90.3499984741211,50.25164794921875,305.989990234375,461.42401123046875,151.50839233398438,93.18495178222656,92.94184112548828,160.89682006835938,122.85767364501953,362.45849609375,344.53289794921875,114.43199157714844,241.07278442382812,17.15089988708496,76.94815063476562,173.44000244140625,204.0063018798828,47.714111328125,93.56153869628906
2022-12-09,139.91632080078125,89.08999633789062,51.54228210449219,306.3900146484375,462.95751953125,146.6717529296875,92.31212615966797,92.06906127929688,159.57115173339844,122.19196319580078,351.929443359375,342.23712158203125,114.99755096435547,239.14344787597656,16.983074188232422,76.7463607788086,179.0500030517578,203.61605834960938,46.60127258300781,92.77303314208984
2022-12-12,142.20950317382812,90.55000305175781,52.66922378540039,311.45001220703125,467.4239807128906,148.1995391845703,92.79812622070312,92.54512023925781,161.4779510498047,124.08733367919922,358.0323486328125,351.400634765625,113.81681060791016,246.05210876464844,17.51651382446289,78.11096954345703,167.82000732421875,209.362548828125,47.47037887573242,95.0578842163086
2022-12-13,143.1740264892578,92.48999786376953,54.0327262878418,312.3299865722656,467.92236328125,151.4996795654297,95.06949615478516,94.84609985351562,162.72193908691406,123.96715545654297,349.6579284667969,350.3998718261719,119.2144775390625,250.34933471679688,18.052949905395508,77.4190444946289,160.9499969482422,207.85028076171875,47.30040740966797,96.09725189208984
2022-12-14,140.94973754882812,91.58000183105469,54.354434967041016,309.2900085449219,463.43670654296875,150.45205688476562,94.53388214111328,94.29067993164062,163.2213134765625,123.34770202636719,354.3764953613281,350.7530822753906,120.64324188232422,250.64163208007812,17.65536880493164,78.62993621826172,156.8000030517578,208.1234893798828,47.03742599487305,95.389404296875
2022-12-15,134.3456268310547,88.44999694824219,52.798858642578125,301.9100036621094,444.6412353515625,149.32582092285156,90.45734405517578,90.1152114868164,161.16014099121094,120.28733825683594,350.9740295410156,339.70587158203125,115.24562072753906,242.64163208007812,16.934131622314453,76.94815063476562,157.6699981689453,202.8452911376953,46.6173095703125,94.47547912597656
2022-12-16,132.3870391845703,87.86000061035156,52.60109329223633,300.0,442.2834777832031,147.30035400390625,90.12012481689453,89.5201187133789,159.5076141357422,119.53841400146484,350.8375549316406,339.30364990234375,118.50008392333984,238.43211364746094,16.553531646728516,76.47726440429688,150.22999572753906,201.85011291503906,45.7802734375,93.81241607666016
2022-12-19,130.2808074951172,84.91999816894531,52.44081115722656,300.0299987792969,439.5805358886719,148.31304931640625,88.42404174804688,87.71504211425781,159.3350830078125,120.2503433227539,348.8000183105469,334.8102722167969,113.588623046875,234.300537109375,16.236867904663086,77.36138916015625,149.8699951171875,199.83053588867188,45.79631042480469,94.2335433959961
2022-12-20,130.21189880371094,85.19000244140625,51.90555953979492,302.0,438.8042297363281,150.74887084960938,88.90013122558594,88.290283203125,159.5076141357422,120.83283996582031,350.6134033203125,336.46826171875,116.17827606201172,235.6160125732422,16.06804656982422,77.78424072265625,137.8000030517578,200.35740661621094,46.19718933105469,95.59547424316406
2022-12-21,133.31219482421875,86.7699966430664,53.547584533691406,307.82000732421875,442.86810302734375,152.52114868164062,89.51507568359375,88.84568786621094,161.3326873779297,122.19196319580078,358.77325439453125,339.1564636230469,118.82750701904297,238.17877197265625,16.483606338500977,78.32239532470703,137.57000732421875,201.77207946777344,46.55958557128906,96.82301330566406
2022-12-22,130.1429901123047,83.79000091552734,52.770938873291016,302.69000244140625,439.65728759765625,150.23377990722656,87.5412826538086,87.04060363769531,160.74249267578125,120.80509948730469,356.1410827636719,335.0653076171875,116.20806121826172,232.09832763671875,15.322830200195312,77.35179138183594,125.3499984741211,200.064697265625,46.01438903808594,94.86971282958984
2022-12-23,129.77886962890625,85.25,52.70796585083008,306.489990234375,443.43359375,154.8783721923828,89.07867431640625,88.49856567382812,161.1510772705078,121.37834167480469,358.666015625,337.10595703125,117.12091064453125,232.62452697753906,15.189970970153809,77.69775390625,123.1500015258789,200.81594848632812,46.10738754272461,97.3785400390625
2022-12-27,127.9777603149414,83.04000091552734,52.81386947631836,305.54998779296875,439.45599365234375,156.82528686523438,87.21398162841797,86.67365264892578,161.10568237304688,121.80362701416016,355.7218933105469,339.6175842285156,115.9699478149414,230.89981079101562,14.106114387512207,77.82268524169922,109.0999984741211,201.2647247314453,46.1202278137207,98.73152160644531
2022-12-28,124.05071258544922,81.81999969482422,51.988563537597656,303.42999267578125,434.1748352050781,154.51170349121094,85.75595092773438,85.31487274169922,160.4065399169922,122.46932983398438,356.0533142089844,335.4871520996094,114.71974182128906,228.53195190429688,14.021204948425293,77.19802856445312,112.70999908447266,199.99644470214844,45.31205368041992,97.10973358154297
2022-12-29,127.56439208984375,84.18000030517578,53.22127151489258,309.05999755859375,437.5677795410156,155.6815643310547,88.22567749023438,87.72494506835938,161.2237091064453,123.17200469970703,357.8080749511719,341.62884521484375,119.32359313964844,234.8462371826172,14.587606430053711,78.22630310058594,121.81999969482422,202.9916229248047,45.587860107421875,97.84447479248047
2022-12-30,127.87931060791016,84.0,53.34721755981445,308.8999938964844,437.53900146484375,156.7030487060547,88.0074691772461,87.50675201416016,160.39743041992188,123.98564147949219,356.6577453613281,341.1579895019531,119.4029769897461,233.68666076660156,14.59859561920166,78.55304718017578,123.18000030517578,202.69895935058594,45.4724006652832,98.83009338378906
2023-01-03,123.09603118896484,85.81999969482422,52.80815124511719,309.9100036621094,434.4527282714844,151.90127563476562,88.96955871582031,88.38946533203125,161.79576110839844,124.92868041992188,355.8289489746094,340.2455139160156,123.76873779296875,233.4528045654297,14.299908638000488,80.45584869384766,108.0999984741211,202.3379364013672,46.05287551879883,95.4342041015625
2023-01-04,124.36566162109375,85.13999938964844,53.453121185302734,314.54998779296875,437.5965576171875,150.2861328125,87.98763275146484,87.35799407958984,163.5572509765625,126.09367370605469,353.9865417480469,348.4376525878906,126.37825012207031,223.24081420898438,14.733451843261719,81.18621826171875,113.63999938964844,207.43077087402344,46.104183197021484,95.71196746826172
2023-01-05,123.04682159423828,83.12000274658203,52.955078125,312.8999938964844,431.4911193847656,152.9925994873047,86.06343078613281,85.49339294433594,162.349609375,126.06572723388672,349.9114685058594,345.1214904785156,125.95159149169922,216.6244659423828,14.249964714050293,81.02285766601562,110.33999633789062,205.9673309326172,45.947044372558594,97.85343933105469
2023-01-06,127.57420349121094,86.08000183105469,56.14275360107422,318.69000244140625,462.8137512207031,154.14500427246094,87.44210052490234,86.6240463256836,163.6662139892578,128.4780731201172,353.83056640625,361.3065490722656,129.00759887695312,219.1774444580078,14.843337059020996,82.32020568847656,113.05999755859375,212.44558715820312,47.07270812988281,99.03617095947266
2023-01-09,128.0958251953125,87.36000061035156,55.04172134399414,315.5299987792969,458.8648376464844,152.94020080566406,88.07689666748047,87.2984848022461,159.42588806152344,127.94715881347656,341.0495910644531,364.5494079589844,128.46188354492188,221.31143188476562,15.611525535583496,83.36200714111328,119.7699966430664,213.2748565673828,46.485816955566406,97.19039154052734
2023-01-10,128.6666717529297,89.87000274658203,54.85471725463867,316.3500061035156,461.4048156738281,153.6909942626953,88.5133056640625,87.69520568847656,159.04454040527344,129.0928192138672,343.89630126953125,364.58868408203125,131.95449829101562,222.9972381591797,15.892230987548828,83.43916320800781,118.8499984741211,215.7042236328125,46.45695877075195,98.64192962646484
2023-01-11,131.38314819335938,95.08999633789062,55.16098403930664,320.3699951171875,464.1939392089844,152.95765686035156,91.50872802734375,90.7697982788086,158.79029846191406,130.05215454101562,351.364013671875,371.3200988769531,131.85528564453125,229.740234375,15.984131813049316,85.46485137939453,123.22000122070312,216.68963623046875,46.864253997802734,99.788818359375
2023-01-12,131.30441284179688,95.2699966430664,55.5235481262207,318.92999267578125,462.39202880859375,154.5989990234375,91.16157531738281,90.38298797607422,157.9912567138672,129.92176818847656,350.10638427734375,373.23638916015625,135.64553833007812,232.41015625,16.493595123291016,85.63848876953125,123.55999755859375,218.17254638671875,46.44092559814453,101.44644165039062
2023-01-13,132.63307189941406,98.12000274658203,55.2430419921875,317.6400146484375,465.0948791503906,155.01805114746094,92.04431915283203,91.3648681640625,157.47369384765625,133.20030212402344,352.54364013671875,369.0206298828125,135.9134063720703,233.1117401123047,16.881189346313477,86.04362487792969,122.4000015258789,217.62620544433594,46.59485626220703,101.38371276855469
2023-01-17,133.79444885253906,96.05000305175781,55.265933990478516,314.8599853515625,466.5517578125,157.5760955810547,91.40953826904297,90.54167175292969,156.5021514892578,131.1418914794922,348.7610168457031,368.5096435546875,134.3060302734375,234.203125,17.68334197998047,85.46485137939453,131.49000549316406,217.56768798828125,46.31264114379883,101.18659210205078
2023-01-18,133.07594299316406,95.45999908447266,54.79365539550781,308.29998779296875,459.5549621582031,154.72998046875,91.03263854980469,90.37308502197266,154.141357421875,127.20205688476562,343.1748962402344,362.5348815917969,131.98426818847656,229.77919006347656,17.35868263244629,83.64173126220703,128.77999877929688,214.1139373779297,45.167728424072266,99.10785675048828
2023-01-19,133.13504028320312,93.68000030517578,53.73744201660156,305.2300109863281,449.989501953125,156.27525329589844,93.1452865600586,92.28724670410156,153.93251037597656,125.50688171386719,342.2681579589844,361.5718688964844,135.08987426757812,225.99844360351562,16.747329711914062,82.89897918701172,127.16999816894531,215.040771484375,44.52312088012695,99.74401092529297
2023-01-20,135.69398498535156,97.25,54.45875549316406,309.8699951171875,460.1683654785156,157.93405151367188,98.47154998779297,97.21649932861328,153.2152099609375,125.8142318725586,337.38397216796875,369.7674865722656,138.2848358154297,234.07644653320312,17.82019805908203,84.16262817382812,133.4199981689453,218.8457794189453,45.071529388427734,101.56291198730469
2023-01-23,138.88284301757812,97.5199966430664,55.49396896362305,310.4200134277344,472.149169921875,157.72450256347656,100.38582611083984,98.97200775146484,152.8247528076172,127.85401916503906,333.62078857421875,372.01788330078125,142.1544647216797,236.37606811523438,19.17276954650879,85.82177734375,143.75,218.71893310546875,45.7449951171875,101.03427124023438
2023-01-24,140.2804718017578,96.31999969482422,55.81837463378906,311.29998779296875,471.66998291015625,157.8729248046875,98.40213012695312,96.89913940429688,152.8247528076172,128.9530792236328,337.6959533691406,373.4329528808594,142.0254669189453,235.84986877441406,19.244691848754883,86.52592468261719,143.88999938964844,218.4359893798828,45.86686325073242,101.97509002685547
2023-01-25,139.62103271484375,97.18000030517578,55.8803825378418,311.8999938964844,470.4911193847656,156.34510803222656,95.94232177734375,94.43946838378906,153.91433715820312,129.57711791992188,340.95208740234375,375.7717590332031,140.39822387695312,234.4564666748047,19.302629470825195,86.4680404663086,144.42999267578125,219.42138671875,45.6487922668457,101.43749237060547
2023-01-26,141.68788146972656,99.22000122070312,57.11118698120117,310.95001220703125,477.60284423828125,163.94931030273438,98.35252380371094,96.7206039428711,153.35137939453125,130.37811279296875,339.2752380371094,370.7108459472656,146.15309143066406,241.65744018554688,19.7811279296875,86.6513442993164,160.27000427246094,219.2360076904297,45.60708999633789,105.51433563232422
2023-01-27,143.62677001953125,102.23999786376953,56.38701629638672,309.1700134277344,482.3855895996094,156.66812133789062,99.88990783691406,98.55545043945312,152.75210571289062,130.69482421875,333.51361083984375,367.55645751953125,150.55850219726562,241.81336975097656,20.34353256225586,85.84104919433594,177.89999389648438,225.8020782470703,45.9566650390625,103.58789825439453
2023-01-30,140.74307250976562,100.55000305175781,55.47679901123047,307.3299865722656,482.3760070800781,152.08462524414062,97.15238952636719,96.14537048339844,147.09527587890625,129.58644104003906,331.9538269042969,364.6968078613281,145.9149169921875,236.50274658203125,19.141801834106445,84.25909423828125,166.66000366210938,223.5191192626953,45.587860107421875,101.75108337402344
2023-01-31,142.01266479492188,103.12999725341797,55.816463470458984,311.5199890136719,489.9095458984375,151.927490234375,99.05675506591797,98.02978515625,148.3846893310547,130.3594970703125,335.5120849609375,364.185791015625,147.81007385253906,241.4723358154297,19.516407012939453,85.32981872558594,173.22000122070312,224.60203552246094,46.13946533203125,103.9463119506836
2023-02-01,143.13467407226562,105.1500015258789,57.509056091308594,310.57000732421875,496.3983154296875,149.6051788330078,100.60405731201172,99.60675048828125,149.7466583251953,130.01486206054688,333.9717712402344,367.6055908203125,151.927734375,246.28599548339844,20.920921325683594,86.86355590820312,181.41000366210938,225.2752227783203,46.396018981933594,102.80838775634766
2023-02-02,148.43960571289062,112.91000366210938,57.79719924926758,311.8599853515625,502.56243896484375,147.55349731445312,107.9140396118164,106.8568344116211,150.30958557128906,129.40945434570312,322.3997802734375,368.4506530761719,187.3001708984375,257.8329162597656,21.686113357543945,86.21725463867188,188.27000427246094,223.9678955078125,46.05928039550781,99.59171295166016
2023-02-03,152.0615234375,103.38999938964844,57.01959228515625,308.510009765625,494.2764892578125,147.93765258789062,104.36318969726562,103.92108154296875,149.4651641845703,131.4119873046875,330.5693664550781,367.43853759765625,185.07760620117188,251.74276733398438,21.077756881713867,86.44876861572266,189.97999572753906,224.5240020751953,45.446746826171875,100.2816390991211
2023-02-06,149.33523559570312,102.18000030517578,57.37070083618164,308.42999267578125,495.03497314453125,148.10354614257812,102.62743377685547,102.05651092529297,148.33018493652344,132.18505859375,329.18499755859375,366.5147705078125,184.61126708984375,250.20315551757812,21.066770553588867,85.3973388671875,194.75999450683594,223.85076904296875,45.116416931152344,100.11138153076172
2023-02-07,152.2091522216797,102.11000061035156,58.62535858154297,312.9700012207031,495.9375,151.98861694335938,107.16022491455078,106.75764465332031,148.36648559570312,133.79640197753906,331.154296875,368.5685729980469,190.12796020507812,260.71722412109375,22.149627685546875,84.63529205322266,196.80999755859375,225.6850128173828,45.212623596191406,102.96965789794922
2023-02-08,149.52223205566406,100.05000305175781,57.40982437133789,308.4800109863281,483.724609375,148.4178466796875,99.18568420410156,98.55545043945312,148.55715942382812,132.85565185546875,332.1779479980469,363.940185546875,182.00173950195312,259.908447265625,22.18159294128418,83.62245178222656,201.2899932861328,224.59230041503906,44.968902587890625,102.07365417480469
2023-02-09,148.4888153076172,98.23999786376953,57.19038009643555,307.2099914550781,480.67144775390625,147.05589294433594,94.68264770507812,94.2311782836914,146.55052185058594,130.7879180908203,333.2113952636719,364.0089111328125,176.53463745117188,256.87799072265625,22.313451766967773,83.58385467529297,207.32000732421875,224.20123291015625,45.38581466674805,102.45894622802734
2023-02-10,148.85353088378906,97.61000061035156,56.6026496887207,309.8900146484375,480.0569152832031,150.13772583007812,94.08753967285156,93.7947998046875,147.23150634765625,131.3654022216797,336.45782470703125,360.48101806640625,172.7939910888672,256.37127685546875,21.242582321166992,84.05653381347656,196.88999938964844,222.09951782226562,46.09135818481445,106.77770233154297
2023-02-13,151.6529998779297,99.54000091552734,57.35353088378906,313.739990234375,486.2593688964844,149.2996063232422,94.22640228271484,93.83446502685547,147.7762908935547,132.79046630859375,341.605224609375,364.41180419921875,178.03289794921875,264.3810729980469,21.76502799987793,86.25582885742188,194.63999938964844,223.7418212890625,46.7936897277832,106.36238861083984
2023-02-14,151.01226806640625,99.69999694824219,57.46706771850586,310.7900085449219,483.1580810546875,150.4433135986328,94.17681884765625,93.90389251708984,147.13162231445312,133.37721252441406,339.93280029296875,363.556884765625,178.08250427246094,265.2093505859375,22.946786880493164,85.93751525878906,209.25,224.2403564453125,46.659000396728516,105.11636352539062
2023-02-15,153.11184692382812,101.16000366210938,57.98039245605469,309.6300048828125,490.89678955078125,148.85789489746094,96.30929565429688,96.14537048339844,144.70729064941406,133.9360809326172,327.65814208984375,363.242431640625,175.7805633544922,263.089599609375,22.74000358581543,85.21405029296875,214.24000549316406,223.78091430664062,47.00535583496094,104.80033874511719
2023-02-16,151.51499938964844,98.1500015258789,57.298194885253906,308.17999267578125,484.0030517578125,146.70887756347656,95.00005340576172,94.72708892822266,143.68124389648438,132.0919189453125,318.9143981933594,361.1885681152344,171.09732055664062,256.0854187011719,21.978805541992188,84.61600494384766,202.0399932861328,220.76028442382812,46.26774215698242,104.49336242675781
2023-02-17,150.37155151367188,97.19999694824219,56.82590866088867,308.239990234375,487.248291015625,143.4324188232422,93.8197250366211,93.57658386230469,146.68087768554688,132.48313903808594,321.19329833984375,354.8797607421875,171.53387451171875,252.09005737304688,21.365455627441406,84.19156646728516,208.30999755859375,218.541259765625,46.96367263793945,100.47541046142578
2023-02-21,146.3596649169922,94.58000183105469,55.48537826538086,302.7200012207031,481.73712158203125,141.8030242919922,91.30043029785156,91.03756713867188,144.49517822265625,130.05215454101562,320.3227844238281,349.79925537109375,170.7401123046875,246.82470703125,20.63322639465332,83.14978790283203,197.3699951171875,215.667236328125,47.24910354614258,100.3760986328125
2023-02-22,146.7834930419922,95.79000091552734,54.9730224609375,303.1600036621094,477.560546875,141.23052978515625,91.05247497558594,90.89871978759766,144.29393005371094,129.05555725097656,321.8485412597656,348.8262939453125,169.78759765625,245.69155883789062,20.73212432861328,83.26553344726562,200.86000061035156,215.0807342529297,46.25812530517578,99.07592010498047
2023-02-23,147.26654052734375,95.81999969482422,55.701011657714844,303.07000732421875,473.4800109863281,142.6221160888672,90.32840728759766,90.14495086669922,144.2482452392578,130.08938598632812,320.3325500488281,349.3765869140625,170.70042419433594,248.87612915039062,23.639055252075195,85.44556427001953,202.07000732421875,216.16580200195312,45.56861877441406,99.98786163330078
2023-02-24,144.6149444580078,93.5,55.123775482177734,304.0199890136719,469.130615234375,143.0448760986328,88.62240600585938,88.39937591552734,142.63868713378906,131.26295471191406,314.5816650390625,347.00823974609375,169.0632781982422,243.4545135498047,23.26145362854004,85.52275085449219,196.8800048828125,214.62127685546875,45.69047927856445,99.99687194824219
2023-02-27,145.80767822265625,93.76000213623047,55.85844039916992,304.6600036621094,467.6135559082031,143.40599060058594,89.36632537841797,89.13331604003906,142.32774353027344,132.40859985351562,309.6717834472656,349.3275146484375,168.2198944091797,244.37278747558594,23.476224899291992,84.84750366210938,207.6300048828125,215.40328979492188,45.360164642333984,99.81629943847656
2023-02-28,145.3049774169922,94.2300033569336,56.701866149902344,305.17999267578125,464.877197265625,141.60044860839844,89.56468200683594,89.3217544555664,140.1603240966797,133.51695251464844,304.39031982421875,349.1407775878906,173.57785034179688,243.64990234375,23.191526412963867,84.30731964111328,205.7100067138672,215.00250244140625,45.581443786621094,99.23845672607422
2023-03-01,143.2349395751953,92.16999816894531,56.633174896240234,304.6199951171875,459.5868835449219,142.72779846191406,89.77297973632812,89.61930084228516,139.52931213378906,132.7718505859375,307.27557373046875,347.38177490234375,172.06968688964844,240.57276916503906,22.674070358276367,83.28482818603516,202.77000427246094,213.45797729492188,44.946449279785156,100.12328338623047
2023-03-02,143.8263702392578,92.12999725341797,57.11787033081055,307.75,466.32696533203125,143.17697143554688,91.55830383300781,91.24585723876953,139.4195556640625,131.3933563232422,308.13623046875,349.4159240722656,173.17103576660156,245.30076599121094,23.289424896240234,83.89253234863281,190.89999389648438,214.1422576904297,45.05868911743164,100.58377075195312
2023-03-03,148.87327575683594,94.9000015258789,60.372344970703125,312.45001220703125,456.3128356933594,145.2908477783203,93.25437927246094,92.88232421875,140.85537719726562,133.80572509765625,311.4420471191406,355.2433166503906,183.8075714111328,249.38406372070312,23.864816665649414,86.09186553955078,197.7899932861328,218.74652099609375,45.11320877075195,101.85686492919922
2023-03-06,151.63328552246094,93.75,60.387596130371094,316.9700012207031,463.8210144042969,146.35658264160156,94.80168914794922,94.35018920898438,142.26370239257812,133.02333068847656,311.96038818359375,360.57928466796875,183.4602813720703,250.9275665283203,23.529172897338867,86.56452178955078,193.80999755859375,221.6596221923828,45.1068000793457,102.75978088378906
2023-03-07,149.43511962890625,93.55000305175781,59.64625930786133,311.1199951171875,465.8085632324219,144.4717254638672,93.40315246582031,93.09061431884766,140.9193878173828,129.11141967773438,303.8132629394531,353.7103271484375,183.0733184814453,248.2704315185547,23.267404556274414,85.23335266113281,187.7100067138672,218.16000366210938,44.657814025878906,100.77337646484375
2023-03-08,150.68698120117188,93.91999816894531,60.32463073730469,311.3699951171875,466.6630554199219,143.55575561523438,93.87925720214844,93.47740936279297,139.8859405517578,128.34767150878906,305.68133544921875,352.81610107421875,183.52975463867188,247.8308868408203,24.15960693359375,85.3587417602539,182.0,217.20199584960938,44.28900909423828,99.30164337158203
2023-03-09,148.43951416015625,92.25,59.39531707763672,304.82000732421875,460.40301513671875,141.37144470214844,91.90546417236328,91.563232421875,138.31300354003906,121.39939880371094,309.8967590332031,348.30548095703125,180.27529907226562,246.48281860351562,23.41526985168457,83.79606628417969,172.9199981689453,215.0709228515625,43.990760803222656,98.53417205810547
2023-03-10,146.37937927246094,90.7300033569336,58.661617279052734,303.6300048828125,452.35711669921875,140.631591796875,90.26890563964844,89.88707733154297,138.65133666992188,124.48233795166016,308.1068420410156,341.1023864746094,178.11227416992188,242.83909606933594,22.944686889648438,81.09514617919922,173.44000244140625,211.2877960205078,43.9266242980957,97.31524658203125
2023-03-13,148.32125854492188,92.43000030517578,58.81808853149414,302.8800048828125,453.1827697753906,139.7860565185547,90.91360473632812,90.36315155029297,139.97738647460938,122.24696350097656,317.3690185546875,338.743896484375,179.49143981933594,248.04576110839844,22.94568634033203,81.92472839355469,174.47999572753906,209.65530395507812,44.05489730834961,96.19564819335938
2023-03-14,150.4109649658203,94.87999725341797,60.34370803833008,305.3299865722656,462.70733642578125,141.59161376953125,93.4825210571289,93.19970703125,140.76390075683594,125.38578796386719,319.89251708984375,346.7135314941406,192.50927734375,254.75686645507812,24.041717529296875,81.56782531738281,183.25999450683594,213.7512664794922,44.28900909423828,96.55682373046875
2023-03-15,150.80528259277344,96.19999694824219,59.73117446899414,297.8800048828125,466.2981262207031,135.46151733398438,95.76380157470703,95.3221664428711,141.15716552734375,119.46205139160156,322.2397766113281,342.0555114746094,196.2102508544922,259.29925537109375,24.20656967163086,80.04373931884766,180.4499969482422,211.51263427734375,44.782894134521484,91.75334930419922
2023-03-16,153.6244354248047,100.04000091552734,60.729164123535156,302.010009765625,467.8343811035156,135.89306640625,100.2469711303711,99.4976577758789,140.864501953125,121.78126525878906,322.2984924316406,341.9769287109375,203.33432006835938,269.8103942871094,25.518413543701172,81.81861114501953,184.1300048828125,212.56838989257812,44.52849578857422,91.22062683105469
2023-03-17,152.78656005859375,98.94999694824219,60.201560974121094,293.510009765625,467.6326599121094,134.17559814453125,101.62565612792969,100.7870101928711,139.3555450439453,117.18011474609375,321.9561462402344,343.60821533203125,194.08689880371094,272.96563720703125,25.702251434326172,82.24304962158203,180.1300048828125,212.50975036621094,44.889156341552734,90.14617919921875
2023-03-20,155.15228271484375,97.70999908447266,61.41709518432617,301.05999755859375,469.783447265625,136.14849853515625,101.09996795654297,100.39028930664062,140.73648071289062,118.41887664794922,326.2791748046875,343.2741394042969,196.269775390625,265.9322204589844,25.877086639404297,83.88288879394531,183.25,213.25270080566406,45.3721809387207,92.50276184082031
2023-03-21,157.00540161132812,100.61000061035156,61.1902961730957,303.8500061035156,471.2812805175781,140.31451416015625,104.97813415527344,104.05992889404297,140.73648071289062,121.59498596191406,323.81439208984375,348.4332275390625,200.5859375,267.44635009765625,26.17582893371582,84.4809341430664,197.5800018310547,216.9673614501953,45.21760940551758,96.64710235595703
2023-03-22,155.57615661621094,98.69999694824219,60.63005065917969,299.7300109863281,468.083984375,137.4608612060547,103.37132263183594,102.52265167236328,138.13922119140625,118.45613098144531,323.70684814453125,344.9544982910156,198.2541961669922,265.9908447265625,26.444591522216797,84.78962707519531,191.14999389648438,215.1002655029297,44.927799224853516,94.4349594116211
2023-03-23,156.66041564941406,98.70999908447266,61.428619384765625,298.3699951171875,468.3144836425781,136.09564208984375,105.39472961425781,104.73436737060547,138.21238708496094,118.13946533203125,325.3402404785156,348.2366943359375,202.68939208984375,271.2366027832031,27.16695213317871,84.67386627197266,192.22000122070312,217.59303283691406,45.29167556762695,93.36956024169922
2023-03-24,157.96156311035156,98.12999725341797,61.13456726074219,298.9200134277344,475.5250244140625,137.4520263671875,105.19634246826172,104.57569122314453,139.60243225097656,116.34185791015625,328.7536926269531,345.5440979003906,204.40594482421875,274.07928466796875,26.755313873291016,84.89573669433594,190.41000366210938,216.07777404785156,45.66199493408203,93.47789764404297
2023-03-27,156.01971435546875,98.04000091552734,60.23796844482422,302.1400146484375,473.5567932128906,138.85244750976562,102.22077178955078,101.62010955810547,140.19691467285156,119.6762924194336,327.2572326660156,348.48236083984375,201.2606201171875,269.9861755371094,26.507537841796875,86.95036315917969,191.80999755859375,216.8305206298828,46.42517852783203,95.52749633789062
2023-03-28,155.39869689941406,97.23999786376953,60.03232955932617,302.32000732421875,467.3639221191406,140.4730682373047,100.53462219238281,100.20183563232422,138.84341430664062,120.0395278930664,330.240234375,348.1973876953125,199.11740112304688,268.8628845214844,26.386640548706055,86.67063903808594,189.19000244140625,215.38377380371094,46.24484634399414,96.71932983398438
2023-03-29,158.47418212890625,100.25,60.109195709228516,305.29998779296875,471.3004455566406,141.67970275878906,101.07022857666016,100.55888366699219,140.2060546875,120.28168487548828,328.49932861328125,353.3074035644531,203.75106811523438,274.0206604003906,26.960132598876953,87.41339111328125,193.8800048828125,218.28709411621094,46.44449996948242,98.38068389892578
2023-03-30,160.04144287109375,102.0,60.902000427246094,305.0799865722656,471.8861999511719,143.0272674560547,100.49493408203125,100.06298065185547,140.31578063964844,119.91844177246094,333.2135009765625,353.0421447753906,206.2216796875,277.4787902832031,27.358783721923828,87.30728149414062,195.27999877929688,217.36819458007812,46.908203125,98.85921478271484
2023-03-31,162.54519653320312,103.29000091552734,61.650611877441406,308.7699890136719,477.0612487792969,143.7054443359375,103.15312957763672,102.87969970703125,141.7515869140625,121.37142944335938,335.8836669921875,357.1202392578125,210.28977966308594,281.6304016113281,27.752431869506836,89.63199615478516,207.4600067138672,220.3986053466797,47.48139572143555,99.01271057128906
2023-04-03,163.79705810546875,102.41000366210938,61.73998260498047,310.30999755859375,477.2148132324219,149.6858673095703,104.05570220947266,103.5045394897461,143.44346618652344,121.23173522949219,343.0429992675781,360.12725830078125,211.4109649658203,280.5851745605469,27.940263748168945,90.59661102294922,194.77000427246094,223.85911560058594,47.88069534301758,104.85452270507812
2023-04-04,163.2647247314453,103.94999694824219,60.96543884277344,309.07000732421875,477.8870544433594,148.8843536376953,104.26400756835938,103.86158752441406,144.9433135986328,119.61107635498047,346.83782958984375,357.60174560546875,213.04811096191406,280.5363464355469,27.4287166595459,90.67376708984375,192.5800018310547,222.54922485351562,47.41054916381836,103.852294921875
2023-04-05,161.42144775390625,101.0999984741211,60.446502685546875,310.3900146484375,477.3108825683594,149.6241912841797,104.09537506103516,103.6136474609375,151.45472717285156,119.78944396972656,354.2906494140625,358.0544738769531,209.8333282470703,277.7620849609375,26.857227325439453,91.53227996826172,185.52000427246094,223.04776000976562,48.19626998901367,105.63101196289062
2023-04-06,162.30862426757812,102.05999755859375,59.83436584472656,312.510009765625,466.6054382324219,147.66006469726562,108.01322174072266,107.53125,151.0340118408203,119.65802001953125,360.2078857421875,355.7710876464844,214.4173583984375,284.8541259765625,27.013084411621094,92.52583312988281,185.05999755859375,220.9167022705078,48.560150146484375,103.8793716430664
2023-04-10,159.7161865234375,102.16999816894531,60.29082489013672,312.6199951171875,474.1424560546875,148.22377014160156,106.0790786743164,105.56749725341797,150.27499389648438,120.05228424072266,358.9461975097656,354.4620666503906,213.07786560058594,282.6952209472656,27.55460548400879,90.82100677490234,184.50999450683594,221.34681701660156,48.466758728027344,103.41889953613281
2023-04-11,158.50375366210938,99.91999816894531,59.73153305053711,313.70001220703125,478.7703552246094,149.04290771484375,105.255859375,104.48641967773438,150.229248046875,120.6436767578125,356.0511779785156,358.3891296386719,212.1848907470703,276.2869567871094,27.144969940185547,91.02442169189453,186.7899932861328,223.3214569091797,48.32508087158203,104.15025329589844
2023-04-12,157.81373596191406,97.83000183105469,59.2635383605957,314.54998779296875,469.84112548828125,149.5713348388672,104.36318969726562,103.78223419189453,149.90916442871094,120.62489318847656,360.951171875,356.076171875,212.33372497558594,276.9317321777344,26.47157096862793,90.95662689208984,180.5399932861328,222.69581604003906,48.09000778198242,104.04190826416016
2023-04-13,163.19577026367188,102.4000015258789,59.98810958862305,318.04998779296875,478.04058837890625,151.57069396972656,107.30900573730469,106.54937744140625,151.91201782226562,121.08486938476562,366.9173583984375,363.8221130371094,218.63426208496094,283.134765625,26.439594268798828,92.55489349365234,185.89999389648438,227.46627807617188,48.13831329345703,104.52946472167969
2023-04-14,162.8507537841797,102.51000213623047,59.53645324707031,319.739990234375,471.71331787109375,151.87896728515625,108.56865692138672,107.97756958007812,151.6650848388672,130.2279510498047,366.506591796875,366.5582275390625,219.765380859375,279.5204162597656,26.734329223632812,92.70986938476562,185.0,228.7664337158203,47.81306838989258,104.78227996826172
2023-04-17,162.87046813964844,102.73999786376953,60.287933349609375,323.7900085449219,474.24810791015625,150.54019165039062,105.55340576171875,105.10134887695312,151.50958251953125,131.26052856445312,364.1788024902344,366.8830871582031,217.15585327148438,282.118896484375,26.978116989135742,92.59363555908203,187.0399932861328,228.23851013183594,48.147972106933594,103.56336975097656
2023-04-18,164.09275817871094,102.30000305175781,60.76457977294922,324.6300048828125,477.0900573730469,150.1878662109375,104.26400756835938,103.64337921142578,147.24790954589844,132.7343292236328,361.7923278808594,366.45001220703125,216.1934051513672,281.69879150390625,27.642526626586914,93.44606018066406,184.30999755859375,228.3558807373047,48.254234313964844,105.58588409423828
2023-04-19,165.23622131347656,104.30000305175781,60.97407913208008,323.0899963378906,476.2547912597656,150.32879638671875,104.16480255126953,103.32601165771484,148.63796997070312,132.56536865234375,362.34002685546875,366.9224548339844,214.02047729492188,281.7769775390625,27.906293869018555,92.80673217773438,180.58999633789062,227.34898376464844,48.305755615234375,105.25178527832031
2023-04-20,164.2701873779297,103.80999755859375,60.83185958862305,323.82000732421875,485.42401123046875,149.5977783203125,105.03765106201172,104.4269027709961,149.59823608398438,132.1804656982422,366.5848083496094,369.0877685546875,211.4109649658203,279.4911193847656,27.080028533935547,91.85746765136719,162.99000549316406,229.3334197998047,48.614891052246094,104.4120864868164
2023-04-21,162.66348266601562,106.95999908447266,60.82032775878906,324.3299865722656,486.1633605957031,148.954833984375,105.0475845336914,104.5459213256836,148.78428649902344,131.92703247070312,376.7858581542969,369.323974609375,211.23236083984375,279.149169921875,27.095012664794922,92.16744995117188,165.0800018310547,228.79576110839844,48.859622955322266,104.74617767333984
2023-04-24,162.9690704345703,106.20999908447266,60.97792434692383,326.04998779296875,491.03118896484375,151.03343200683594,105.91047668457031,105.10134887695312,149.689697265625,132.10537719726562,374.9374084472656,368.8219909667969,211.1331329345703,275.2515563964844,27.01807975769043,92.44834899902344,162.5500030517578,227.5347137451172,49.1912956237793,106.72354125976562
2023-04-25,161.4313201904297,102.56999969482422,59.774776458740234,324.3399963378906,483.11016845703125,148.84031677246094,103.75814819335938,102.99870300292969,151.06146240234375,129.23289489746094,376.39471435546875,362.7197570800781,205.9339599609375,269.0484313964844,26.217790603637695,91.1115951538086,160.6699981689453,224.4358673095703,48.80809783935547,105.20664978027344
2023-04-26,161.42144775390625,104.9800033569336,59.21451950073242,320.5299987792969,474.9393615722656,146.18922424316406,103.5994644165039,102.85985565185547,148.72027587890625,126.94245910644531,368.0127868652344,360.9776916503906,207.76951599121094,288.536865234375,26.93215560913086,90.77256774902344,153.75,223.02818298339844,48.5955696105957,104.24054718017578
2023-04-27,166.00509643554688,109.81999969482422,59.4278678894043,326.2300109863281,481.285888671875,147.0435791015625,107.48753356933594,106.70805358886719,149.0678253173828,128.65090942382812,381.78375244140625,367.77874755859375,236.70249938964844,297.77801513671875,27.20191764831543,92.06088256835938,160.19000244140625,223.86888122558594,48.74691390991211,105.4865493774414
2023-04-28,167.2569122314453,105.44999694824219,60.20529556274414,328.54998779296875,483.1580810546875,148.47921752929688,107.33875274658203,106.46009826660156,149.70799255371094,129.76800537109375,387.1728210449219,374.0384521484375,238.4487762451172,300.15185546875,27.724458694458008,91.75090789794922,164.30999755859375,227.50540161132812,48.614891052246094,106.84992980957031
2023-05-01,167.16819763183594,102.05000305175781,61.30561828613281,330.1700134277344,473.9120178222656,147.2989959716797,106.8329086303711,106.32125091552734,149.61651611328125,132.5465850830078,396.90447998046875,373.87115478515625,241.28648376464844,298.4911804199219,28.884428024291992,91.89620971679688,161.8300018310547,227.29031372070312,48.81454086303711,103.53626251220703
2023-05-02,166.13319396972656,103.62999725341797,58.84455108642578,325.8599853515625,475.0833435058594,140.95745849609375,105.11699676513672,104.4566650390625,150.92428588867188,130.40631103515625,395.329833984375,370.10150146484375,237.377197265625,298.3446044921875,28.185047149658203,91.82839965820312,160.30999755859375,221.8844757080078,48.68251419067383,99.41000366210938
2023-05-03,165.05877685546875,103.6500015258789,58.92720031738281,323.2200012207031,470.5227966308594,138.13023376464844,105.255859375,104.5459213256836,148.94888305664062,127.64646911621094,421.7275390625,368.9892883300781,235.1844024658203,297.35797119140625,27.77741050720215,91.80902862548828,160.61000061035156,220.90689086914062,48.502197265625,97.45068359375
2023-05-04,163.4224395751953,104.0,58.63505172729492,320.0,471.7735900878906,137.5929412841797,104.353271484375,103.83184051513672,148.2721710205078,125.90045928955078,419.0378723144531,370.1900939941406,231.7017364501953,298.3446044921875,27.537620544433594,91.99308013916016,161.1999969482422,220.53546142578125,48.637939453125,95.74419403076172
2023-05-05,171.0913848876953,105.66000366210938,60.55316925048828,323.8800048828125,480.163330078125,141.1072235107422,105.35008239746094,104.70462036132812,148.77513122558594,128.35989379882812,418.4216613769531,378.5954284667969,230.9674530029297,303.46337890625,28.654632568359375,93.93038940429688,170.05999755859375,226.5767059326172,49.05815505981445,98.12785339355469
2023-05-08,171.0223846435547,105.83000183105469,60.4513053894043,326.1400146484375,480.163330078125,140.55230712890625,107.35858154296875,106.88658142089844,148.436767578125,128.66969299316406,423.2239990234375,379.43206787109375,231.4536590576172,301.5096435546875,29.125211715698242,93.75602722167969,171.7899932861328,227.01657104492188,49.365230560302734,98.51611328125
2023-05-09,169.31707763671875,106.62000274658203,59.437477111816406,324.8699951171875,481.8279113769531,140.1471710205078,107.06104278564453,106.47002410888672,147.28448486328125,128.0501251220703,418.9791564941406,376.902587890625,231.55288696289062,299.89776611328125,28.54572868347168,93.12639617919922,169.14999389648438,228.0234832763672,49.449275970458984,98.54320526123047
2023-05-10,171.0814971923828,110.19000244140625,60.18318557739258,322.989990234375,480.7406311035156,138.3591766357422,111.36569213867188,110.8339614868164,147.8331756591797,128.11581420898438,426.3537292480469,376.5089111328125,231.26516723632812,305.0849914550781,28.859451293945312,94.46312713623047,168.5399932861328,226.07814025878906,49.310279846191406,97.27912139892578
2023-05-11,171.26878356933594,112.18000030517578,60.3177375793457,322.6400146484375,482.8861999511719,137.5929412841797,115.94808197021484,115.61444854736328,147.22962951660156,127.71222686767578,425.99188232421875,377.34552001953125,233.9540557861328,302.93585205078125,28.55272102355957,94.3856430053711,172.0800018310547,226.26426696777344,49.49453353881836,95.51846313476562
2023-05-12,170.34095764160156,110.26000213623047,60.65214920043945,322.489990234375,484.98370361328125,137.94525146484375,116.95975494384766,116.54674530029297,147.0375518798828,125.88169860839844,426.0016174316406,375.898681640625,231.9894561767578,301.8222351074219,28.314931869506836,94.78279113769531,167.97999572753906,226.62664794921875,49.47837448120117,95.50942993164062
2023-05-15,169.847412109375,111.19999694824219,61.483394622802734,323.5299987792969,483.030517578125,138.4561004638672,116.00757598876953,115.554931640625,145.91268920898438,126.94245910644531,426.08013916015625,377.3652038574219,237.0001678466797,302.30096435546875,28.92738914489746,94.21128845214844,166.35000610351562,228.0272979736328,49.093727111816406,95.69158172607422
2023-05-16,169.847412109375,113.4000015258789,61.6410026550293,323.75,477.3636169433594,135.20608520507812,119.11210632324219,118.53035736083984,145.7206573486328,126.08822631835938,428.1785583496094,374.2451171875,236.96046447753906,304.5281677246094,29.187164306640625,95.17025756835938,166.52000427246094,225.73536682128906,48.41490936279297,93.36918640136719
2023-05-17,170.4593963623047,115.5,63.18144607543945,327.3900146484375,476.25714111328125,137.14378356933594,120.49078369140625,119.84944152832031,145.40057373046875,129.96510314941406,428.9826965332031,380.8985900878906,240.60189819335938,307.40643310546875,30.151308059692383,96.64261627197266,173.86000061035156,227.8705596923828,48.3341064453125,95.46389770507812
2023-05-18,172.7889404296875,118.1500015258789,65.14472961425781,329.760009765625,479.2397155761719,136.97476196289062,122.51416778564453,121.8231430053711,144.9341583251953,130.95074462890625,429.3945617675781,385.8394470214844,244.92794799804688,311.8315124511719,31.649986267089844,99.1320571899414,176.88999938964844,228.80105590820312,48.961185455322266,96.3290786743164
2023-05-19,172.89749145507812,116.25,65.56275177001953,330.3900146484375,477.7195129394531,138.059814453125,122.2463607788086,121.75371551513672,145.32740783691406,130.65036010742188,433.7974548339844,379.4911193847656,243.72732543945312,311.65533447265625,31.236347198486328,99.61637878417969,180.13999938964844,228.5170135498047,48.45693588256836,96.77537536621094
2023-05-22,171.9499053955078,115.01000213623047,65.18988037109375,329.1300048828125,473.2455749511719,135.5784149169922,124.84503173828125,124.0249252319336,144.54417419433594,129.57083129882812,425.5702209472656,378.4675598144531,246.38648986816406,314.4356994628906,31.148427963256836,98.57991027832031,188.8699951171875,226.52871704101562,48.03025817871094,95.60050964355469
2023-05-23,169.343994140625,114.98999786376953,65.97117614746094,323.1099853515625,466.5106201171875,139.50067138671875,122.28604125976562,121.55534362792969,144.48887634277344,128.2190704345703,414.9993896484375,367.85748291015625,244.81883239746094,308.6399841308594,30.660858154296875,95.451171875,185.77000427246094,219.96633911132812,47.93975067138672,96.90286254882812
2023-05-24,169.62039184570312,116.75,65.3013687133789,320.20001220703125,464.4805603027344,139.87420654296875,120.64947509765625,119.90896606445312,144.3506622314453,127.04571533203125,417.5096435546875,362.69024658203125,247.26956176757812,307.25958251953125,30.5109920501709,95.2380599975586,182.89999389648438,217.68426513671875,47.71994400024414,97.98664093017578
2023-05-25,170.75552368164062,115.0,70.0361099243164,319.0199890136719,468.12701416015625,137.46395874023438,123.33740997314453,122.46781921386719,142.2774658203125,127.35548400878906,419.0198059082031,364.20599365234375,250.7224578857422,319.0761413574219,37.946407318115234,101.02093505859375,184.47000122070312,218.79100036621094,47.244773864746094,96.22891998291016
2023-05-26,173.1640167236328,120.11000061035156,78.10160064697266,320.6000061035156,488.0528869628906,137.0370330810547,124.40859985351562,123.58853912353516,142.22219848632812,128.5476531982422,417.529296875,368.46771240234375,259.9996643066406,325.8998107910156,38.91155242919922,100.81752014160156,193.1699981689453,220.38754272460938,47.328826904296875,95.60050964355469
2023-05-30,175.00985717773438,121.66000366210938,77.19923400878906,322.19000244140625,488.7937316894531,136.18319702148438,123.62504577636719,122.65624237060547,142.2406005859375,129.03578186035156,418.9511413574219,361.70599365234375,260.475830078125,324.25506591796875,40.07551574707031,101.85397338867188,201.16000366210938,217.0867462158203,47.21246337890625,94.7535171508789
2023-05-31,174.96047973632812,120.58000183105469,77.6432113647461,321.0799865722656,492.1900939941406,133.95977783203125,122.36539459228516,121.8628158569336,142.8763885498047,127.39302825927734,421.1280212402344,359.2651062011719,262.65875244140625,321.4942626953125,37.800540924072266,102.61920928955078,203.92999267578125,216.48927307128906,47.47428512573242,93.0595474243164
2023-06-01,177.76380920410156,122.7699966430664,75.9124984741211,323.1199951171875,493.190673828125,135.32943725585938,123.35724639892578,122.70584106445312,142.3972625732422,129.1484375,428.021728515625,365.03271484375,270.4873352050781,325.59625244140625,39.73482131958008,102.66764068603516,207.52000427246094,221.84690856933594,47.648826599121094,94.13421630859375
2023-06-02,178.61273193359375,124.25,78.03143310546875,329.4800109863281,493.1811218261719,138.9759063720703,124.21025085449219,123.64803314208984,144.63633728027344,131.86134338378906,433.7484130859375,367.8377990722656,270.4873352050781,328.3570251464844,39.292213439941406,102.5707778930664,213.97000122070312,224.0898895263672,48.10459899902344,96.31999969482422
2023-06-05,177.26039123535156,125.30000305175781,77.09931182861328,328.5799865722656,498.6268005371094,138.30885314941406,125.59884643554688,124.97705841064453,145.8802947998047,130.56590270996094,435.6409606933594,364.6783142089844,269.2768249511719,328.88568115234375,39.13636016845703,103.57817077636719,217.61000061035156,222.1113739013672,48.4213752746582,95.89193725585938
2023-06-06,176.8951873779297,126.61000061035156,75.91728973388672,333.4100036621094,496.71209716796875,138.55792236328125,126.86842346191406,126.26641082763672,145.75123596191406,130.80056762695312,434.47406005859375,373.96954345703125,269.0090026855469,326.6731872558594,38.619815826416016,103.74285888671875,221.30999755859375,223.53158569335938,48.41490936279297,96.67517852783203
2023-06-07,175.52316284179688,121.2300033569336,76.17002868652344,335.4200134277344,491.87255859375,142.15101623535156,121.93888092041016,121.49584197998047,146.06451416015625,132.06784057617188,427.9040222167969,365.53466796875,261.5475158691406,316.5894470214844,37.44572830200195,101.95083618164062,224.57000732421875,220.64218139648438,48.48602294921875,98.84273529052734
2023-06-08,178.23760986328125,124.25,77.2818832397461,335.95001220703125,500.39715576171875,141.62628173828125,121.67108154296875,121.1387939453125,147.66778564453125,132.10537719726562,437.0137939453125,361.7945251464844,262.5198669433594,318.42999267578125,38.47991943359375,104.11094665527344,234.86000061035156,218.4677734375,49.18745422363281,98.5331039428711
2023-06-09,178.62258911132812,123.43000030517578,77.32223510742188,335.2900085449219,497.6935119628906,141.28831481933594,121.86946105957031,121.22806549072266,147.43743896484375,132.36822509765625,437.3864440917969,363.39886474609375,262.88702392578125,319.9278869628906,38.73971176147461,106.40664672851562,244.39999389648438,218.96731567382812,49.484832763671875,97.80449676513672
2023-06-12,181.41600036621094,126.56999969482422,82.1982421875,333.6000061035156,501.24371337890625,139.92755126953125,123.33740997314453,122.62650299072266,147.3361053466797,132.3588104248047,436.6705627441406,369.3928527832031,268.93951416015625,324.8816223144531,39.4511604309082,112.78038787841797,249.8300018310547,221.523681640625,49.81131362915039,96.92108154296875
2023-06-13,180.94223022460938,126.66000366210938,81.79078674316406,336.3900146484375,502.25396728515625,140.97703552246094,123.41675567626953,122.81493377685547,148.110107421875,133.31629943847656,437.0726013183594,365.52484130859375,269.2074279785156,327.27032470703125,40.989959716796875,113.02255249023438,258.7099914550781,218.81056213378906,50.19920349121094,96.9393081665039
2023-06-14,181.5739288330078,126.41999816894531,85.15996551513672,335.8999938964844,507.2378845214844,139.71408081054688,123.3671646118164,122.65624237060547,148.8656463623047,132.81881713867188,439.0338439941406,368.8515625,271.2215576171875,330.2563171386719,42.963417053222656,118.43733978271484,256.7900085449219,218.8497772216797,50.70668411254883,95.7735595703125
2023-06-15,183.60733032226562,127.11000061035156,84.89572143554688,339.82000732421875,509.1428527832031,140.77247619628906,124.76568603515625,124.06460571289062,150.8651580810547,134.3207550048828,445.12335205078125,373.0641174316406,279.6355895996094,340.7903747558594,42.61968994140625,122.58316040039062,255.89999389648438,221.523681640625,50.98466873168945,96.43838500976562
2023-06-16,182.5314483642578,125.48999786376953,83.4234848022461,338.30999755859375,503.8222961425781,139.8652801513672,123.04975891113281,122.51739501953125,151.3258514404297,134.4803466796875,439.02398681640625,370.5936279296875,278.8120422363281,335.1414794921875,42.658653259277344,121.52732849121094,260.5400085449219,224.20741271972656,50.27354049682617,95.74622344970703
2023-06-20,182.62026977539062,125.77999877929688,83.41580963134766,338.6700134277344,500.02191162109375,136.68128967285156,122.84146881103516,122.0909194946289,151.2337188720703,133.79505920410156,443.18170166015625,368.7137145996094,282.1160583496094,330.95135498046875,43.77378463745117,118.21453094482422,274.45001220703125,221.81753540039062,49.8306999206543,93.55134582519531
2023-06-21,181.58384704589844,124.83000183105469,81.89226531982422,338.6099853515625,499.9448547363281,137.74855041503906,120.27257537841797,119.56182861328125,151.00338745117188,133.59793090820312,444.21136474609375,370.2098083496094,279.4470520019531,326.55572509765625,43.01137924194336,118.27265930175781,259.4599914550781,222.58148193359375,49.927677154541016,94.59870147705078
2023-06-22,184.58456420898438,130.14999389648438,81.3869857788086,336.9599914550781,504.3514709472656,135.75633239746094,122.86131286621094,122.14051055908203,152.60667419433594,131.02586364746094,448.8005676269531,371.8435974121094,282.66180419921875,332.5765075683594,42.99139404296875,116.80030059814453,264.6099853515625,223.69808959960938,50.344661712646484,94.0795669555664
2023-06-23,184.2686767578125,129.3300018310547,79.42774963378906,335.25,504.5824279785156,134.60899353027344,122.01822662353516,121.33714294433594,152.47764587402344,130.34060668945312,449.9380798339844,373.8218994140625,286.4819030761719,327.9849853515625,42.176029205322266,114.92111206054688,256.6000061035156,224.83425903320312,50.25091552734375,93.25991821289062
2023-06-26,182.87692260742188,127.33000183105469,79.37751770019531,334.1199951171875,503.60101318359375,136.97476196289062,118.12024688720703,117.36993408203125,150.7730255126953,130.65975952148438,443.97607421875,371.4696044921875,276.3016662597656,321.6998596191406,40.60026550292969,113.11943054199219,241.0500030517578,221.65101623535156,50.11838912963867,94.98121643066406
2023-06-27,185.630859375,129.17999267578125,81.96376037597656,335.3399963378906,510.2494812011719,136.54786682128906,118.04090118408203,117.36001586914062,150.45974731445312,130.6691436767578,455.48828125,375.7706604003906,284.8149108886719,327.54449462890625,41.84328842163086,114.14618682861328,250.2100067138672,222.669677734375,49.93736267089844,95.21800231933594
2023-06-28,186.80548095703125,129.0399932861328,81.9193115234375,334.1499938964844,512.625732421875,137.78414916992188,120.09403991699219,119.1948471069336,150.15565490722656,130.0965118408203,449.8008117675781,374.2353515625,283.0686340332031,328.7976379394531,41.08488845825195,112.87726593017578,256.239990234375,223.2769317626953,50.20888900756836,95.99213409423828
2023-06-29,187.14109802246094,127.9000015258789,83.33271789550781,336.9100036621094,511.5579528808594,138.9581298828125,119.03275299072266,118.12370300292969,151.20608520507812,134.63990783691406,455.4784851074219,381.5580139160156,279.337890625,328.014404296875,40.79011154174805,114.08806610107422,257.5,229.50628662109375,49.86948776245117,97.17608642578125
2023-06-30,191.46453857421875,130.36000061035156,83.80223846435547,341.0,517.9945068359375,139.9453582763672,119.98493194580078,118.71878051757812,152.5145263671875,136.5267333984375,459.8813781738281,387.09918212890625,284.7454833984375,333.38916015625,42.26895523071289,115.35700225830078,261.7699890136719,232.601318359375,50.806884765625,97.67699432373047
2023-07-03,189.97402954101562,130.22000122070312,84.67268371582031,342.0,520.5538330078125,139.82083129882812,119.5782699584961,118.91715240478516,150.51502990722656,137.62503051757812,452.4680480957031,387.748779296875,283.7928771972656,330.8926696777344,42.37987518310547,113.47781372070312,279.82000732421875,233.08126831054688,51.136600494384766,97.86824798583984
2023-07-05,188.858642578125,130.3800048828125,83.26412963867188,341.55999755859375,520.6404418945312,139.02037048339844,121.63140106201172,120.75199127197266,150.0174560546875,136.70822143554688,456.6650695800781,388.5067138671875,292.07794189453125,331.0493469238281,42.28395462036133,112.32513427734375,282.4800109863281,234.5308837890625,51.107505798339844,97.36734771728516
2023-07-06,189.33245849609375,128.36000061035156,81.92510986328125,341.4599914550781,517.0228271484375,135.9697723388672,119.94526672363281,119.12541961669922,148.9025421142578,135.35662841796875,454.22332763671875,387.5013427734375,289.7164611816406,334.10382080078125,42.07011795043945,111.83110046386719,276.5400085449219,233.97259521484375,50.78425598144531,93.73348236083984
2023-07-07,188.21701049804688,129.77999877929688,81.80436706542969,340.8999938964844,505.1693115234375,137.1615753173828,119.16169738769531,118.50059509277344,146.73719787597656,136.4246826171875,443.3092346191406,383.10528564453125,288.2678527832031,330.13885498046875,42.46979904174805,111.01744842529297,274.42999267578125,231.5924835205078,49.6141357421875,93.95206451416016
2023-07-10,186.1737518310547,127.12999725341797,84.79733276367188,341.1300048828125,507.0550537109375,138.07763671875,115.91831970214844,115.49542999267578,146.97674560546875,137.1902313232422,444.3682861328125,386.5353698730469,291.8100280761719,324.8620300292969,42.14705276489258,110.79463958740234,269.6099853515625,233.2673797607422,50.06343460083008,95.34549713134766
2023-07-11,185.65060424804688,128.77999877929688,85.21466827392578,343.3699951171875,509.58551025390625,140.63018798828125,116.75147247314453,116.17975616455078,146.16590881347656,139.33578491210938,430.8654479980469,392.094482421875,295.9673767089844,325.48858642578125,42.37187576293945,111.66948699951172,269.7900085449219,235.60829162597656,49.98908615112305,96.5112533569336
2023-07-12,187.3188018798828,130.8000030517578,85.97791290283203,345.3500061035156,517.62890625,141.98204040527344,118.64592742919922,117.9551010131836,145.65907287597656,140.0257110595703,432.0519714355469,394.94305419921875,306.9313659667969,330.1192626953125,43.867706298828125,112.77763366699219,271.989990234375,237.2341766357422,50.11515808105469,96.98483276367188
2023-07-13,188.07884216308594,134.3000030517578,86.01750946044922,343.5400085449219,518.0620727539062,140.0876007080078,123.8134994506836,123.51911926269531,146.3317413330078,140.7062530517578,426.26641845703125,394.8149719238281,310.96966552734375,335.46466064453125,45.941097259521484,114.16766357421875,277.8999938964844,238.31158447265625,49.82099914550781,95.20889282226562
2023-07-14,188.22689819335938,134.67999267578125,85.84555053710938,341.0899963378906,525.99951171875,136.59234619140625,124.67640686035156,124.39189910888672,147.30844116210938,141.55690002441406,440.7400817871094,396.7369689941406,306.4650573730469,337.9904479980469,45.43348693847656,115.93681335449219,281.3800048828125,238.16465759277344,49.99232482910156,91.93022155761719
2023-07-17,191.48423767089844,133.55999755859375,87.94873809814453,344.25,532.0225219726562,136.46783447265625,124.04161834716797,123.62821197509766,146.57131958007812,144.96893310546875,438.4650573730469,396.43145751953125,308.20135498046875,338.47015380859375,46.42470932006836,115.56743621826172,290.3800048828125,238.9776153564453,50.053741455078125,92.33094024658203
2023-07-18,191.22760009765625,132.8300018310547,87.28019714355469,345.3399963378906,532.6286010742188,136.74356079101562,123.06961059570312,122.74551391601562,146.56210327148438,145.23361206054688,442.44635009765625,392.4493713378906,309.6202697753906,351.94122314453125,47.456905364990234,117.3948974609375,293.3399963378906,235.82376098632812,49.963226318359375,91.91200256347656
2023-07-19,192.57994079589844,135.36000061035156,87.0811767578125,342.42999267578125,533.1290283203125,137.57957458496094,121.78019714355469,121.0296859741211,146.26722717285156,145.79122924804688,444.76055908203125,392.5577087402344,313.5494079589844,347.623779296875,47.04022216796875,115.37303161621094,291.260009765625,236.4604034423828,49.97938919067383,92.54953002929688
2023-07-20,190.63540649414062,129.9600067138672,85.82234954833984,346.6099853515625,535.8710327148438,139.10040283203125,118.5566635131836,118.22288513183594,155.1497802734375,147.58700561523438,454.8214416503906,392.3507385253906,300.1644592285156,339.5862121582031,45.48444747924805,112.64154815673828,262.8999938964844,234.69737243652344,50.90386199951172,94.17976379394531
2023-07-21,189.4607696533203,130.0,86.63485717773438,345.760009765625,536.7368774414062,141.1371307373047,119.3302993774414,119.03617095947266,156.81759643554688,146.45285034179688,453.0760192871094,391.7889099121094,291.9687805175781,336.5512390136719,44.274391174316406,114.3620834350586,260.0199890136719,234.3349609375,51.19154739379883,94.61691284179688
2023-07-24,190.26026916503906,128.8000030517578,87.1024398803711,349.6300048828125,542.5771484375,143.9209442138672,120.88751983642578,120.5337905883789,157.63763427734375,149.33555603027344,450.4087829589844,398.98431396484375,289.3393859863281,337.8631286621094,44.577152252197266,114.77033996582031,269.05999755859375,235.7943572998047,51.492156982421875,96.10142517089844
2023-07-25,191.11907958984375,129.1300048828125,88.68683624267578,347.5799865722656,543.7894287109375,144.5790252685547,121.79011535644531,121.20821380615234,158.84471130371094,148.2202911376953,448.663330078125,395.5245666503906,292.1771545410156,343.6098937988281,45.64332580566406,114.65370178222656,265.2799987792969,233.7864990234375,51.450138092041016,96.24713897705078
2023-07-26,191.9876708984375,128.14999389648438,86.28125,349.79998779296875,544.7322387695312,143.49398803710938,128.6041717529297,128.21031188964844,159.14877319335938,149.10874938964844,444.78997802734375,396.6383972167969,296.2452087402344,330.67730712890625,45.416500091552734,112.27217864990234,264.3500061035156,232.2291259765625,51.6343879699707,95.70979309082031
2023-07-27,190.72421264648438,128.25,86.32374572753906,349.30999755859375,540.5567016601562,141.9998321533203,128.8124542236328,128.3392791748047,160.0425567626953,147.4641571044922,446.1628112792969,388.8418273925781,309.2828369140625,323.7752990722656,45.86415100097656,113.14701843261719,255.7100067138672,229.62379455566406,51.4469108581543,96.01032257080078
2023-07-28,193.30052185058594,132.2100067138672,86.92853546142578,349.80999755859375,541.9901733398438,141.29722595214844,131.92689514160156,131.49322509765625,160.77049255371094,148.3053741455078,449.5850830078125,387.3239440917969,322.9457092285156,331.2646789550781,46.71348571777344,112.74848175048828,266.44000244140625,230.9068603515625,51.6893310546875,94.86279296875
2023-07-31,193.91249084472656,133.67999267578125,86.81839752197266,351.9599914550781,539.4405517578125,145.55738830566406,132.0260772705078,131.63204956054688,154.36656188964844,149.29779052734375,445.7313232421875,388.6250305175781,316.1192932128906,328.8662109375,46.69249725341797,113.95382690429688,267.42999267578125,232.84620666503906,51.67317581176758,97.66790008544922
2023-08-01,193.08335876464844,131.69000244140625,88.88103485107422,352.260009765625,534.4374389648438,144.3478240966797,130.81600952148438,130.47164916992188,155.6197052001953,148.560546875,444.29962158203125,391.37493896484375,320.1972351074219,329.2773742675781,46.47067642211914,114.61482238769531,261.07000732421875,234.85411071777344,51.43074417114258,97.10323333740234
2023-08-02,190.09246826171875,128.2100067138672,86.20491790771484,351.19000244140625,531.435546875,142.06207275390625,127.59249114990234,127.32763671875,156.55955505371094,146.87814331054688,445.6626892089844,384.4260559082031,311.8626708984375,320.6229248046875,44.23442077636719,112.47630310058594,254.11000061035156,232.67970275878906,51.46630096435547,95.89193725585938
2023-08-03,188.70069885253906,128.91000366210938,85.49774169921875,353.80999755859375,536.5733032226562,142.0087127685547,127.72142028808594,127.39704895019531,157.2322235107422,147.77606201171875,440.44586181640625,387.3731994628906,310.75140380859375,319.8005676269531,44.48023223876953,111.34871673583984,259.32000732421875,233.85504150390625,51.47923278808594,97.55860137939453
2023-08-04,179.6392822265625,139.57000732421875,85.1760482788086,349.989990234375,531.1373291015625,141.68853759765625,127.4932861328125,127.05984497070312,155.75790405273438,147.4641571044922,440.76947021484375,385.7369689941406,308.3105773925781,320.8970947265625,44.645103454589844,111.24181365966797,253.86000061035156,234.08033752441406,51.181846618652344,97.83182525634766
2023-08-07,176.5398406982422,142.22000122070312,86.66477966308594,362.5799865722656,537.2660522460938,142.2043914794922,130.86558532714844,130.45181274414062,159.49893188476562,148.16355895996094,445.2703857421875,391.1778259277344,314.09515380859375,323.1781311035156,45.38153076171875,112.85539245605469,251.4499969482422,236.5485382080078,51.87681198120117,97.63145446777344
2023-08-08,177.4775848388672,139.94000244140625,85.32190704345703,363.7300109863281,535.0628051757812,141.99090576171875,130.76644897460938,130.32290649414062,159.57264709472656,147.3318634033203,511.48052978515625,387.5506591796875,310.2056884765625,319.2033996582031,44.629112243652344,112.00972747802734,249.6999969482422,234.37416076660156,51.92853546142578,98.11416625976562
2023-08-09,175.8883514404297,137.85000610351562,82.18885803222656,358.0199890136719,538.50732421875,142.17770385742188,129.09014892578125,128.59715270996094,159.4713134765625,145.35646057128906,516.0206298828125,388.023681640625,302.83355712890625,315.4636535644531,42.52076721191406,109.93924713134766,242.19000244140625,234.83450317382812,52.012577056884766,99.78081512451172
2023-08-10,175.6711883544922,138.55999755859375,81.43240356445312,356.9800109863281,540.2294921875,143.04042053222656,129.14968872070312,128.6269073486328,158.6419677734375,145.13906860351562,511.2255554199219,391.4439697265625,303.3594055175781,316.1489562988281,42.35489273071289,109.83231353759766,245.33999633789062,235.6686248779297,51.98661804199219,100.29083251953125
2023-08-11,175.73049926757812,138.41000366210938,80.16294860839844,358.3500061035156,541.6438598632812,145.9931640625,129.11000061035156,128.49795532226562,160.19004821777344,145.98025512695312,518.0309448242188,389.31494140625,299.29132080078125,314.2692565917969,40.82309341430664,109.90036010742188,242.64999389648438,235.5508575439453,52.29154968261719,101.84819030761719
2023-08-14,177.3811492919922,140.57000732421875,82.51441955566406,358.4800109863281,540.2102661132812,145.88645935058594,130.7564697265625,130.25344848632812,159.81224060058594,146.28271484375,528.6931762695312,392.8632507324219,303.805908203125,317.235595703125,43.71882629394531,112.34021759033203,239.75999450683594,238.3573455810547,51.90228271484375,101.93016815185547
2023-08-15,175.3944549560547,137.6699981689453,81.39569091796875,354.5,537.3622436523438,141.62628173828125,129.20919799804688,128.71615600585938,159.35150146484375,142.5587615966797,537.1640625,388.7926025390625,299.5989074707031,315.1013488769531,43.905677795410156,114.01215362548828,232.9600067138672,235.34475708007812,51.636287689208984,99.31327056884766
2023-08-16,174.52462768554688,135.07000732421875,80.4749984741211,354.1099853515625,537.8819580078125,141.08375549316406,128.05865478515625,127.64500427246094,158.84471130371094,141.95387268066406,536.79052734375,388.71368408203125,291.9985656738281,314.3361511230469,43.4520378112793,112.11664581298828,225.60000610351562,234.81488037109375,51.662235260009766,97.64212799072266
2023-08-17,171.98440551757812,133.97999572753906,79.90597534179688,353.19000244140625,526.3939819335938,143.44532775878906,129.39764404296875,128.8550262451172,160.33741760253906,140.47943115234375,528.3590087890625,386.98883056640625,282.87017822265625,310.8827819824219,43.310142517089844,111.66948699951172,219.22000122070312,232.9307861328125,50.50416564941406,99.53363800048828
2023-08-18,172.46873474121094,133.22000122070312,79.78424072265625,352.55999755859375,524.30615234375,144.47796630859375,127.0667953491211,126.41517639160156,158.93685913085938,140.80076599121094,536.9774169921875,386.5452880859375,281.0445251464844,310.4903869628906,43.26517868041992,113.20535278320312,215.49000549316406,233.71583557128906,51.230796813964844,101.03949737548828
2023-08-21,173.8031005859375,134.67999267578125,83.58099365234375,352.0899963378906,522.6417846679688,143.99307250976562,127.88009643554688,127.31770324707031,154.2007293701172,141.2827911376953,540.5347900390625,387.56048583984375,287.6427307128906,315.7882080078125,46.93031692504883,113.33171081542969,231.27999877929688,234.98171997070312,51.09455490112305,99.81828308105469
2023-08-22,175.17697143554688,134.25,82.6777114868164,350.57000732421875,517.9849243164062,142.80780029296875,128.63392639160156,128.0219268798828,152.97523498535156,138.352783203125,544.0822143554688,392.1339416503906,285.3606262207031,316.357177734375,45.632328033447266,113.28311157226562,233.19000244140625,236.07093811035156,50.93235397338867,99.2581787109375
2023-08-23,179.0218963623047,135.52000427246094,84.68621826171875,354.260009765625,520.3807373046875,142.99635314941406,132.12527465820312,131.284912109375,151.60231018066406,139.28851318359375,543.7874145507812,395.3077697753906,291.94891357421875,320.81121826171875,47.07920455932617,114.5467758178711,236.86000061035156,237.7686004638672,51.28594207763672,98.38587951660156
2023-08-24,174.33685302734375,131.83999633789062,82.54922485351562,354.29998779296875,512.5437622070312,141.82008361816406,129.35797119140625,128.71615600585938,152.11827087402344,139.15621948242188,538.5202026367188,391.9663391113281,284.51727294921875,313.9142761230469,47.126155853271484,109.75457000732422,230.0399932861328,234.99154663085938,50.893428802490234,97.65132141113281
2023-08-25,176.541015625,133.25999450683594,82.29417419433594,355.92999267578125,514.7608642578125,142.87962341308594,129.62576293945312,128.8153533935547,154.2993927001953,138.98605346679688,544.0723876953125,397.11151123046875,283.2769775390625,316.8673400878906,45.98206329345703,112.81652069091797,238.58999633789062,238.03355407714844,51.19511413574219,99.39591217041016
2023-08-28,178.1027069091797,133.13999938964844,83.18878173828125,355.54998779296875,516.8622436523438,143.85836791992188,130.71681213378906,129.93606567382812,152.4802703857422,139.46810913085938,544.3378295898438,401.5962219238281,287.9998779296875,317.57373046875,46.79841995239258,113.57471466064453,238.82000732421875,239.26998901367188,51.4870719909668,100.23148345947266
2023-08-29,181.98715209960938,134.91000366210938,85.97595977783203,358.2900085449219,523.2050170898438,143.63388061523438,134.38668823242188,133.46690368652344,152.49880981445312,140.60227966308594,544.318115234375,405.745849609375,295.6697082519531,322.194580078125,48.74589157104492,117.27825164794922,257.17999267578125,240.7517547607422,51.91850662231445,100.82830810546875
2023-08-30,185.47628784179688,135.07000732421875,86.20299530029297,361.05999755859375,522.7134399414062,143.83143615722656,135.81494140625,134.7661590576172,151.96051025390625,140.03517150878906,538.5103149414062,407.9734802246094,292.8022155761719,322.5673522949219,49.22551727294922,117.73511505126953,256.8999938964844,241.62509155273438,52.29154968261719,101.81078338623047
2023-08-31,185.69374084472656,138.00999450683594,89.16021728515625,360.20001220703125,529.4804077148438,144.65753173828125,136.23153686523438,135.05377197265625,150.05789184570312,138.30551147460938,544.6129760742188,406.7217102050781,293.5860900878906,321.556884765625,49.31645202636719,117.0255126953125,258.0799865722656,241.0853729248047,52.748939514160156,102.09544372558594
2023-09-01,187.2653350830078,138.1199951171875,84.29398345947266,362.4599914550781,524.6317138671875,147.53094482421875,135.68603515625,134.54795837402344,148.94410705566406,138.76864624023438,547.4727172851562,409.6096496582031,294.072265625,322.4398498535156,48.471107482910156,117.55042266845703,245.00999450683594,243.4699249267578,52.41156768798828,104.23484802246094
2023-09-05,187.50254821777344,137.27000427246094,84.26017761230469,360.4700012207031,525.0942993164062,149.47048950195312,135.59677124023438,134.65707397460938,149.1297607421875,137.23748779296875,548.5338745117188,405.5980529785156,297.81292724609375,327.23724365234375,48.51008605957031,120.51519012451172,256.489990234375,240.7517547607422,51.989864349365234,104.24403381347656
2023-09-06,180.7912139892578,135.36000061035156,84.26983642578125,361.6700134277344,526.9837036132812,149.62313842773438,134.2676544189453,133.3577880859375,146.65170288085938,137.0106658935547,550.2634887695312,407.2539367675781,296.840576171875,326.5799255371094,47.02811050415039,120.85540771484375,251.9199981689453,241.55641174316406,52.379127502441406,105.1438980102539
2023-09-07,175.50315856933594,137.85000610351562,82.7975082397461,361.79998779296875,528.8441162109375,149.63211059570312,135.09092712402344,134.15126037597656,148.5264892578125,135.83868408203125,563.3137817382812,408.6732177734375,296.34442138671875,323.6661682128906,46.20869445800781,121.59416961669922,251.49000549316406,242.51806640625,53.02790832519531,104.62967681884766
2023-09-08,176.11598205566406,138.22999572753906,82.84773254394531,363.1499938964844,531.3214721679688,150.14395141601562,136.082763671875,135.2620391845703,149.01837158203125,135.94264221191406,576.31494140625,408.89013671875,295.57049560546875,327.9436340332031,45.54015350341797,122.789794921875,248.5,242.66525268554688,53.12522506713867,106.1539077758789
2023-09-11,177.28231811523438,143.10000610351562,83.00135803222656,365.5199890136719,538.6378784179688,147.0460662841797,136.61837768554688,135.7976531982422,150.96746826171875,136.53810119628906,585.2575073242188,410.7135925292969,305.165283203125,331.5442199707031,45.14643478393555,123.16889190673828,273.5799865722656,242.59657287597656,53.31013488769531,104.82251739501953
2023-09-12,174.2577667236328,141.22999572753906,81.58890533447266,367.7799987792969,538.6474609375,149.78477478027344,134.9619598388672,134.23060607910156,151.82130432128906,138.3149871826172,588.9327392578125,410.29962158203125,299.3111572265625,325.4909362792969,44.83864212036133,106.54676055908203,267.4800109863281,242.6750946044922,53.36851501464844,107.88013458251953
2023-09-13,172.1919708251953,144.85000610351562,82.40140533447266,367.82000732421875,539.5827026367188,149.23703002929688,136.38034057617188,135.58935546875,152.20184326171875,138.38116455078125,588.5200805664062,410.32916259765625,302.6847229003906,329.6997375488281,45.45321273803711,108.71446228027344,271.29998779296875,243.1951904296875,53.381492614746094,106.916015625
2023-09-14,173.70423889160156,144.72000122070312,84.2089614868164,369.5,544.412109375,150.16188049316406,137.85818481445312,136.96798706054688,151.9698028564453,141.06539916992188,581.375732421875,407.41156005859375,309.2928466796875,332.2898254394531,45.549156188964844,110.48360443115234,276.0400085449219,236.98355102539062,53.60531997680664,108.82588195800781
2023-09-15,172.98272705078125,140.38999938964844,82.2806396484375,367.8599853515625,536.3052368164062,149.5063934326172,137.173828125,136.273681640625,149.84439086914062,140.6495361328125,565.7017211914062,408.3677062988281,297.9716491699219,323.9703369140625,43.86932373046875,110.72662353515625,274.3900146484375,236.56161499023438,53.407440185546875,107.15475463867188
2023-09-18,175.90841674804688,139.97999572753906,82.11833953857422,370.42999267578125,542.4359741210938,150.15292358398438,137.8284454345703,137.07705688476562,150.7910919189453,140.9425506591797,561.3975830078125,411.14727783203125,300.1942443847656,322.8322448730469,43.93528366088867,109.0741195678711,265.2799987792969,240.0844268798828,53.01169204711914,108.01786804199219
2023-09-19,176.99566650390625,137.6300048828125,82.0410385131836,370.4800109863281,544.007080078125,150.1349334716797,137.6995086669922,136.908447265625,150.54049682617188,140.76295471191406,565.013916015625,407.5989074707031,302.6946105957031,322.4300231933594,43.48958969116211,109.61845397949219,266.5,239.0050506591797,52.998714447021484,107.73322296142578
2023-09-20,173.45713806152344,135.2899932861328,80.67823028564453,366.82000732421875,543.5057983398438,149.677001953125,133.49403381347656,132.64369201660156,151.19947814941406,140.16751098632812,559.785888671875,404.6320495605469,297.3366394042969,314.69915771484375,42.20948791503906,109.71566009521484,262.5899963378906,237.33682250976562,53.17064666748047,106.8792953491211
2023-09-21,171.9152069091797,129.3300018310547,78.52084350585938,363.2799987792969,535.0713500976562,148.33010864257812,130.2903289794922,129.37075805664062,150.03933715820312,139.07110595703125,540.6134033203125,397.57476806640625,293.4273681640625,313.4826965332031,40.988338470458984,106.37181091308594,255.6999969482422,232.1850128173828,52.52510452270508,105.3734359741211
2023-09-22,172.76524353027344,129.1199951171875,80.53348541259766,360.1600036621094,538.4547729492188,149.308837890625,130.1812286376953,129.18231201171875,148.96270751953125,137.73841857910156,541.0161743164062,396.451171875,296.75128173828125,311.01031494140625,41.58092498779297,105.98298645019531,244.8800048828125,230.68360900878906,52.66459655761719,105.5387191772461
2023-09-25,174.04031372070312,131.27000427246094,81.00072479248047,361.7099914550781,538.4837646484375,151.49082946777344,131.09373474121094,130.0352783203125,148.73992919921875,138.41896057128906,542.7360229492188,396.7172546386719,298.4875793457031,311.5303039550781,42.1924934387207,105.27339172363281,246.99000549316406,228.99578857421875,52.89815902709961,106.72319030761719
2023-09-26,169.96807861328125,125.9800033569336,79.28141784667969,359.4200134277344,533.0277709960938,150.6737060546875,128.3958740234375,127.5160903930664,147.58909606933594,136.9822998046875,540.4954223632812,389.709228515625,296.6321716308594,306.2325134277344,41.8817138671875,101.9489517211914,244.1199951171875,225.3551483154297,52.713253021240234,106.88848114013672
2023-09-27,168.45578002929688,125.9800033569336,79.3416519165039,357.7799987792969,543.2166137695312,153.58302307128906,130.3895263671875,129.4699249267578,145.81637573242188,137.78570556640625,540.249755859375,389.80780029296875,295.4216613769531,306.8702087402344,42.43832015991211,101.69622039794922,240.5,225.2079620361328,52.460227966308594,110.36847686767578
2023-09-28,168.7127685546875,125.9800033569336,80.81713104248047,357.05999755859375,548.1328735351562,153.17897033691406,132.04592895507812,131.22543334960938,145.6029052734375,139.4964599609375,535.0316772460938,393.71099853515625,301.5932312011719,307.70404052734375,43.05888748168945,103.1834716796875,246.3800048828125,227.32762145996094,52.72622299194336,109.69819641113281
2023-09-29,169.22671508789062,127.12000274658203,80.67920684814453,350.29998779296875,544.59521484375,151.41001892089844,130.77633666992188,129.7873077392578,144.55413818359375,137.0673828125,527.8382568359375,390.2315979003906,297.8724060058594,309.774169921875,43.468597412109375,102.95989227294922,250.22000122070312,225.70838928222656,51.87957763671875,107.96278381347656
2023-10-02,171.7373046875,129.4600067138672,81.10367584228516,348.0799865722656,550.7163696289062,149.5423126220703,134.0692901611328,133.07017517089844,143.99725341796875,135.88592529296875,528.9780883789062,390.1724548339844,304.4309997558594,315.70965576171875,44.75070571899414,103.72781372070312,251.60000610351562,226.94488525390625,51.934722900390625,106.17227172851562
2023-10-03,170.40292358398438,124.72000122070312,79.14933013916016,343.0400085449219,544.6722412109375,149.8925018310547,132.21453857421875,131.34445190429688,144.17361450195312,134.88406372070312,516.1048583984375,385.4511413574219,298.5968017578125,307.4588623046875,43.48658752441406,101.5990219116211,246.52999877929688,224.53085327148438,51.60708999633789,106.35591125488281
2023-10-04,171.64834594726562,127.0,80.02159118652344,343.69000244140625,551.1885986328125,146.39955139160156,135.16033935546875,134.1314239501953,144.34068298339844,135.48895263671875,522.266357421875,388.11248779296875,303.2006530761719,312.92340087890625,44.01022720336914,104.08748626708984,261.1600036621094,226.89581298828125,52.2266731262207,102.38008117675781
2023-10-05,172.88385009765625,125.95999908447266,80.02645111083984,345.05999755859375,548.99072265625,147.1717529296875,134.88262939453125,133.96279907226562,145.84422302246094,136.06024169921875,532.1129150390625,389.1094055175781,302.41680908203125,313.31585693359375,44.656776428222656,105.32198333740234,260.04998779296875,229.11354064941406,51.603843688964844,100.07537841796875
2023-10-06,175.43399047851562,127.95999908447266,82.10515594482422,346.3399963378906,537.4329833984375,145.67221069335938,137.6002960205078,136.45223999023438,146.30828857421875,138.1549530029297,555.4423217773438,392.8307189941406,312.973876953125,321.06634521484375,45.73002243041992,106.88700103759766,260.5299987792969,230.6443634033203,50.737728118896484,98.40424346923828
2023-10-09,176.91661071777344,128.25999450683594,83.13673400878906,345.45001220703125,538.821044921875,149.7039337158203,138.36404418945312,137.2853240966797,147.14356994628906,137.8407440185547,561.8692016601562,389.6424255371094,315.8810729980469,323.5779113769531,45.241363525390625,107.23693084716797,259.6700134277344,230.0555877685547,50.552818298339844,101.84751892089844
2023-10-10,176.32354736328125,129.47999572753906,83.38249969482422,348.55999755859375,541.8287353515625,149.5423126220703,138.0664825439453,136.9282989501953,146.97653198242188,138.67861938476562,569.28857421875,395.1997375488281,319.3340148925781,322.1749572753906,45.7660026550293,106.64399719238281,263.6199951171875,232.17518615722656,51.12374496459961,101.41596984863281
2023-10-11,177.7172393798828,131.8300018310547,84.95124053955078,348.42999267578125,545.1349487304688,144.65753173828125,140.54611206054688,139.3978729248047,144.9532470703125,139.1546630859375,594.809326171875,394.64691162109375,325.26751708984375,326.128662109375,46.77329635620117,106.96593475341797,262.989990234375,231.27239990234375,51.3281135559082,97.77986145019531
2023-10-12,178.61669921875,132.3300018310547,87.96635437011719,345.6600036621094,543.4577026367188,144.77427673339844,139.14759826660156,137.83084106445312,145.0924530029297,138.8309783935547,599.9390258789062,394.73577880859375,321.63592529296875,324.8925476074219,46.912193298339844,106.44886016845703,258.8699951171875,232.35182189941406,51.56167221069336,97.7614974975586
2023-10-13,176.7782440185547,129.7899932861328,85.78855895996094,345.0899963378906,546.407470703125,147.3154296875,137.4515380859375,136.23402404785156,145.57508850097656,140.9161376953125,598.6615600585938,392.88995361328125,312.2397155761719,321.5274353027344,45.42923355102539,105.6098403930664,251.1199951171875,233.22515869140625,51.84713363647461,100.88340759277344
2023-10-16,176.6497039794922,132.5500030517578,87.67202758789062,346.2300109863281,551.6128540039062,148.51866149902344,139.34597778320312,137.9597625732422,146.20620727539062,140.77330017089844,605.9727783203125,395.97955322265625,318.6493835449219,326.3445129394531,46.06278610229492,106.05862426757812,253.9199981689453,235.58029174804688,52.29479217529297,100.95685577392578
2023-10-17,175.097900390625,131.47000122070312,85.90705108642578,345.3900146484375,553.6370849609375,150.4851531982422,139.84193420410156,138.57467651367188,144.86973571777344,140.46864318847656,597.7870483398438,396.58160400390625,321.47723388671875,325.77545166015625,43.90729522705078,106.38056182861328,254.85000610351562,236.6891632080078,52.362918853759766,102.2790756225586
2023-10-18,173.8031005859375,128.1300048828125,86.16252136230469,340.8900146484375,553.92626953125,151.6793975830078,138.14581298828125,136.8291015625,141.75119018554688,138.92616271972656,596.7354125976562,388.1321716308594,314.501953125,323.86236572265625,42.16651153564453,105.6098403930664,242.67999267578125,233.02891540527344,52.4018440246582,103.71147918701172
2023-10-19,173.42750549316406,128.39999389648438,84.2975082397461,338.6600036621094,545.2410888671875,151.8410186767578,137.84828186035156,136.62083435058594,141.37069702148438,138.33584594726562,580.579833984375,382.861083984375,310.3742980957031,325.04949951171875,42.07158660888672,105.6976318359375,220.11000061035156,229.4373779296875,52.15205764770508,103.77574920654297
2023-10-20,170.8773956298828,125.16999816894531,82.91818237304688,335.8599853515625,532.9988403320312,149.80271911621094,135.62652587890625,134.48846435546875,142.0018310546875,136.10784912109375,574.5264282226562,379.44580078125,306.2467041015625,320.487548828125,41.35807800292969,99.36592102050781,211.99000549316406,229.01539611816406,51.500038146972656,101.99443817138672
2023-10-23,170.99598693847656,126.55999755859375,83.75257873535156,336.8399963378906,532.3818359375,144.28041076660156,136.77706909179688,135.38107299804688,140.50758361816406,134.2511749267578,566.674560546875,378.7154235839844,311.5650329589844,323.0873107910156,42.94497299194336,101.13179016113281,212.0800018310547,227.1999969482422,52.229915618896484,100.49774932861328
2023-10-24,171.430908203125,128.55999755859375,85.58747863769531,338.6300048828125,531.9480590820312,140.66172790527344,138.9789581298828,137.67214965820312,140.35906982421875,134.4130401611328,582.1815795898438,381.91351318359375,310.1163330078125,324.2744140625,43.632484436035156,100.68299865722656,216.52000427246094,230.2616424560547,52.95655059814453,99.52445220947266
2023-10-25,169.1179962158203,121.38999938964844,82.5296401977539,336.8999938964844,530.1647338867188,139.96133422851562,125.63851165771484,124.58035278320312,140.67462158203125,133.67990112304688,576.31494140625,381.32122802734375,297.19775390625,334.2225341796875,41.74980545043945,98.95616912841797,212.4199981689453,232.4205322265625,52.797603607177734,99.70809936523438
2023-10-26,164.95677185058594,119.56999969482422,80.30718994140625,336.1600036621094,527.8609008789062,138.95565795898438,122.43482208251953,121.27764129638672,138.28936767578125,134.02267456054688,558.2725219726562,359.8818054199219,286.10479736328125,321.6844177246094,40.297821044921875,97.9512939453125,205.75999450683594,226.95469665527344,52.4764518737793,98.799072265625
2023-10-27,166.2713623046875,127.73999786376953,81.4349136352539,331.7099914550781,523.455810546875,129.6171112060547,122.3951416015625,121.16854858398438,135.1337432861328,129.19532775878906,550.5387573242188,359.37835693359375,294.4195556640625,323.5680847167969,40.47169494628906,98.52690887451172,207.3000030517578,224.98226928710938,52.28181457519531,96.916748046875
2023-10-30,168.31736755371094,132.7100067138672,81.71565246582031,337.4100036621094,534.8784790039062,131.17953491210938,124.72601318359375,123.43978118896484,136.46096801757812,130.84255981445312,555.923828125,367.6106872558594,300.30340576171875,330.9261169433594,41.132240295410156,99.17082214355469,197.36000061035156,228.72100830078125,52.88193893432617,97.21975708007812
2023-10-31,168.79183959960938,133.08999633789062,81.727294921875,341.3299865722656,532.5264892578125,130.8562469482422,124.2796859741211,123.0628890991211,137.67681884765625,132.404052734375,544.3475952148438,371.48992919921875,298.9242248535156,331.7109680175781,40.751502990722656,100.87812042236328,200.83999633789062,230.7032470703125,53.00844955444336,97.19219970703125
2023-11-01,171.9547576904297,137.0,82.8511734008789,343.75,536.729248046875,129.2848663330078,126.53118896484375,125.41345977783203,138.00164794921875,132.289794921875,544.868408203125,372.94091796875,309.42181396484375,339.5202941894531,42.29542922973633,103.17080688476562,205.66000366210938,234.1181640625,53.48206329345703,96.99939727783203
2023-11-02,175.5130615234375,138.07000732421875,84.63457489013672,349.0199890136719,536.9127197265625,133.5770263671875,127.53295135498047,126.4449234008789,139.4402313232422,134.65109252929688,570.2516479492188,377.7480163574219,308.449462890625,341.727783203125,43.4755973815918,104.26349639892578,218.50999450683594,238.70083618164062,53.69291305541992,100.18556213378906
2023-11-03,174.6036834716797,138.60000610351562,85.739990234375,351.80999755859375,541.6737670898438,132.5443878173828,129.30838012695312,128.041748046875,140.46116638183594,136.15545654296875,557.9874877929688,381.0645751953125,312.150390625,346.1229553222656,44.97355270385742,105.41471099853516,219.9600067138672,239.04428100585938,53.41393280029297,98.96435546875
2023-11-06,177.15382385253906,139.74000549316406,85.56027221679688,346.6300048828125,550.2881469726562,131.9966583251953,130.37960815429688,129.18231201171875,140.7952880859375,137.18377685546875,584.8939208984375,381.1732482910156,313.3410339355469,349.7823791503906,45.71902847290039,106.44886016845703,219.27000427246094,238.9363555908203,53.48530578613281,97.21057891845703
2023-11-07,179.71383666992188,142.7100067138672,87.21062469482422,346.1700134277344,551.6882934570312,129.67098999023438,131.3218536376953,129.89642333984375,140.0527801513672,137.1171112060547,589.5518798828125,383.8482666015625,316.33758544921875,353.70660400390625,45.92288589477539,106.331787109375,222.17999267578125,240.19239807128906,53.73508071899414,95.68634796142578
2023-11-08,180.7714385986328,142.0800018310547,88.50350189208984,346.29998779296875,547.9317626953125,127.86612701416016,132.17483520507812,130.75929260253906,139.5423126220703,137.79312133789062,608.4197998046875,384.6675720214844,317.29010009765625,356.3261413574219,46.54145431518555,109.59033203125,222.11000061035156,239.85804748535156,53.297157287597656,94.51105499267578
2023-11-09,180.29701232910156,140.60000610351562,88.52778625488281,348.17999267578125,543.9625244140625,127.45307159423828,130.61766052246094,129.17239379882812,136.82293701171875,137.38369750976562,581.0908813476562,382.9499816894531,318.0540771484375,353.8636474609375,46.91719436645508,109.44397735595703,209.97999572753906,237.62576293945312,53.173892974853516,94.53858947753906
2023-11-10,184.48348999023438,143.55999755859375,93.0096435546875,350.55999755859375,557.3378295898438,128.36000061035156,132.96832275390625,131.5031280517578,136.6651611328125,139.42127990722656,587.3704223632812,389.28704833984375,326.2100524902344,362.6737060546875,48.30122756958008,110.31228637695312,214.64999389648438,241.17579650878906,53.910255432128906,95.26396942138672
2023-11-13,182.8999481201172,142.58999633789062,91.98098754882812,350.010009765625,558.4097290039062,129.30282592773438,132.55174255371094,131.00721740722656,137.01785278320312,138.80238342285156,602.1109008789062,389.2574768066406,326.6268005371094,359.74029541015625,48.586029052734375,111.3659439086914,223.7100067138672,240.6053924560547,54.393592834472656,96.26481628417969
2023-11-14,185.5128173828125,145.8000030517578,94.50941467285156,354.25,570.548828125,130.24566650390625,134.32717895507812,132.52467346191406,137.04568481445312,141.3350830078125,601.3626708984375,392.5148010253906,333.6913757324219,363.2622985839844,49.62129592895508,113.26836395263672,237.41000366210938,242.8377227783203,54.38385772705078,96.63546752929688
2023-11-15,186.07693481445312,143.1999969482422,94.7464370727539,356.7900085449219,576.3238525390625,130.70362854003906,135.2694549560547,133.5164794921875,138.10374450683594,142.57284545898438,579.4275512695312,391.7054443359375,330.1193542480469,363.4098205566406,48.85383987426758,111.27812957763672,242.83999633789062,243.98826599121094,55.07481384277344,96.05171203613281
2023-11-16,187.7594757080078,142.8300018310547,93.20683288574219,359.8599853515625,558.7478637695312,128.63485717773438,137.57054138183594,135.80755615234375,139.31028747558594,144.2010040283203,579.6343383789062,391.9719543457031,331.5879211425781,369.79974365234375,49.4454231262207,111.87324523925781,233.58999633789062,244.44064331054688,50.617698669433594,94.93976593017578
2023-11-17,187.73965454101562,145.17999267578125,94.9727554321289,358.92999267578125,557.3666381835938,131.07562255859375,135.8249053955078,134.20083618164062,139.02256774902344,145.5054473876953,582.5484619140625,395.130615234375,332.4312744140625,363.58673095703125,49.263553619384766,112.54643249511719,234.3000030517578,245.4141845703125,50.39387130737305,97.25628662109375
2023-11-20,189.48158264160156,146.1300048828125,96.7192611694336,361.3299865722656,560.8916625976562,131.00303649902344,136.79690551757812,135.1331329345703,140.24813842773438,145.9529266357422,588.3472900390625,399.17767333984375,337.3228759765625,371.0482177734375,50.373775482177734,114.0683822631836,235.60000610351562,245.81736755371094,50.377647399902344,96.83004760742188
2023-11-21,188.67990112304688,143.89999389648438,95.309814453125,361.0,564.2716674804688,130.6945343017578,137.49119567871094,135.84722900390625,141.38015747070312,145.64825439453125,583.4246215820312,403.6689453125,334.35614013671875,366.752197265625,49.90909957885742,113.24887084960938,241.1999969482422,248.03981018066406,50.55931091308594,96.79298400878906
2023-11-22,189.34303283691406,146.7100067138672,94.4161605834961,361.79998779296875,568.8878784179688,130.95767211914062,138.87982177734375,137.35476684570312,141.0994873046875,145.9910430908203,585.8760986328125,405.0310363769531,338.83099365234375,371.4512634277344,48.68196105957031,113.40495300292969,234.2100067138672,249.50506591796875,50.17329025268555,96.37602233886719
2023-11-24,188.0167999267578,146.74000549316406,95.08349609375,362.67999267578125,571.0896606445312,131.47483825683594,137.09446716308594,135.56951904296875,142.6712188720703,146.19097900390625,591.7930908203125,407.1731262207031,335.5964050292969,371.038330078125,47.742618560791016,113.41471862792969,235.4499969482422,250.075439453125,50.62418746948242,96.89491271972656
2023-11-27,187.83863830566406,147.72999572753906,92.30248260498047,361.3399963378906,574.50830078125,130.98487854003906,136.92584228515625,135.2918243408203,141.5298309326172,145.85772705078125,582.3712768554688,403.68865966796875,332.0938720703125,372.1983642578125,48.20829391479492,113.62935638427734,236.0800018310547,249.9180908203125,50.85451126098633,96.32968139648438
2023-11-28,188.44236755371094,147.02999877929688,91.92463684082031,360.04998779296875,573.63916015625,132.0283203125,137.49119567871094,136.07530212402344,141.85728454589844,146.19097900390625,582.440185546875,403.7281188964844,336.35052490234375,376.2191162109375,47.78757858276367,113.40495300292969,246.72000122070312,248.738037109375,51.46111297607422,96.27409362792969
2023-11-29,187.42295837402344,146.32000732421875,91.3884506225586,358.69000244140625,567.7096557617188,130.57659912109375,135.28927612304688,133.88345336914062,142.3063507080078,146.93365478515625,582.6961669921875,404.52764892578125,329.6134033203125,372.4343566894531,48.10635757446289,113.37568664550781,244.13999938964844,250.006591796875,50.630680084228516,94.82858276367188
2023-11-30,187.99700927734375,146.08999633789062,89.92168426513672,360.0,572.42236328125,130.2952880859375,132.8294677734375,131.443603515625,144.69198608398438,148.6094207763672,581.8887329101562,408.4858703613281,324.6026611328125,372.4933166503906,46.73731994628906,113.37568664550781,240.0800018310547,252.4158935546875,50.50416564941406,95.19922637939453
2023-12-01,189.27374267578125,147.02999877929688,90.33646392822266,357.07000732421875,575.8121948242188,131.39317321777344,132.23439025878906,130.77911376953125,148.17227172851562,149.33299255371094,574.9971923828125,409.0090637207031,322.29083251953125,368.1678466796875,46.73232650756836,114.30252838134766,238.8300018310547,252.1897735595703,50.06624221801758,95.4308853149414
2023-12-04,187.48233032226562,144.83999633789062,89.750732421875,356.6600036621094,578.545166015625,131.44764709472656,129.56626892089844,128.21031188964844,148.64002990722656,150.42796325683594,576.6119384765625,402.9582214355469,317.5281982421875,362.8887939453125,45.47820281982422,112.95618438720703,235.5800018310547,250.21311950683594,50.05326843261719,94.91199493408203
2023-12-05,191.4313201904297,146.8800048828125,88.69678497314453,355.0299987792969,584.6001586914062,129.6238555908203,131.3119354248047,129.916259765625,148.331298828125,150.408935546875,579.0435791015625,403.4122619628906,315.8116760253906,366.2115173339844,46.537559509277344,111.73666381835938,238.72000122070312,250.3802947998047,50.51713943481445,93.06805419921875
2023-12-06,190.3426513671875,144.52000427246094,87.77595520019531,352.3800048828125,586.6088256835938,129.324462890625,130.3597412109375,128.95419311523438,146.52566528320312,148.82838439941406,580.1265869140625,405.0804748535156,314.97821044921875,362.5545654296875,45.47520446777344,109.2976303100586,239.3699951171875,250.06558227539062,49.96892547607422,91.83566284179688
2023-12-07,192.27256774902344,146.8800048828125,89.58463287353516,352.70001220703125,590.00830078125,129.224609375,137.3225860595703,135.80755615234375,145.38430786132812,149.285400390625,579.1618041992188,407.8146667480469,324.04705810546875,364.6680908203125,46.56753158569336,110.11714935302734,242.63999938964844,251.57020568847656,49.640071868896484,91.1963119506836
2023-12-08,193.69776916503906,147.4199981689453,91.72551727294922,353.0799865722656,589.8441162109375,130.9394989013672,135.52732849121094,133.88345336914062,144.4674835205078,150.93260192871094,588.790283203125,406.83740234375,330.1590576171875,367.892578125,47.47698211669922,110.839111328125,243.83999633789062,251.49151611328125,49.119117736816406,92.24337005615234
2023-12-11,191.19375610351562,145.88999938964844,99.97624969482422,357.05999755859375,602.4757080078125,130.97579956054688,133.60311889648438,132.19740295410156,145.0662078857422,151.48487854003906,574.9971923828125,410.34161376953125,322.74725341796875,365.0121765136719,46.59851837158203,112.32202911376953,239.74000549316406,252.258544921875,49.24284362792969,92.3082275390625
2023-12-12,192.70806884765625,147.47999572753906,104.1569595336914,360.0199890136719,607.9222412109375,129.29722595214844,132.55174255371094,131.43370056152344,145.07557678222656,152.83689880371094,575.7061157226562,415.3164978027344,331.6176452636719,368.0400085449219,47.62788772583008,98.35130310058594,237.00999450683594,255.24803161621094,49.28191375732422,90.85345458984375
2023-12-13,195.92466735839844,148.83999633789062,105.84810638427734,362.0299987792969,619.993896484375,131.21173095703125,132.87905883789062,131.48330688476562,145.74916076660156,153.35104370117188,588.2488403320312,419.19573974609375,332.1335754394531,368.03021240234375,48.05862045288086,100.47811889648438,239.2899932861328,258.0212097167969,50.15776824951172,91.65961456298828
2023-12-14,196.07310485839844,147.4199981689453,107.47999572753906,358.1199951171875,609.158447265625,136.038818359375,132.1153564453125,130.8584442138672,146.7595672607422,156.14080810546875,564.7877197265625,413.15478515625,330.5758056640625,359.73309326171875,48.320457458496094,97.86347961425781,251.0500030517578,254.43185424804688,49.5456428527832,94.1243667602539
2023-12-15,195.5386505126953,149.97000122070312,109.73841094970703,356.5,636.2374267578125,135.51255798339844,132.75013732910156,131.51304626464844,145.15977478027344,157.32144165039062,563.1829833984375,413.1647033691406,332.31219482421875,364.4517822265625,48.860130310058594,100.8000717163086,253.5,253.74346923828125,49.731239318847656,93.49427795410156
2023-12-18,193.8759002685547,154.07000732421875,111.41496276855469,359.6499938964844,657.8887939453125,135.81198120117188,136.07286071777344,134.6868133544922,145.42172241210938,158.2735595703125,570.783447265625,418.9489440917969,341.9366760253906,366.3392639160156,50.04640579223633,102.43910217285156,252.0800018310547,254.0778045654297,50.457313537597656,94.18923950195312
2023-12-19,194.91513061523438,153.7899932861328,111.2032241821289,361.79998779296875,654.5087280273438,137.59039306640625,136.97543334960938,135.52984619140625,146.37600708007812,160.38731384277344,570.832763671875,419.9755859375,347.6319580078125,366.9389343261719,49.573692321777344,103.65861511230469,257.2200012207031,255.6708526611328,50.639644622802734,95.4308853149414
2023-12-20,192.82684326171875,152.1199951171875,108.35379028320312,355.3500061035156,638.3425903320312,136.3291778564453,138.52273559570312,137.20599365234375,143.39158630371094,158.5782928466797,561.38134765625,414.0333251953125,346.5603332519531,364.34368896484375,48.08161544799805,101.60983276367188,247.13999938964844,252.83872985839844,50.047061920166016,93.83712005615234
2023-12-21,192.6783447265625,153.83999633789062,110.00392150878906,356.1400146484375,642.3599853515625,136.74655151367188,140.6453094482422,139.26895141601562,144.8603973388672,159.48277282714844,563.1436157226562,417.9718017578125,351.3329162597656,367.2142333984375,48.96007537841797,103.27812194824219,254.5,255.2283935546875,50.40196228027344,94.26336669921875
2023-12-22,191.6094512939453,153.4199981689453,109.48576354980469,356.4700012207031,648.5792846679688,137.0550537109375,141.5578155517578,140.33016967773438,145.44044494628906,159.38755798339844,561.5585327148438,418.623291015625,350.638427734375,368.23663330078125,48.800174713134766,103.60983276367188,252.5399932861328,254.13682556152344,51.00430679321289,94.4301528930664
2023-12-26,191.0651397705078,153.41000366210938,110.45281219482422,356.8299865722656,651.4957885742188,138.28904724121094,141.6570281982422,140.35995483398438,146.0766143798828,160.33016967773438,561.834228515625,418.1988525390625,352.0671691894531,368.3152770996094,49.24889373779297,103.60009002685547,256.6099853515625,254.8546905517578,50.926170349121094,94.64326477050781
2023-12-27,191.1641082763672,153.33999633789062,109.89462280273438,356.95001220703125,658.5873413085938,137.8353729248047,140.2882537841797,139.21934509277344,146.27308654785156,161.2918243408203,572.5064697265625,418.8798828125,355.04376220703125,367.7352600097656,49.386810302734375,103.3561782836914,261.44000244140625,254.62850952148438,51.404788970947266,94.19850158691406
2023-12-28,191.5896759033203,153.3800048828125,109.5277099609375,357.57000732421875,654.932861328125,135.89366149902344,140.12953186035156,139.0804901123047,146.48826599121094,162.14878845214844,571.8565673828125,420.8146057128906,355.530029296875,368.9248046875,49.49174499511719,103.65861511230469,253.17999267578125,256.0740661621094,51.303855895996094,92.83639526367188
2023-12-29,190.55047607421875,151.94000244140625,108.92662048339844,356.6600036621094,651.9500732421875,135.3401641845703,139.78237915039062,138.54493713378906,146.63795471191406,161.9583282470703,573.8945922851562,421.002197265625,351.2039489746094,369.6719055175781,49.49174499511719,102.8586196899414,248.47999572753906,256.0249328613281,51.32990646362305,92.64179992675781
2024-01-02,183.73130798339844,149.92999267578125,105.91423034667969,362.4599914550781,642.6362915039062,135.63050842285156,138.4235382080078,137.0373992919922,149.65975952148438,163.84359741210938,583.0309448242188,416.44183349609375,343.5936279296875,364.5894470214844,48.138572692871094,101.52201843261719,248.4199981689453,254.5695343017578,51.86388397216797,94.84712219238281
2024-01-03,182.35560607910156,148.47000122070312,103.29902648925781,366.75,636.7496948242188,138.21646118164062,139.21701049804688,137.78123474121094,150.59532165527344,163.12948608398438,608.1360473632812,413.362060546875,341.787841796875,364.32403564453125,47.53993606567383,99.96105194091797,238.4499969482422,253.69435119628906,51.867130279541016,95.64399719238281
2024-01-04,180.03968811035156,144.57000732421875,102.36515045166016,363.67999267578125,640.3644409179688,136.701171875,136.91592407226562,135.27197265625,150.27723693847656,164.21202087402344,604.985595703125,414.34918212890625,344.4171447753906,361.7091064453125,47.96868133544922,100.08787536621094,237.92999267578125,255.2971954345703,51.365718841552734,94.81005096435547
2024-01-05,179.317138671875,145.24000549316406,102.39149475097656,365.5899963378906,647.9302978515625,136.4652557373047,136.2711944580078,134.6173858642578,150.7449951171875,165.0359344482422,608.972900390625,414.0037536621094,349.2095642089844,361.5223388671875,49.0670051574707,100.22445678710938,237.49000549316406,255.3758544921875,51.02384567260742,95.09730529785156
2024-01-08,183.65213012695312,149.10000610351562,104.8866958618164,368.17999267578125,653.540283203125,135.64866638183594,139.38565063476562,137.70188903808594,151.11920166015625,164.79641723632812,616.337158203125,417.1871337890625,355.8673095703125,368.3447570800781,52.22107696533203,102.10739135742188,240.4499969482422,258.1785583496094,51.5252571105957,93.51280975341797
2024-01-09,183.2364501953125,151.3699951171875,105.63221740722656,366.8999938964844,658.9625854492188,132.2007598876953,141.3990936279297,139.79458618164062,151.21278381347656,163.49354553222656,615.7955932617188,417.8000793457031,354.6468811035156,369.4261779785156,53.10753631591797,101.10250854492188,234.9600067138672,258.9554138183594,51.87038803100586,92.35456085205078
2024-01-10,184.27565002441406,153.72999572753906,105.44486999511719,367.9200134277344,664.473876953125,131.1119384765625,142.62904357910156,141.11367797851562,151.4373016357422,163.83840942382812,620.4327392578125,423.40570068359375,367.58538818359375,376.2879333496094,54.316795349121094,101.77830505371094,233.94000244140625,260.16497802734375,52.515071868896484,91.44648742675781
2024-01-11,183.6818389892578,155.17999267578125,107.33894348144531,363.3399963378906,665.2837524414062,131.8196563720703,142.50010681152344,140.9153289794922,150.7637176513672,163.14866638183594,625.8770141601562,421.8732604980469,366.7916259765625,378.1164245605469,54.78850555419922,102.61076354980469,227.22000122070312,259.6437683105469,52.45646667480469,91.42794799804688
2024-01-12,184.0084228515625,154.6199951171875,108.09031677246094,363.6199951171875,674.82470703125,133.62527465820312,143.0654296875,141.48065185546875,151.9237823486328,161.9511260986328,632.9656372070312,424.226318359375,371.5740661621094,381.8914489746094,54.676570892333984,104.40306091308594,218.88999938964844,259.78155517578125,52.524837493896484,92.61399841308594
2024-01-16,181.74197387695312,153.16000366210938,108.80075073242188,361.1000061035156,673.0963745117188,130.3769989013672,142.90676879882812,141.3219757080078,150.17433166503906,160.93563842773438,624.7449340820312,423.4848327636719,364.59881591796875,383.66094970703125,56.34755325317383,104.37367248535156,219.91000366210938,260.83367919921875,52.690887451171875,90.51988983154297
2024-01-17,180.80172729492188,151.7100067138672,107.69902038574219,359.2900085449219,675.7630004882812,129.85977172851562,141.72642517089844,140.31033325195312,150.09011840820312,160.0734405517578,619.17236328125,422.56536865234375,365.50177001953125,382.8744812011719,56.01876449584961,104.23657989501953,215.5500030517578,262.2005615234375,52.44343566894531,89.86199188232422
2024-01-18,186.69058227539062,153.5,111.62574768066406,362.3800048828125,678.8447265625,128.68023681640625,143.809326171875,142.30384826660156,150.8198699951172,160.3895721435547,613.6986083984375,425.8279113769531,373.20135498046875,387.199951171875,57.072113037109375,106.45977783203125,211.8800048828125,263.685546875,53.14997100830078,89.6952133178711
2024-01-19,189.59043884277344,155.33999633789062,118.19209289550781,366.989990234375,686.410400390625,129.0613250732422,146.7650909423828,145.1800994873047,151.2595672607422,163.15823364257812,618.84765625,431.8190612792969,380.46429443359375,391.9186706542969,59.45465850830078,107.40978240966797,212.19000244140625,266.3996887207031,52.869964599609375,89.83419036865234
2024-01-22,191.89649963378906,154.77999877929688,119.09960174560547,368.05999755859375,683.9806518554688,129.2881317138672,146.50718688964844,144.79330444335938,151.99864196777344,162.9665985107422,621.1119384765625,434.75531005859375,378.80731201171875,389.7952575683594,59.6175537109375,107.83092498779297,208.8000030517578,266.6946716308594,52.873226165771484,89.71373748779297
2024-01-23,193.1732177734375,156.02000427246094,119.66654205322266,372.1400146484375,679.121337890625,128.9251708984375,147.4692840576172,145.83468627929688,149.51007080078125,161.89366149902344,619.9305419921875,433.77655029296875,382.2007141113281,392.1448059082031,59.836421966552734,109.52527618408203,209.13999938964844,266.75372314453125,53.006717681884766,90.72374725341797
2024-01-24,192.50021362304688,156.8699951171875,122.3559341430664,376.5899963378906,678.0545654296875,131.49302673339844,149.12570190429688,147.48104858398438,148.71487426757812,163.34024047851562,623.8883056640625,433.71722412109375,387.6578674316406,395.7427673339844,61.32451629638672,111.95415496826172,207.8300018310547,267.13720703125,52.257850646972656,92.28968811035156
2024-01-25,192.17361450195312,157.75,120.0266342163086,380.8500061035156,671.5260009765625,134.80482482910156,152.388916015625,150.62506103515625,149.27618408203125,165.67776489257812,617.9025268554688,431.83880615234375,390.1184997558594,398.0137023925781,61.57936096191406,112.62995147705078,182.6300048828125,268.0812683105469,53.01973342895508,94.63398742675781
2024-01-26,190.4416046142578,159.1199951171875,117.57536315917969,385.3999938964844,678.4200439453125,135.322021484375,152.5376739501953,150.9424591064453,149.2200469970703,165.04550170898438,629.3524169921875,433.5491943359375,391.0710754394531,397.089599609375,60.993717193603516,112.27734375,183.25,263.48883056640625,53.4853401184082,95.44014739990234
2024-01-29,189.75868225097656,161.25999450683594,118.83320617675781,383.17999267578125,685.4622192382812,135.26756286621094,153.57911682128906,152.25164794921875,149.0890655517578,165.47659301757812,635.0133666992188,435.575927734375,397.89752197265625,402.78155517578125,62.426841735839844,111.40570831298828,190.92999267578125,269.11376953125,53.73604202270508,95.56060791015625
2024-01-30,186.10662841796875,159.0,117.89543914794922,387.1499938964844,692.1094360351562,136.21119689941406,151.80369567871094,150.2184600830078,148.537109375,168.86795043945312,634.99365234375,440.13348388671875,396.9449768066406,401.6706848144531,62.73564910888672,111.80725860595703,191.58999633789062,272.5458679199219,53.91511917114258,97.15437316894531
2024-01-31,182.50405883789062,155.1999969482422,115.14749145507812,383.739990234375,686.321533203125,133.77044677734375,140.6453094482422,138.9515838623047,148.65872192382812,167.03814697265625,635.6138916015625,444.1276550292969,387.1022644042969,390.8471374511719,61.48941421508789,109.39794921875,187.2899932861328,268.720458984375,53.804412841796875,95.26408386230469
2024-02-01,184.9387664794922,159.27999877929688,117.10013580322266,386.44000244140625,696.8260498046875,134.1878204345703,141.5479278564453,140.00289916992188,148.15353393554688,166.43460083007812,650.2044067382812,455.68487548828125,391.7060852050781,396.9421691894531,62.98849868774414,113.14901733398438,188.86000061035156,272.447509765625,54.80073165893555,94.87491607666016
2024-02-02,183.93914794921875,171.80999755859375,119.47431945800781,390.75,701.771728515625,138.13482666015625,142.37112426757812,141.212890625,146.51634216308594,167.39260864257812,657.3126831054688,455.3487548828125,471.29156494140625,404.2561340332031,66.11958312988281,113.4036636352539,187.91000366210938,272.57537841796875,55.21098327636719,94.4857406616211
2024-02-05,185.75035095214844,170.30999755859375,121.30496978759766,390.760009765625,703.4335327148438,138.21646118164062,143.74981689453125,142.5022430419922,145.75852966308594,167.17227172851562,695.2658081054688,451.5721435546875,455.83282470703125,398.7804870605469,69.28964233398438,113.99129486083984,181.05999755859375,271.001953125,54.91469955444336,94.09657287597656
2024-02-06,187.35369873046875,169.14999389648438,119.30940246582031,393.739990234375,703.0675048828125,138.23463439941406,144.2259063720703,142.91876220703125,147.8728485107422,167.7470703125,694.1138916015625,455.26959228515625,451.1794128417969,398.6231689453125,68.18132781982422,112.92376708984375,185.10000610351562,272.162353515625,55.28913116455078,94.74520111083984
2024-02-07,187.46253967285156,170.52999877929688,122.66722106933594,397.6600036621094,711.9599609375,138.0349884033203,145.48556518554688,144.3469696044922,147.79798889160156,168.063232421875,714.1488037109375,456.6636047363281,465.93359375,407.0382080078125,70.05618286132812,114.8531494140625,187.5800018310547,274.7486572265625,55.14912033081055,94.71739196777344
2024-02-08,186.38375854492188,169.83999633789062,124.39443969726562,397.489990234375,716.292236328125,139.78616333007812,146.02117919921875,144.71392822265625,146.31983947753906,167.45965576171875,724.2894287109375,453.0550842285156,466.3404541015625,407.09716796875,69.59845733642578,114.27532196044922,189.55999755859375,271.704345703125,55.145870208740234,96.33895111083984
2024-02-09,187.1468048095703,174.4499969482422,125.241455078125,398.3599853515625,715.54052734375,137.04595947265625,148.9967498779297,147.7786102294922,146.65664672851562,167.66082763671875,728.7000122070312,452.67938232421875,464.4651184082031,413.42816162109375,72.08895874023438,114.23614501953125,193.57000732421875,272.3447265625,55.1165657043457,94.3004150390625
2024-02-12,185.46212768554688,172.33999633789062,123.44202423095703,397.7099914550781,714.561279296875,137.98963928222656,147.51885986328125,146.3206787109375,147.67637634277344,168.40809631347656,725.844970703125,453.5,465.2489929199219,408.22772216796875,72.20387268066406,113.45263671875,188.1300048828125,271.0047912597656,55.44866943359375,95.59766387939453
2024-02-13,183.3711700439453,168.63999938964844,122.13929748535156,394.79998779296875,706.489990234375,136.64674377441406,145.1781005859375,143.9502716064453,146.38534545898438,166.9423370361328,731.466552734375,455.2300720214844,456.5373229980469,399.4390869140625,72.08395385742188,111.33715057373047,184.02000427246094,271.7338562011719,55.070980072021484,94.7746810913086
2024-02-14,182.48919677734375,170.97999572753906,123.17074584960938,398.67999267578125,714.333740234375,137.0187530517578,145.94183349609375,144.74371337890625,145.70237731933594,168.6380157470703,746.891357421875,459.9063415527344,469.5948486328125,403.2999267578125,73.85486602783203,111.90518188476562,188.7100067138672,273.4580078125,54.895164489746094,94.30707550048828
2024-02-15,182.20179748535156,169.8000030517578,123.44886779785156,403.45001220703125,716.638427734375,141.6783905029297,142.7678680419922,141.59967041015625,147.7418975830078,172.31675720214844,747.3548583984375,465.92718505859375,480.2611999511719,400.41412353515625,72.61360931396484,110.45570373535156,200.4499969482422,276.82745361328125,55.11982345581055,97.00984191894531
2024-02-16,180.66575622558594,169.50999450683594,121.5372085571289,405.989990234375,716.1240844726562,141.8343048095703,140.6056365966797,139.36813354492188,147.57220458984375,171.5120391845703,771.3009033203125,462.81292724609375,469.6345520019531,397.95196533203125,72.56863403320312,109.01598358154297,199.9499969482422,274.4432373046875,55.468204498291016,97.00984191894531
2024-02-20,179.92254638671875,167.0800018310547,119.68997192382812,407.1499938964844,717.8057250976562,141.2564239501953,141.04205322265625,139.9631805419922,148.80709838867188,172.18260192871094,745.263916015625,446.6189880371094,468.0767822265625,396.701171875,69.40958404541016,106.21492767333984,193.75999450683594,271.08355712890625,57.258968353271484,96.09332275390625
2024-02-21,180.6757049560547,168.58999633789062,119.77780151367188,409.25,715.1646728515625,142.57730102539062,142.66871643066406,141.38150024414062,149.580078125,173.30349731445312,735.648193359375,453.8360900878906,464.8784484863281,396.1003723144531,67.4307861328125,105.93091583251953,194.77000427246094,272.6697998046875,56.555686950683594,98.05728912353516
2024-02-22,182.70718383789062,174.5800018310547,127.3355712890625,415.1600036621094,726.4210205078125,142.56813049316406,144.13665771484375,142.9088592529297,151.24855041503906,175.3823699951172,759.0516967773438,466.20404052734375,482.8565979003906,405.4272155761719,78.49002075195312,108.72218322753906,197.41000366210938,279.5565185546875,57.112457275390625,97.97311401367188
2024-02-23,180.87388610839844,174.99000549316406,126.5031967163086,417.2200012207031,729.9127197265625,141.86183166503906,144.10687255859375,142.77992248535156,152.55885314941406,176.26376342773438,758.9530639648438,468.04290771484375,480.770751953125,404.13702392578125,78.76885986328125,109.6427993774414,191.97000122070312,279.4087219238281,57.16129684448242,97.11270904541016
2024-02-26,179.52615356445312,174.72999572753906,127.74832916259766,409.1400146484375,737.2520141601562,141.66920471191406,137.62014770507812,136.44232177734375,151.56906127929688,175.6602020263672,761.3004150390625,469.1205139160156,478.4961242675781,401.3793640136719,79.04369354248047,108.68299865722656,199.39999389648438,279.9505615234375,58.21621322631836,97.49615478515625
2024-02-27,180.98291015625,173.5399932861328,126.48955535888672,408.9100036621094,736.6190795898438,139.5687255859375,138.95916748046875,137.74159240722656,151.74815368652344,175.74644470214844,754.4755859375,469.3578186035156,483.7703857421875,401.32025146484375,78.65290832519531,109.08454895019531,199.72999572753906,278.9850769042969,58.20645523071289,97.29039764404297
2024-02-28,179.7838134765625,173.16000366210938,125.82498931884766,412.1400146484375,739.8338012695312,139.73382568359375,136.3109130859375,135.2620391845703,152.2854766845703,176.63739013671875,747.216796875,473.4112243652344,480.7607727050781,401.5566711425781,77.61555480957031,109.37837219238281,202.0399932861328,281.4087829589844,58.23575210571289,97.56161499023438
2024-02-29,179.11984252929688,176.75999450683594,126.90523529052734,409.3999938964844,735.8079833984375,139.43112182617188,138.64175415039062,137.32504272460938,152.125244140625,178.246826171875,743.3112182617188,469.36767578125,486.8297119140625,407.38720703125,79.06367492675781,109.37837219238281,201.8800048828125,278.4629211425781,57.24920654296875,97.74866485595703
2024-03-01,178.03968811035156,178.22000122070312,136.5347137451172,407.1099853515625,741.2975463867188,140.1649169921875,136.95559692382812,136.01583862304688,152.82278442382812,177.5091552734375,771.3599853515625,471.2164306640625,498.91766357421875,409.218994140625,82.2287368774414,111.43509674072266,202.63999938964844,278.9752197265625,57.395713806152344,98.98313903808594
2024-03-04,173.5208282470703,177.5800018310547,136.8362274169922,403.3900146484375,750.931884765625,136.56015014648438,133.10719299316406,132.25689697265625,150.6735382080078,178.8407745361328,781.3803100585938,463.1689147949219,494.83538818359375,408.6477966308594,85.18492889404297,111.70931243896484,188.13999938964844,276.3841247558594,57.923187255859375,97.5990219116211
2024-03-05,168.58570861816406,174.1199951171875,131.02906799316406,400.739990234375,751.6934204101562,137.21136474609375,132.69061279296875,131.5824737548828,150.79608154296875,180.6322784423828,766.8923950195312,462.2099304199219,486.9190368652344,396.563232421875,85.91551971435547,108.65362548828125,180.74000549316406,275.2511291503906,58.64600372314453,98.79610443115234
2024-03-06,167.59474182128906,173.50999450683594,131.73654174804688,403.9599914550781,764.8390502929688,136.0556640625,131.4805450439453,130.32290649414062,150.2022247314453,181.57110595703125,769.0422973632812,466.2435607910156,492.7495422363281,396.01171875,88.64997100830078,109.9561996459961,176.5399932861328,276.28558349609375,59.163692474365234,99.85289001464844
2024-03-07,167.475830078125,176.82000732421875,137.29974365234375,402.3900146484375,777.054931640625,137.0095672607422,134.13873291015625,133.27845764160156,149.75917053222656,179.98080444335938,769.4269409179688,462.2297058105469,508.74114990234375,402.9551696777344,92.61673736572266,112.17942810058594,178.64999389648438,274.14764404296875,58.95856857299805,100.4140396118164
2024-03-08,169.1902313232422,175.35000610351562,127.70833587646484,403.1499938964844,717.6770629882812,137.47740173339844,135.18019104003906,134.30001831054688,150.37188720703125,180.3161163330078,751.6549072265625,463.93017578125,502.5431213378906,400.0792541503906,87.47863006591797,110.10311889648438,175.33999633789062,275.9013366699219,58.724143981933594,101.35858154296875
2024-03-11,171.19200134277344,171.9600067138672,126.18604278564453,404.760009765625,706.3218383789062,139.4219512939453,137.80859375,136.54148864746094,151.9838104248047,180.38314819335938,724.266845703125,463.831298828125,480.33367919921875,398.4049987792969,85.72562408447266,111.77787017822266,177.77000427246094,276.4136657714844,59.251609802246094,101.9571304321289
2024-03-12,171.66766357421875,175.38999938964844,126.06504821777344,404.9800109863281,728.8741455078125,139.32106018066406,138.48306274414062,137.36468505859375,153.40724182128906,181.8680877685547,744.563720703125,467.4991760253906,496.3848571777344,409.0023193359375,91.86116027832031,124.91150665283203,177.5399932861328,279.7240295410156,59.98419189453125,101.30248260498047
2024-03-13,169.5866241455078,176.55999755859375,122.74626922607422,408.1300048828125,726.2232055664062,141.1555633544922,139.62368774414062,138.6440887451172,151.86129760742188,183.34341430664062,747.4140625,470.2079772949219,492.2330322265625,408.8250732421875,90.83673858642578,122.93312072753906,169.47999572753906,280.92596435546875,59.857215881347656,102.43409729003906
2024-03-14,171.4397430419922,178.75,123.17562866210938,406.7300109863281,723.9977416992188,142.81578063964844,143.16464233398438,141.92698669433594,150.07965087890625,180.0766143798828,750.2642822265625,474.0340881347656,488.5181884765625,418.7920837402344,87.89440155029297,122.94293975830078,162.5,282.17718505859375,59.806243896484375,104.24840545654297
2024-03-15,171.06317138671875,174.4199981689453,120.56333923339844,408.1300048828125,717.7462768554688,142.67820739746094,141.0122833251953,140.022705078125,149.10873413085938,182.3087921142578,743.7944946289062,470.425537109375,480.8403015136719,410.12506103515625,87.78746032714844,122.95272827148438,163.57000732421875,278.8570251464844,59.4730110168457,104.06136322021484
2024-03-18,172.1532440185547,174.47999572753906,120.7331314086914,408.4100036621094,723.5921020507812,142.5497589111328,147.2709197998047,146.4694366455078,147.77015686035156,184.56968688964844,752.1676635742188,473.45074462890625,493.6335144042969,411.0115051269531,88.40511322021484,125.16615295410156,173.8000030517578,280.8373107910156,59.64942932128906,105.0246353149414
2024-03-19,174.49197387695312,175.89999389648438,120.80827331542969,411.760009765625,724.2152099609375,143.65963745117188,146.71548461914062,145.8247528076172,147.251708984375,185.65223693847656,762.1486206054688,478.5027160644531,492.8985290527344,415.0396423339844,89.34757995605469,126.5274887084961,171.32000732421875,283.1033020019531,59.65922546386719,105.76345825195312
2024-03-20,177.05859375,178.14999389648438,125.04572296142578,416.1099853515625,732.67236328125,141.7609405517578,148.4611358642578,147.52072143554688,146.8275146484375,188.08555603027344,762.2274169921875,482.496826171875,502.1159973144531,418.8019714355469,90.32102966308594,126.57646179199219,175.66000366210938,285.00482177734375,60.03166580200195,105.66993713378906
2024-03-21,169.82444763183594,178.14999389648438,132.1016082763672,413.7799987792969,734.4923095703125,142.04530334472656,147.52879333496094,146.3900909423828,146.81808471679688,190.700927734375,759.6630859375,483.0900573730469,504.3409729003906,422.8793640136719,91.3834228515625,126.35120391845703,172.82000732421875,286.07867431640625,60.22769546508789,106.13753509521484
2024-03-22,170.7262420654297,178.8699951171875,132.63763427734375,411.6000061035156,726.816650390625,141.86183166503906,150.5341339111328,149.5341033935547,146.32791137695312,188.3633575439453,760.0084228515625,476.1991882324219,506.1486511230469,422.25885009765625,94.23580169677734,125.1563491821289,170.8300018310547,279.0737609863281,59.65922546386719,106.13753509521484
2024-03-25,169.3091583251953,179.7100067138672,132.45242309570312,409.9200134277344,723.0184326171875,143.52206420898438,149.919189453125,148.83984375,146.3184814453125,186.6389923095703,762.5036010742188,470.6331481933594,499.6328125,416.4677429199219,94.94841766357422,123.48159790039062,172.6300048828125,277.0540771484375,59.36519241333008,107.2223892211914
2024-03-26,168.17942810058594,178.3000030517578,130.483642578125,411.57000732421875,723.0381469726562,142.42135620117188,150.46469116210938,149.43490600585938,146.83697509765625,187.51075744628906,764.2394409179688,471.384521484375,492.55084228515625,415.2759704589844,92.50879669189453,123.86357116699219,177.6699981689453,276.45306396484375,59.306392669677734,106.41809844970703
2024-03-27,171.7469482421875,179.8300018310547,129.23318481445312,416.92999267578125,724.1263427734375,143.4119873046875,150.70272827148438,149.63327026367188,148.90135192871094,191.14161682128906,767.4741821289062,472.52142333984375,490.5345153808594,415.05938720703125,90.19910430908203,122.68827819824219,179.8300018310547,274.8963623046875,59.5122184753418,107.52165985107422
2024-03-28,169.93345642089844,180.3800048828125,129.88780212402344,420.5199890136719,724.6702270507812,144.68699645996094,151.02012634277344,149.6927947998047,149.11814880371094,191.88885498046875,767.2572021484375,476.100341796875,482.310302734375,414.360107421875,90.30504608154297,123.02127075195312,175.7899932861328,274.95550537109375,58.97315216064453,108.70936584472656
2024-04-01,168.49655151367188,180.97000122070312,132.3230743408203,420.20001220703125,713.4039916992188,145.9160919189453,155.2256317138672,154.21543884277344,148.73165893554688,190.58596801757812,750.0867919921875,472.9663391113281,488.04144287109375,418.1519470214844,90.3120346069336,122.89396667480469,175.22000122070312,274.1673583984375,58.80653762817383,109.41079711914062
2024-04-02,167.3172607421875,180.69000244140625,131.1961212158203,418.9200134277344,703.5719604492188,146.55813598632812,154.6007537841797,153.29302978515625,148.68453979492188,190.5093231201172,753.4498901367188,473.9845886230469,494.0209045410156,415.0692443847656,89.40155029296875,121.7774429321289,166.6300048828125,274.3249816894531,57.98324203491211,111.55243682861328
2024-04-03,168.11996459960938,182.41000366210938,133.5921173095703,420.239990234375,698.0228881835938,147.16354370117188,155.0966796875,153.6500701904297,145.41354370117188,189.9728240966797,765.3143310546875,471.9974365234375,503.3277893066406,414.09417724609375,88.91383361816406,123.6382827758789,168.3800048828125,272.8668212890625,58.24787139892578,111.5711441040039
2024-04-04,167.29747009277344,180.0,129.11264038085938,415.32000732421875,697.2217407226562,147.39285278320312,150.70272827148438,149.2960662841797,143.75448608398438,188.52745056152344,757.51318359375,464.43426513671875,507.4797058105469,411.5630187988281,85.85653686523438,121.63054656982422,171.11000061035156,269.9505920410156,58.31648254394531,111.96393585205078
2024-04-05,168.0506134033203,185.07000732421875,131.26173400878906,418.6199951171875,705.9656982421875,148.22756958007812,152.68643188476562,151.24990844726562,143.65077209472656,190.2619171142578,773.4212036132812,471.7304992675781,523.7890625,419.08758544921875,87.95836639404297,122.32591247558594,164.89999389648438,273.0442199707031,58.659515380859375,113.50704193115234
2024-04-08,166.93080139160156,185.19000244140625,130.93540954589844,415.9700012207031,704.0764770507812,147.92486572265625,154.8685302734375,153.5806427001953,142.89666748046875,191.2544403076172,766.5964965820312,474.0669250488281,515.7535400390625,418.17156982421875,87.08385467529297,121.78723907470703,172.97999572753906,273.65509033203125,58.590911865234375,112.74016571044922
2024-04-09,168.13978576660156,185.6699981689453,130.73745727539062,414.69000244140625,710.7828369140625,148.59445190429688,156.85226440429688,155.31631469726562,143.5565185546875,189.9728546142578,746.8223266601562,467.4437561035156,513.41943359375,419.8360595703125,85.30584716796875,121.0798110961914,176.8800048828125,272.6304016113281,58.600711822509766,113.32933807373047
2024-04-10,166.266845703125,185.9499969482422,129.5898895263672,409.1099853515625,714.7294921875,149.20899963378906,156.37619018554688,154.86009216308594,141.58636474609375,188.35401916503906,751.4971313476562,464.4836120605469,516.3297119140625,416.8617248535156,86.98991394042969,119.6256332397461,171.75999450683594,270.4235534667969,59.41420364379883,114.28325653076172
2024-04-11,173.4613494873047,189.0500030517578,135.47862243652344,407.6099853515625,724.393310546875,148.49354553222656,159.4806671142578,158.10330200195312,140.2572021484375,188.31546020507812,749.1400146484375,463.63226318359375,519.63720703125,421.46112060546875,90.56488800048828,121.08963775634766,174.60000610351562,271.60577392578125,58.894744873046875,113.89982604980469
2024-04-12,174.95774841308594,186.1300048828125,131.7164306640625,403.260009765625,723.3645629882812,145.80599975585938,157.89370727539062,156.43707275390625,139.06005859375,176.13560485839844,741.29931640625,460.73150634765625,508.45306396484375,415.5222473144531,88.13626861572266,118.9968032836914,171.0500030517578,271.8816833496094,58.94375228881836,112.57180786132812
2024-04-15,171.13255310058594,183.6199951171875,128.44529724121094,400.260009765625,710.4761352539062,144.5493927001953,155.05699157714844,153.59059143066406,139.12606811523438,176.23194885253906,740.4412841796875,455.19732666015625,496.8616943359375,407.38720703125,85.95248413085938,117.78826141357422,161.47999572753906,267.27081298828125,58.73793029785156,111.92652130126953
2024-04-16,167.85238647460938,183.32000732421875,130.24549865722656,396.9200134277344,708.1912841796875,143.34779357910156,154.72967529296875,153.13433837890625,136.16612243652344,174.21807861328125,736.4667358398438,455.2270202636719,496.3948059082031,408.3128967285156,87.36569213867188,118.51535034179688,157.11000061035156,267.3398132324219,58.649715423583984,111.00065612792969
2024-04-17,166.48484802246094,181.27999877929688,125.69544219970703,397.739990234375,707.4197998046875,143.45782470703125,155.60252380371094,154.19558715820312,136.46775817871094,173.5242462158203,740.4412841796875,455.5636291503906,490.8424072265625,405.6143798828125,83.98760223388672,116.59938049316406,155.4499969482422,268.6600036621094,58.4635009765625,110.94454956054688
2024-04-18,165.53347778320312,179.22000122070312,123.37876892089844,399.8900146484375,703.5224609375,144.531005859375,156.17779541015625,154.73114013671875,137.3821258544922,174.65167236328125,735.6876220703125,450.1581726074219,498.42108154296875,398.1587829589844,84.62323760986328,113.97595977783203,149.92999267578125,267.3594665527344,58.08125305175781,110.84165954589844
2024-04-19,163.51190185546875,174.6300048828125,118.05941772460938,405.0799865722656,701.8014526367188,146.7599334716797,154.4519500732422,152.82687377929688,139.4276885986328,179.03604125976562,716.3178100585938,450.8412780761719,477.8306579589844,393.08660888671875,76.15702056884766,112.87550354003906,147.0500030517578,265.7929992675781,58.34587860107422,112.11355590820312
2024-04-22,164.34429931640625,177.22999572753906,119.99488830566406,408.7799987792969,707.6868896484375,148.52105712890625,156.66378784179688,154.99893188476562,140.56829833984375,182.5146026611328,721.268798828125,452.1876525878906,478.48626708984375,394.8988037109375,79.47314453125,112.5316162109375,142.0500030517578,268.3052978515625,58.94375228881836,112.74950408935547
2024-04-23,165.39474487304688,179.5399932861328,122.41838836669922,408.739990234375,714.828369140625,149.37411499023438,158.61778259277344,156.9627227783203,140.98306274414062,185.14523315429688,735.4312133789062,458.197021484375,492.75946044921875,401.408935546875,82.37651062011719,113.08184051513672,144.67999267578125,270.0589599609375,57.914634704589844,113.18905639648438
2024-04-24,167.4956512451172,176.58999633789062,123.16610717773438,405.95001220703125,716.0252075195312,150.0345458984375,159.7881622314453,157.82559204101562,140.01214599609375,186.05099487304688,722.1268310546875,457.8802490234375,490.1769714355469,402.8763732910156,79.63206481933594,113.32747650146484,162.1300048828125,270.9555358886719,58.67911911010742,113.20777893066406
2024-04-25,168.35781860351562,173.6699981689453,126.8508529663086,404.9100036621094,715.1632690429688,151.60302734375,156.66378784179688,154.7212371826172,138.4002227783203,186.33042907714844,714.8975219726562,457.4941101074219,438.40789794921875,393.00787353515625,82.58539581298828,112.88532257080078,170.17999267578125,271.0934753417969,59.01236343383789,113.4696273803711
2024-04-26,167.7731170654297,179.6199951171875,131.7164306640625,402.1000061035156,722.4154663085938,152.1625518798828,172.275634765625,170.54049682617188,137.7592315673828,186.4460906982422,723.4187622070312,457.80108642578125,440.3050537109375,400.1777648925781,87.6855239868164,115.16485595703125,168.2899932861328,270.462890625,58.96335220336914,110.31794738769531
2024-04-29,171.93524169921875,180.9600067138672,131.18235778808594,400.9599914550781,719.591796875,152.56613159179688,166.53277587890625,164.78802490234375,138.4002227783203,186.24371337890625,727.0579833984375,452.5342102050781,429.7069091796875,396.1693420410156,87.70751190185547,114.45742797851562,194.0500030517578,267.82257080078125,59.04176330566406,111.88910675048828
2024-04-30,168.79380798339844,175.0,127.42411804199219,396.7300109863281,716.1936645507812,147.92486572265625,163.29931640625,161.44566345214844,136.29808044433594,184.75978088378906,770.35400390625,446.6931457519531,427.2734680175781,383.44464111328125,86.35327911376953,111.76522064208984,183.27999877929688,264.6401672363281,58.16946029663086,110.60787200927734
2024-05-01,167.7731170654297,179.0,121.79806518554688,398.5799865722656,715.5198364257812,146.42056274414062,164.2217559814453,162.51678466796875,142.51016235351562,184.8754425048828,766.06396484375,437.6543273925781,436.232666015625,388.9698181152344,82.99414825439453,112.62987518310547,179.99000549316406,263.3693542480469,57.67940902709961,108.51297760009766
2024-05-02,171.469482421875,184.72000122070312,121.37764739990234,400.6000061035156,725.6451416015625,147.42953491210938,167.08822631835938,165.254150390625,141.32241821289062,184.68270874023438,745.5106201171875,436.69403076171875,438.7059020996094,391.8260192871094,85.76859283447266,112.95411682128906,180.00999450683594,263.655029296875,58.522300720214844,108.70936584472656
2024-05-03,181.7261505126953,186.2100067138672,125.25250244140625,400.8699951171875,736.998779296875,146.98927307128906,167.61390686035156,165.86911010742188,140.70970153808594,183.57455444335938,724.858642578125,439.1492614746094,448.9167175292969,400.5126647949219,88.7389144897461,113.77945709228516,181.19000244140625,264.52203369140625,58.6301155090332,108.48491668701172
2024-05-06,180.0712127685547,188.6999969482422,128.40805053710938,404.9200134277344,749.432373046875,148.86964416503906,168.44705200195312,166.72206115722656,140.05926513671875,185.01031494140625,756.1323852539062,444.88140869140625,462.5442810058594,407.2886047363281,92.0880355834961,116.2751235961914,184.75999450683594,268.64031982421875,58.67911911010742,109.18633270263672
2024-05-07,180.7550048828125,188.75999450683594,127.70244598388672,406.1400146484375,764.1546020507812,149.20899963378906,171.57142639160156,169.84622192382812,140.1912384033203,184.76943969726562,767.0700073242188,448.5345153808594,465.0870361328125,403.15216064453125,90.50291442871094,115.87228393554688,177.80999755859375,272.3742370605469,59.41420364379883,108.64391326904297
2024-05-08,181.09190368652344,188.0,129.8839111328125,406.3699951171875,756.327880859375,149.0897674560547,169.76620483398438,167.99156188964844,140.40805053710938,188.52745056152344,764.3379516601562,450.22747802734375,469.4176940917969,404.333984375,90.36100006103516,115.34171295166016,174.72000122070312,273.0934753417969,59.10056686401367,108.62521362304688
2024-05-09,182.90541076660156,189.5,127.95331573486328,408.82000732421875,771.8128662109375,151.75897216796875,170.18280029296875,168.56680297851562,141.25643920898438,190.31008911132812,760.9353637695312,450.94024658203125,472.21875,406.0870666503906,88.69695281982422,114.60479736328125,171.97000122070312,274.42352294921875,59.44282531738281,110.76687622070312
2024-05-10,181.6451416015625,187.47999572753906,130.61203002929688,412.04998779296875,779.8872680664062,152.0983428955078,168.9033203125,167.2675323486328,141.31298828125,191.5338592529297,749.5443725585938,452.4153747558594,472.9934387207031,408.47052001953125,89.82730865478516,114.63427734375,168.47000122070312,276.5909729003906,59.4821662902832,110.31794738769531
2024-05-13,184.85035705566406,186.57000732421875,131.07359313964844,411.2200012207031,767.958984375,150.9150848388672,169.50836181640625,167.75350952148438,142.54788208007812,191.49533081054688,747.2760009765625,453.1876220703125,464.8586120605469,407.4659423828125,90.34801483154297,114.33952331542969,171.88999938964844,275.2609558105469,59.41332244873047,110.27118682861328
2024-05-14,185.9915313720703,187.07000732421875,135.24050903320312,410.239990234375,770.6834716796875,150.0712127685547,170.52993774414062,168.9436798095703,142.6986846923828,194.17410278320312,753.469482421875,449.6631164550781,468.6727294921875,410.26300048828125,91.30448150634766,118.760986328125,177.5500030517578,273.6353454589844,58.87240219116211,110.94058227539062
2024-05-15,188.2639617919922,185.99000549316406,140.7421112060547,412.760009765625,779.7385864257812,149.5575714111328,172.46408081054688,171.09588623046875,143.91473388671875,194.7522735595703,777.515625,453.4251708984375,478.2974548339844,417.43603515625,94.57662963867188,119.50772857666016,173.99000549316406,277.33978271484375,58.8428955078125,111.79853820800781
2024-05-16,188.383056640625,183.6300048828125,138.38623046875,413.1199951171875,785.7127075195312,149.2518310546875,174.00144958496094,172.75218200683594,145.43238830566406,195.09915161132812,761.8076782226562,454.2864685058594,470.0434875488281,415.3738708496094,94.30579376220703,120.02848052978516,174.83999633789062,276.2145080566406,62.95392990112305,111.129150390625
2024-05-17,188.41281127929688,184.6999969482422,136.73593139648438,416.94000244140625,788.4273071289062,150.7156982421875,175.84629821777344,174.61680603027344,145.77174377441406,197.33470153808594,760.7011108398438,455.67254638671875,468.7323913574219,414.60430908203125,92.42684173583984,121.34510040283203,177.4600067138672,276.47113037109375,63.5833854675293,112.79792022705078
2024-05-20,189.57382202148438,183.5399932861328,138.5724334716797,413.0,785.643310546875,149.2981414794922,177.0067901611328,175.46975708007812,143.74766540527344,188.4600067138672,773.7219848632812,455.0685729980469,465.6830139160156,419.6658630371094,94.72655487060547,122.3472900390625,174.9499969482422,274.9313659667969,63.12112045288086,111.8833999633789
2024-05-21,190.873779296875,183.14999389648438,137.1190948486328,414.3699951171875,793.4996948242188,148.21412658691406,178.07798767089844,176.39212036132812,143.71917724609375,192.25656127929688,793.4705810546875,454.5141906738281,461.5013427734375,423.3164978027344,95.33219909667969,122.45538330078125,186.60000610351562,272.37493896484375,64.07511901855469,111.11029815673828
2024-05-22,189.43490600585938,183.1300048828125,136.43702697753906,413.989990234375,794.421142578125,145.99046325683594,176.55052185058594,174.9341583251953,145.8667755126953,191.09059143066406,793.2136840820312,451.9599609375,464.6301574707031,424.7767639160156,94.89643096923828,122.42591094970703,180.11000061035156,272.0097351074219,64.17346954345703,108.87583923339844
2024-05-23,185.4457550048828,181.0500030517578,136.53993225097656,405.8800048828125,788.9524536132812,145.4067840576172,173.63446044921875,172.12734985351562,142.2557373046875,189.751220703125,798.6868286132812,446.7030334472656,462.6435546875,421.3037414550781,103.74047088623047,121.9248046875,173.74000549316406,270.67724609375,63.77022171020508,107.01850128173828
2024-05-24,188.52195739746094,180.75,137.96578979492188,407.4100036621094,802.2181396484375,146.1572723388672,174.8941192626953,173.55555725097656,139.6614990234375,193.4032440185547,797.6791381835938,446.67333984375,474.9998779296875,424.4215393066406,106.40894317626953,120.7654037475586,179.24000549316406,270.9338684082031,64.30133056640625,106.93363952636719
2024-05-28,188.5319061279297,182.14999389648438,138.4175567626953,403.8999938964844,805.6261596679688,147.35243225097656,176.5703887939453,174.95401000976562,137.20030212402344,192.23727416992188,798.1039428710938,440.63421630859375,476.6883850097656,424.5794677734375,113.83675384521484,122.31781768798828,176.75,267.4693298339844,63.96693420410156,108.2912826538086
2024-05-29,188.82957458496094,182.02000427246094,136.28318786621094,404.0899963378906,799.0379028320312,145.36973571777344,175.95541381835938,174.45809936523438,137.25729370117188,190.8978729248047,801.7296752929688,438.0503234863281,471.1658020019531,423.4447937011719,114.7602310180664,121.58091735839844,176.19000244140625,265.37677001953125,63.84891128540039,107.13162231445312
2024-05-30,189.8218994140625,179.32000732421875,133.6774139404297,408.6099853515625,807.776123046875,146.6297607421875,172.1466827392578,170.69918823242188,138.05552673339844,192.073486328125,805.217041015625,437.68402099609375,463.905029296875,409.13824462890625,110.43767547607422,115.04694366455078,178.7899932861328,267.78515625,63.81941223144531,107.47103881835938
2024-05-31,190.77456665039062,176.44000244140625,130.1955108642578,414.3999938964844,802.3765869140625,150.37290954589844,172.54344177246094,171.08596801757812,139.37640380859375,195.25332641601562,810.4332885742188,442.6044006347656,463.6865234375,409.5920715332031,109.57115936279297,115.14519500732422,178.0800018310547,268.93011474609375,64.67505645751953,110.55403900146484
2024-06-03,192.54087829589844,178.33999633789062,129.54383850097656,414.7900085449219,807.82568359375,145.88858032226562,172.99969482421875,171.75048828125,140.39321899414062,194.4728546142578,821.2213745117188,438.76318359375,474.2747497558594,408.0035705566406,114.93513488769531,117.19873809814453,176.2899932861328,266.8770751953125,64.73406219482422,107.90473175048828
2024-06-04,192.85842895507812,179.33999633789062,130.41798400878906,409.5299987792969,819.71435546875,144.65634155273438,173.7039031982422,172.3654022216797,140.4502410888672,191.90965270996094,822.5353393554688,440.32733154296875,473.7781066894531,410.51953125,116.37132263183594,117.9749526977539,174.77000427246094,268.8906555175781,65.5011978149414,106.22653198242188
2024-06-05,194.3667755126953,181.27999877929688,138.4803009033203,409.8500061035156,826.5601806640625,143.59080505371094,175.62811279296875,173.97215270996094,138.71121215820312,190.07884216308594,821.7152709960938,442.1984558105469,491.7264404296875,418.3536071777344,122.37094116210938,120.49027252197266,175.0,270.9436950683594,65.98310852050781,106.65080261230469
2024-06-06,192.98741149902344,185.0,137.3219757080078,411.0799865722656,834.8228759765625,144.47100830078125,176.8976593017578,175.2812957763672,139.13885498046875,189.74159240722656,827.178466796875,444.19830322265625,490.43524169921875,418.8567810058594,120.92975616455078,121.34510040283203,177.94000244140625,273.4508056640625,66.04212188720703,107.45218658447266
2024-06-07,195.37893676757812,184.3000030517578,137.84820556640625,413.7200012207031,837.735595703125,144.6099853515625,174.51719665527344,173.0299072265625,139.7660369873047,192.67088317871094,839.72509765625,445.2972106933594,489.6405944824219,418.19573974609375,120.81981658935547,123.72288513183594,177.47999572753906,275.0597229003906,64.79307556152344,106.30196380615234
2024-06-10,191.63784790039062,187.05999755859375,141.16348266601562,410.80999755859375,840.469970703125,145.22149658203125,175.3910675048828,173.7746124267578,139.81353759765625,192.34327697753906,854.5538940429688,444.7626037597656,499.2156677246094,422.162109375,121.72130584716797,122.32765197753906,173.7899932861328,271.4767150878906,65.8552474975586,106.61309051513672
2024-06-11,205.56019592285156,187.22999572753906,143.17831420898438,408.5,841.430908203125,144.9898681640625,176.94009399414062,175.3732452392578,139.46192932128906,187.28440856933594,855.3641357421875,444.5546875,504.05291748046875,426.907958984375,120.85174560546875,121.71847534179688,170.66000366210938,271.11151123046875,65.6290512084961,105.755126953125
2024-06-12,211.43478393554688,186.88999938964844,146.55731201171875,408.7699890136719,839.94482421875,142.88668823242188,178.3004913330078,176.5349884033203,138.17904663085938,184.5574188232422,856.8261108398438,438.5750732421875,505.41363525390625,435.1761474609375,125.13966369628906,137.93057250976562,177.2899932861328,266.81787109375,65.21597290039062,104.58604431152344
2024-06-13,212.59579467773438,183.8300018310547,164.53802490234375,405.9200134277344,838.112060546875,141.60809326171875,175.50027465820312,173.92355346679688,138.2170867919922,186.60989379882812,872.6625366210938,440.5550537109375,500.70556640625,435.689208984375,129.5475311279297,137.40982055664062,182.47000122070312,267.6766052246094,65.59954833984375,103.74693298339844
2024-06-14,210.85922241210938,183.66000366210938,170.0308074951172,405.5400085449219,847.7319946289062,141.35794067382812,177.11883544921875,175.5420379638672,138.30259704589844,186.72552490234375,867.8414916992188,440.1887512207031,501.26239013671875,436.6660461425781,131.81643676757812,135.71983337402344,178.00999450683594,267.15350341796875,65.91426849365234,102.87012481689453
2024-06-17,215.00714111328125,184.05999755859375,179.2259979248047,407.32000732421875,859.8583374023438,141.93235778808594,177.5259552001953,175.98887634277344,138.69219970703125,187.8818359375,874.322265625,443.63397216796875,503.7181701660156,442.3886413574219,130.91688537597656,138.84434509277344,187.44000244140625,267.6568603515625,66.30766296386719,102.16300964355469
2024-06-18,212.6453857421875,182.80999755859375,176.6437530517578,407.95001220703125,862.6720581054688,142.06211853027344,175.21229553222656,173.85403442382812,138.4071502685547,189.82830810546875,880.6943969726562,445.614013671875,496.6191711425781,440.38568115234375,135.5146484375,142.1162567138672,184.86000061035156,270.07513427734375,66.48470306396484,103.12467956542969
2024-06-20,208.07077026367188,186.10000610351562,169.98377990722656,409.1499938964844,854.439208984375,145.1288299560547,176.4635009765625,175.05552673339844,140.4312286376953,191.4375,875.2903442382812,447.99005126953125,498.8165283203125,439.7542724609375,130.7169647216797,140.4164276123047,181.57000732421875,273.233642578125,66.88793182373047,105.34971618652344
2024-06-21,205.89759826660156,189.0800018310547,162.5427703857422,409.6199951171875,840.4403076171875,143.86878967285156,178.99557495117188,178.3620147705078,141.3529815673828,189.1537628173828,873.2058715820312,450.3066711425781,491.9363098144531,443.7798156738281,126.50900268554688,139.03103637695312,183.00999450683594,271.6544189453125,66.78958892822266,104.42576599121094
2024-06-24,206.5426025390625,185.57000732421875,156.5291748046875,413.9800109863281,840.2915649414062,147.6026153564453,179.5218505859375,177.9549102783203,141.70457458496094,191.63986206054688,879.360595703125,452.39556884765625,496.04254150390625,441.697998046875,118.05306243896484,137.4490966796875,182.5800018310547,272.72039794921875,67.76324462890625,107.52761840820312
2024-06-25,207.46548461914062,186.33999633789062,155.40647888183594,410.9700012207031,847.5734252929688,146.81507873535156,184.2782745361328,182.73092651367188,139.87054443359375,190.85934448242188,893.6854858398438,451.0986328125,507.66534423828125,444.9342041015625,126.02922821044922,136.74166870117188,187.35000610351562,269.9862976074219,66.30766296386719,107.82930755615234
2024-06-26,211.61337280273438,193.61000061035156,156.50852966308594,410.260009765625,848.89111328125,144.48953247070312,184.06973266601562,182.58200073242188,139.51898193359375,190.24264526367188,890.3760375976562,447.861328125,510.17083740234375,446.1280822753906,126.33908081054688,135.8180694580078,196.3699951171875,270.055419921875,67.16331481933594,107.86702728271484
2024-06-27,212.45684814453125,197.85000610351562,155.98358154296875,407.95001220703125,842.7288208007812,144.83236694335938,185.54928588867188,184.10121154785156,138.54969787597656,191.91928100585938,898.0620727539062,438.3275451660156,516.5739135742188,446.80889892578125,123.93024444580078,137.7340545654297,197.4199981689453,263.1361999511719,66.76007843017578,108.3290023803711
2024-06-28,209.00355529785156,193.25,157.8386688232422,406.79998779296875,842.1046142578125,144.9250030517578,182.13343811035156,180.86422729492188,138.8917999267578,194.8968048095703,894.4462890625,436.75341796875,501.3220520019531,440.987548828125,123.48046875,138.7362518310547,197.8800048828125,259.069580078125,66.59288024902344,108.53641510009766
2024-07-01,215.08653259277344,197.1999969482422,161.30604553222656,405.19000244140625,837.8247680664062,145.01763916015625,183.19589233398438,181.6982879638672,139.15786743164062,197.970703125,903.32763671875,433.2388610839844,501.7793273925781,450.6371154785156,124.24009704589844,140.59329223632812,209.86000061035156,259.8296203613281,66.36668395996094,108.38556671142578
2024-07-02,218.57949829101562,200.0,162.9458465576172,407.1000061035156,851.3876953125,145.2307586669922,185.30104064941406,183.9324188232422,138.7682342529297,201.22764587402344,895.76025390625,440.2085266113281,506.5716552734375,453.153076171875,122.61087799072266,140.7799835205078,231.25999450683594,264.75494384765625,66.94694519042969,107.65017700195312
2024-07-03,219.8496856689453,197.58999633789062,169.99855041503906,405.7699890136719,854.6571044921875,145.19371032714844,186.0755615234375,184.50831604003906,138.4451446533203,201.09274291992188,887.2540893554688,443.70330810546875,507.0290222167969,454.6231689453125,128.21817016601562,141.8607940673828,246.38999938964844,265.5050964355469,67.11414337158203,108.19700622558594
2024-07-05,224.60289001464844,200.0,167.4513702392578,411.1700134277344,877.45361328125,142.97006225585938,190.61354064941406,189.25457763671875,139.1958465576172,198.4281463623047,903.5252685546875,445.0002136230469,536.806884765625,461.3226013183594,125.76936340332031,142.30291748046875,251.52000427246094,266.8573303222656,68.88443756103516,106.8864974975586
2024-07-08,226.07156372070312,199.2899932861328,171.63441467285156,409.0799865722656,872.6685180664062,142.9886016845703,189.14389038085938,187.69564819335938,138.24559020996094,198.7963409423828,906.9138793945312,441.7826843261719,526.2777709960938,460.020263671875,128.13819885253906,142.4994354248047,252.94000244140625,262.94866943359375,68.53038787841797,105.76454162597656
2024-07-09,226.92494201660156,199.33999633789062,170.400634765625,410.5199890136719,878.6227416992188,141.73779296875,189.1041717529297,187.64599609375,139.7375030517578,201.17994689941406,921.2387084960938,440.91021728515625,526.9539184570312,453.4096374511719,131.3166961669922,138.22531127929688,262.3299865722656,262.0010986328125,68.74674987792969,104.59547424316406
2024-07-10,231.1919403076172,199.7899932861328,171.51937866210938,413.7900085449219,876.106201171875,143.7298126220703,191.30860900878906,189.83045959472656,141.9991455078125,201.3446502685547,928.4307861328125,429.9444274902344,531.616943359375,460.03009033203125,134.84500122070312,139.59107971191406,263.260009765625,259.5926513671875,69.24834442138672,105.51942443847656
2024-07-11,225.82347106933594,195.0500030517578,167.7108917236328,418.7799987792969,838.7362060546875,143.8502197265625,185.98622131347656,184.2600860595703,142.2557373046875,201.0055389404297,922.8589477539062,432.7007141113281,509.7532958984375,448.63421630859375,127.33860778808594,140.6650848388672,241.02999877929688,259.1485290527344,68.64839935302734,106.77336120605469
2024-07-12,228.7706756591797,194.49000549316406,167.1918182373047,424.44000244140625,835.0805053710938,144.15599060058594,185.4698486328125,183.7635955810547,142.4268035888672,198.573486328125,936.94677734375,436.3592834472656,496.0028076171875,447.49951171875,129.17771911621094,142.6455841064453,248.22999572753906,262.29718017578125,68.0976333618164,106.7922134399414
2024-07-15,232.60107421875,192.72000122070312,168.5219268798828,434.4200134277344,840.8563232421875,146.4259490966797,186.86997985839844,185.21328735351562,141.81861877441406,203.5247802734375,938.9818725585938,440.2161560058594,493.3083801269531,447.9040832519531,128.3780975341797,140.97055053710938,252.63999938964844,264.97210693359375,68.46153259277344,108.62127685546875
2024-07-16,233.01785278320312,193.02000427246094,166.51644897460938,438.8999938964844,842.8773803710938,146.17576599121094,184.19883728027344,182.62173461914062,143.50059509277344,206.9838409423828,930.2288208007812,439.7500915527344,486.9750061035156,443.5232849121094,126.29910278320312,140.5172882080078,256.55999755859375,265.76171875,68.83527374267578,109.40380859375
2024-07-17,227.12342834472656,187.92999267578125,153.3429718017578,445.6099853515625,838.4291381835938,149.38153076171875,181.3390350341797,179.74220275878906,148.7936248779297,210.1328887939453,894.6536865234375,447.3150939941406,459.334716796875,437.60333251953125,117.9331283569336,137.21644592285156,248.5,269.16705322265625,69.85810089111328,110.91228485107422
2024-07-18,222.45948791503906,183.75,157.8062286376953,441.82000732421875,831.5831909179688,150.06715393066406,177.96287536621094,176.4357147216797,147.6912841796875,203.45692443847656,838.6483764648438,444.89593505859375,473.1151123046875,434.4953918457031,121.03163146972656,136.00448608398438,249.22999572753906,265.66302490234375,69.65157318115234,112.00597381591797
2024-07-19,222.5885009765625,183.1300048828125,154.68980407714844,434.4700012207031,830.3546142578125,147.4543914794922,178.13168334960938,176.40589904785156,146.9976043701172,203.26315307617188,847.11474609375,439.90875244140625,474.0496520996094,431.2789001464844,117.8731689453125,136.52670288085938,239.1999969482422,262.02081298828125,69.58273315429688,109.43209075927734
2024-07-22,222.24119567871094,182.5500030517578,158.3370819091797,435.9800109863281,839.5585327148438,145.45310974121094,182.0639190673828,180.38760375976562,146.5699920654297,203.74761962890625,855.51220703125,444.12255859375,484.59869384765625,437.0310974121094,123.48046875,138.1130828857422,251.50999450683594,264.2416687011719,69.21882629394531,108.6778335571289
2024-07-23,223.28314208984375,186.41000366210938,161.00128173828125,434.010009765625,844.2049560546875,142.76622009277344,182.31214904785156,180.50674438476562,144.77395629882812,203.79605102539062,867.683349609375,437.95556640625,485.8812561035156,438.9156188964844,122.53092193603516,141.00994873046875,246.3800048828125,261.35955810546875,69.48438262939453,106.92420959472656
2024-07-24,216.86276245117188,180.8300018310547,148.78143310546875,432.79998779296875,823.1124267578125,143.67422485351562,173.14691162109375,171.41140747070312,148.50856018066406,202.110107421875,849.4957275390625,428.7645568847656,458.61883544921875,423.17840576171875,114.1949462890625,136.733642578125,215.99000549316406,250.87709045410156,69.43518829345703,108.43270111083984
2024-07-25,215.82086181640625,179.85000610351562,146.736572265625,433.2900085449219,808.3804321289062,145.96270751953125,167.9734649658203,166.0991973876953,151.70143127441406,202.18763732910156,811.2728881835938,425.9388732910156,450.8040771484375,412.8184814453125,112.22589111328125,135.7975616455078,220.25,250.45269775390625,68.86477661132812,110.71430206298828
2024-07-26,216.28724670410156,182.5,149.06654357910156,437.6600036621094,811.168212890625,146.2406463623047,167.49679565429688,165.8211669921875,152.65170288085938,205.64674377441406,794.903076171875,434.4457092285156,463.0234069824219,419.5967712402344,113.00550842285156,136.97010803222656,219.8000030517578,256.09857177734375,68.62872314453125,110.62003326416016
2024-07-29,216.56509399414062,183.1999969482422,147.6803741455078,438.30999755859375,809.1443481445312,145.09178161621094,169.92962646484375,168.3332977294922,150.67515563964844,204.29991149902344,798.0347900390625,437.5391540527344,463.0333251953125,421.03729248046875,111.53621673583984,136.2803955078125,232.10000610351562,258.21087646484375,68.47137451171875,109.46037292480469
2024-07-30,217.12078857421875,181.7100067138672,141.09364318847656,441.260009765625,803.6578979492188,147.843505859375,170.65451049804688,169.0879364013672,153.30740356445312,208.5050811767578,780.6671752929688,443.6367492675781,460.5278625488281,417.2781982421875,103.68000793457031,133.67913818359375,222.6199951171875,259.69146728515625,68.04846954345703,111.41199493408203
2024-07-31,220.3756103515625,186.97999572753906,157.96351623535156,438.5,815.53369140625,148.67738342285156,171.93545532226562,170.32908630371094,150.0004425048828,206.1893310546875,794.5573120117188,459.7581481933594,472.1009216308594,412.7691345214844,116.96359252929688,137.40365600585938,232.07000732421875,262.2281188964844,67.50753784179688,111.80796813964844
2024-08-01,216.68417358398438,184.07000732421875,144.5344696044922,431.80999755859375,810.4638671875,141.40423583984375,171.24037170410156,169.55459594726562,152.76573181152344,201.4996795654297,822.3871459960938,458.46923828125,494.8792724609375,411.54559326171875,109.1573715209961,135.49212646484375,216.86000061035156,262.4847412109375,68.63856506347656,110.26174926757812
2024-08-02,218.17263793945312,167.89999389648438,141.38856506347656,428.3599853515625,815.6130981445312,137.63336181640625,167.21878051757812,165.4835662841797,155.9776611328125,192.9536895751953,794.7449951171875,458.08251953125,485.3344421386719,403.0406799316406,107.21829223632812,131.32418823242188,207.6699981689453,263.1263427734375,67.33051300048828,110.19576263427734
2024-08-05,207.66395568847656,161.02000427246094,139.67796325683594,413.7200012207031,795.5223388671875,134.0292205810547,159.51319885253906,158.1258544921875,153.23138427734375,188.8453826904297,765.8976440429688,438.2331848144531,472.99578857421875,389.878662109375,100.4015884399414,125.98372650146484,198.8800048828125,253.11770629882812,66.47486877441406,108.20643615722656
2024-08-06,205.63955688476562,161.92999267578125,141.4868927001953,422.1400146484375,810.4539184570312,132.7042999267578,159.41390991210938,157.17262268066406,151.0647735595703,194.1164093017578,783.6011962890625,444.4794616699219,491.2502136230469,394.27911376953125,104.19975280761719,126.32859802246094,200.63999938964844,254.91412353515625,66.62239074707031,107.6313247680664
2024-08-07,208.20970153808594,162.77000427246094,133.9661865234375,427.0199890136719,803.9256591796875,131.94456481933594,159.62245178222656,157.81805419921875,150.99822998046875,194.17453002929688,762.8153686523438,446.0063781738281,486.1099548339844,393.11480712890625,98.86234283447266,124.052490234375,191.75999450683594,253.19664001464844,65.80607604980469,109.06439208984375
2024-08-08,211.6729278564453,165.8000030517578,143.27610778808594,431.5400085449219,832.8265380859375,133.87171936035156,162.69078063964844,160.88621520996094,152.25262451171875,197.72084045410156,835.1016845703125,451.69744873046875,506.700927734375,397.31805419921875,104.91941833496094,127.0676040649414,198.83999633789062,256.4637756347656,66.54370880126953,111.14800262451172
2024-08-09,214.5804443359375,166.94000244140625,145.7534942626953,431.6700134277344,848.2046508789062,134.33497619628906,164.22988891601562,162.5146484375,152.63270568847656,199.4067840576172,880.9117431640625,452.88720703125,514.7942504882812,400.6035461425781,104.69951629638672,130.12213134765625,200.0,256.90887451171875,66.82892608642578,112.0531005859375
2024-08-12,216.1103973388672,166.8000030517578,146.107421875,430.3900146484375,856.7766723632812,134.36276245117188,162.7999725341797,161.14437866210938,151.92950439453125,199.78466796875,873.699951171875,451.8065490722656,512.984619140625,401.383056640625,108.96745300292969,130.63449096679688,197.49000549316406,257.03741455078125,67.5665512084961,112.19452667236328
2024-08-13,219.8259735107422,170.22999572753906,153.51995849609375,432.4100036621094,858.016845703125,133.5566864013672,164.76609802246094,163.001220703125,150.5135955810547,201.4803009033203,897.0839233398438,455.4452209472656,525.5021362304688,408.48699951171875,116.08402252197266,132.28981018066406,207.8300018310547,257.2747802734375,67.0059585571289,111.11971282958984
2024-08-14,220.2730712890625,170.10000610351562,155.0240478515625,438.4700012207031,855.9234008789062,134.03846740722656,160.89344787597656,159.2379608154297,150.59913635253906,203.70887756347656,920.4286499023438,456.2384338378906,523.7324829101562,411.29901123046875,118.02310943603516,133.6101531982422,201.3800048828125,258.273681640625,67.52720642089844,112.14737701416016
2024-08-15,223.25344848632812,177.58999633789062,163.32138061523438,440.8399963378906,870.4482421875,136.01194763183594,162.0254669189453,160.161376953125,151.17880249023438,204.9781494140625,921.6157836914062,464.7155456542969,534.2418212890625,416.1620788574219,122.80078887939453,134.92062377929688,214.13999938964844,263.87152099609375,71.97264862060547,112.84117889404297
2024-08-16,224.5747833251953,177.05999755859375,162.91831970214844,444.510009765625,863.7415161132812,136.44741821289062,163.58444213867188,161.80967712402344,151.4638671875,207.32298278808594,912.257080078125,464.8840637207031,524.3886108398438,413.6316833496094,124.51995849609375,135.45272827148438,216.1199951171875,264.4452209472656,72.444091796875,112.30895233154297
2024-08-19,224.41583251953125,178.22000122070312,164.8746795654297,448.7699890136719,865.487548828125,137.56231689453125,167.21878051757812,165.49346923828125,151.69195556640625,208.75698852539062,911.9503173828125,463.0003356933594,526.238037109375,416.65631103515625,129.93736267089844,135.8961181640625,222.72000122070312,263.5451965332031,72.71038818359375,112.6511001586914
2024-08-20,225.03176879882812,178.8800048828125,163.14442443847656,448.3599853515625,869.3073120117188,135.55738830566406,167.77484130859375,165.9998779296875,152.19557189941406,207.85589599609375,939.8091430664062,465.1221008300781,523.7025756835938,419.88848876953125,127.18868255615234,137.1277618408203,221.10000610351562,265.09796142578125,73.51917266845703,108.89701843261719
2024-08-21,224.92250061035156,180.11000061035156,162.97731018066406,446.6000061035156,874.4862670898438,136.1476287841797,166.45420837402344,164.6792755126953,153.4024200439453,207.9334259033203,941.7876586914062,464.0115966796875,532.0841674804688,419.23614501953125,128.4380645751953,138.1426544189453,223.27000427246094,265.2562255859375,74.20956420898438,108.20320892333984
2024-08-22,223.06472778320312,176.1300048828125,159.59544372558594,449.0299987792969,870.6566772460938,136.53173828125,164.32920837402344,162.6437530517578,154.27670288085938,209.90032958984375,943.9641723632812,464.8246154785156,528.8727416992188,410.74542236328125,123.68035888671875,136.05374145507812,210.66000366210938,264.9990539550781,74.544921875,109.0395736694336
2024-08-23,225.35963439941406,177.0399932861328,163.54750061035156,453.3800048828125,872.2935791015625,138.30242919921875,166.25558471679688,164.45089721679688,155.9681396484375,211.52816772460938,942.5494995117188,462.46490478515625,524.9653930664062,411.9710998535156,129.30763244628906,137.1474609375,220.32000732421875,264.5045471191406,74.66326904296875,110.55070495605469
2024-08-26,225.69740295410156,175.5,156.92144775390625,454.489990234375,885.4890747070312,139.1269073486328,166.75205993652344,164.98707580566406,156.4242706298828,212.36143493652344,940.3630981445312,464.64617919921875,518.1249389648438,408.70928955078125,126.39905548095703,136.86170959472656,213.2100067138672,265.2660217285156,74.98876190185547,112.91720581054688
2024-08-27,226.54185485839844,173.1199951171875,158.66151428222656,460.6300048828125,901.7501220703125,137.6747283935547,165.2129669189453,163.5175323486328,156.0221405029297,213.34005737304688,944.2708740234375,470.9420166015625,516.116455078125,409.05523681640625,128.23817443847656,136.44790649414062,209.2100067138672,267.74853515625,75.08738708496094,111.84325408935547
2024-08-28,225.0119171142578,170.8000030517578,155.5057830810547,464.5899963378906,881.0641479492188,136.78469848632812,163.3461456298828,161.70046997070312,156.95089721679688,214.4155731201172,938.7901611328125,467.77923583984375,513.809814453125,405.8526916503906,125.54946899414062,135.85670471191406,205.75,266.23529052734375,75.03807067871094,110.74079132080078
2024-08-29,228.29037475585938,172.1199951171875,154.27691650390625,468.3699951171875,879.6553955078125,138.1150665283203,162.2538299560547,160.63800048828125,157.24774169921875,215.3070068359375,930.1436157226562,476.7025451660156,515.2415161132812,408.34356689453125,117.5333251953125,137.37408447265625,206.27999877929688,271.30902099609375,75.3734130859375,112.27093505859375
2024-08-30,227.5055389404297,178.5,160.0673370361328,475.9200134277344,885.360107421875,138.61160278320312,163.95187377929688,162.22669982910156,158.80844116210938,217.81655883789062,949.7515869140625,479.22088623046875,518.3138427734375,412.3171081542969,119.3124771118164,139.2166290283203,214.11000061035156,273.3365173339844,76.17232513427734,112.09036254882812
2024-09-03,221.31619262695312,176.25,150.20692443847656,476.8299865722656,871.6586303710938,135.52926635742188,157.49746704101562,156.24920654296875,160.0531768798828,213.4563446044922,946.2990112304688,478.0112609863281,508.8187255859375,404.7061462402344,107.94795227050781,137.45291137695312,210.60000610351562,275.4826965332031,76.11315155029297,109.74286651611328
2024-09-04,219.40872192382812,173.3300018310547,151.514404296875,478.57000732421875,883.0186157226562,133.10275268554688,156.7030487060547,155.34564208984375,160.24465942382812,212.5164794921875,936.188232421875,479.0225830078125,509.79302978515625,404.17236328125,106.15882110595703,138.6845703125,219.41000366210938,277.4112548828125,76.18217468261719,108.40279388427734
2024-09-05,220.92874145507812,177.88999938964844,150.23641967773438,464.9200134277344,879.0103759765625,132.03469848632812,157.4875030517578,156.1300506591797,157.9754180908203,210.86927795410156,902.9872436523438,473.2918395996094,513.8893432617188,403.66827392578125,107.15834045410156,140.5172882080078,230.1699981689453,275.56182861328125,75.9060287475586,107.55695343017578
2024-09-06,219.37893676757812,171.38999938964844,134.68386840820312,459.4200134277344,869.7835693359375,129.8142852783203,151.0629119873047,149.85467529296875,157.391357421875,205.85989379882812,893.0546875,472.06243896484375,497.3947448730469,397.0556335449219,102.78044891357422,139.72900390625,210.72999572753906,276.3035888671875,75.59040832519531,107.05323028564453
2024-09-09,219.4683380126953,175.39999389648438,138.43927001953125,459.6099853515625,889.4376831054688,131.44447326660156,148.68653869628906,147.85621643066406,159.5265655517578,210.0747528076172,898.5551147460938,482.93890380859375,501.88873291015625,401.02911376953125,106.41868591308594,137.8372039794922,216.27000427246094,282.4750671386719,76.28082275390625,109.3056869506836
2024-09-10,218.6735382080078,179.5500030517578,145.70433044433594,458.9200134277344,887.2549438476562,129.505126953125,149.15383911132812,147.80648803710938,160.26380920410156,199.1742401123047,891.6101684570312,483.8609619140625,501.88873291015625,409.41107177734375,108.04789733886719,153.6024169921875,226.1699981689453,282.2080078125,77.73068237304688,105.3235092163086
2024-09-11,221.2069091796875,184.52000427246094,155.59426879882812,453.1000061035156,893.31689453125,129.17723083496094,151.28163146972656,150.2921600341797,157.8126678466797,200.7923583984375,911.0402221679688,484.0196228027344,508.88824462890625,418.1488952636719,116.8536605834961,154.87347412109375,228.1300048828125,280.8431701660156,77.76026916503906,104.27806091308594
2024-09-12,221.31619262695312,187.0,161.77792358398438,450.8699951171875,907.8318481445312,130.4232940673828,154.65228271484375,153.80186462402344,157.6403045654297,200.18194580078125,925.01904296875,487.9161071777344,522.5791015625,422.0630798339844,119.0927734375,159.0118408203125,229.80999755859375,282.23773193359375,78.56904602050781,105.71316528320312
2024-09-13,221.04794311523438,186.49000549316406,164.85501098632812,447.6099853515625,908.794189453125,131.7349090576172,157.4661407470703,156.5559539794922,158.48287963867188,197.97276306152344,913.8300170898438,489.1554870605469,521.6047973632812,425.6115417480469,119.05277252197266,159.6522979736328,230.2899932861328,284.19598388671875,79.49617004394531,105.63713836669922
2024-09-16,214.90829467773438,184.88999938964844,161.24703979492188,451.7799987792969,900.7282104492188,133.12149047851562,158.08262634277344,157.15249633789062,159.89041137695312,201.4027862548828,913.661865234375,493.4683837890625,530.7207641601562,426.3529052734375,116.73369598388672,167.83050537109375,226.77999877929688,287.2916564941406,79.45671844482422,107.1197509765625
2024-09-17,215.37521362304688,186.8800048828125,159.72325134277344,456.67999267578125,890.2116088867188,134.358154296875,159.36521911621094,158.40530395507812,159.96697998046875,202.74960327148438,896.4874267578125,496.720458984375,533.7462768554688,430.1188659667969,115.54417419433594,165.01248168945312,227.8699951171875,288.3597717285156,77.52355194091797,108.516845703125
2024-09-18,219.24978637695312,186.42999267578125,158.93675231933594,456.6000061035156,885.4989624023438,134.8734588623047,159.8922119140625,158.89247131347656,159.0861053466797,201.08303833007812,895.2904052734375,490.5435485839844,535.3684692382812,425.82904052734375,113.3250503540039,162.11563110351562,227.1999969482422,285.3135681152344,77.94766998291016,108.89701843261719
2024-09-19,227.3763885498047,189.8699951171875,165.1309051513672,459.7099914550781,893.654296875,135.8384552001953,162.30833435058594,161.20907592773438,157.8126678466797,203.94140625,905.2527465820312,488.8084716796875,556.4168701171875,433.617919921875,117.8232650756836,165.13070678710938,243.9199981689453,282.109130859375,76.97122192382812,110.24658203125
2024-09-20,226.71075439453125,191.60000610351562,168.76058959960938,455.30999755859375,899.84521484375,136.48489379882812,163.70034790039062,162.65077209472656,157.1807098388672,204.53244018554688,911.6337890625,488.540771484375,558.6560668945312,430.2374572753906,115.95401763916016,165.53469848632812,238.25,281.6443176269531,77.97725677490234,109.55278015136719
2024-09-23,224.9920654296875,193.8800048828125,170.57542419433594,454.9800109863281,909.86572265625,138.2274932861328,162.1393280029297,160.92076110839844,156.28067016601562,204.87158203125,908.6954956054688,492.90325927734375,561.701416015625,428.497802734375,116.21392059326172,163.51478576660156,250.0,285.4619445800781,79.2298583984375,111.53912353515625
2024-09-24,225.88616943359375,193.9600067138672,172.449462890625,454.55999755859375,894.447998046875,138.14317321777344,162.7060546875,161.35821533203125,155.85935974121094,205.01690673828125,914.5423583984375,483.2562255859375,560.626708984375,424.2080078125,120.82208251953125,163.3669891357422,254.27000427246094,269.7859191894531,79.56520080566406,111.2445068359375
2024-09-25,224.89268493652344,192.52999877929688,173.12017822265625,452.3599853515625,901.2738037109375,134.8828125,162.05978393554688,160.5628204345703,153.77206420898438,203.66041564941406,914.6709594726562,485.27880859375,565.5827026367188,427.1139831542969,123.4610366821289,163.83993530273438,257.0199890136719,266.6705017089844,80.28521728515625,109.07758331298828
2024-09-26,226.0352020263672,191.16000366210938,175.655029296875,454.17999267578125,894.3487548828125,133.02780151367188,162.8949737548828,161.79571533203125,154.5284881591797,203.26315307617188,899.5939331054688,487.08331298828125,565.1150512695312,426.3232421875,123.9908218383789,165.63323974609375,254.22000122070312,268.7078857421875,78.82547760009766,107.20529174804688
2024-09-27,226.30343627929688,187.97000122070312,170.328857421875,457.4700012207031,878.6531982421875,136.30690002441406,164.3466339111328,163.00869750976562,154.53805541992188,203.96075439453125,868.4011840820312,489.43310546875,564.6372680664062,423.0712890625,121.35187530517578,166.26385498046875,260.4599914550781,272.1496887207031,78.68739318847656,110.07551574707031
2024-09-30,231.47946166992188,186.3300018310547,170.14144897460938,460.260009765625,879.546142578125,137.9745330810547,166.2357940673828,164.89779663085938,155.16998291015625,204.30958557128906,876.4640502929688,489.5917053222656,569.6929321289062,425.3249206542969,121.39186096191406,167.89947509765625,261.6300048828125,271.93206787109375,79.64411926269531,111.40606689453125
2024-10-01,224.73374938964844,185.1300048828125,165.18023681640625,457.4100036621094,870.47802734375,140.25115966796875,167.45880126953125,166.03126525878906,155.1029815673828,200.60826110839844,875.0195922851562,492.1497497558594,573.7034301757812,415.8260498046875,116.95360565185547,164.70701599121094,258.0199890136719,274.55303955078125,80.15699005126953,113.98165130615234
2024-10-02,225.30003356933594,184.75999450683594,168.3266143798828,456.6700134277344,871.6190185546875,141.42227172851562,166.35511779785156,164.90774536132812,154.3178253173828,200.85049438476562,881.5391845703125,491.3466491699219,570.06103515625,412.30718994140625,118.80288696289062,165.24896240234375,249.02000427246094,273.9596252441406,79.32849884033203,115.49279022216797
2024-10-03,224.19725036621094,181.9600067138672,169.53981018066406,452.9599914550781,868.781494140625,141.7033233642578,166.2556915283203,164.90774536132812,153.6763153076172,198.8544921875,876.0781860351562,490.75177001953125,579.9733276367188,411.72406005859375,122.80130004882812,164.4114227294922,240.66000366210938,273.8211364746094,79.32849884033203,116.50021362304688
2024-10-04,225.31988525390625,186.50999450683594,174.224853515625,461.9700012207031,876.1629638671875,141.2255401611328,167.5979766845703,166.100830078125,153.47523498535156,205.9125518798828,877.6708984375,493.4585266113281,593.080078125,411.2495422363281,124.87047576904297,168.35272216796875,250.0800018310547,274.8793640136719,79.83151245117188,118.63863372802734
2024-10-07,220.2432403564453,180.8000030517578,172.68618774414062,453.5,866.7178955078125,141.5814971923828,163.45179748535156,162.04428100585938,152.74754333496094,205.62985229492188,888.7907104492188,487.11297607421875,581.9737548828125,404.80499267578125,127.66936492919922,167.47579956054688,240.8300018310547,270.7848205566406,78.01670837402344,119.15184020996094
2024-10-08,224.29661560058594,182.72000122070312,178.25892639160156,453.79998779296875,883.4154052734375,139.3611297607422,164.75428771972656,163.43621826171875,152.90077209472656,205.45437622070312,903.9469604492188,492.82391357421875,590.0447998046875,409.9151916503906,132.83731079101562,171.81121826171875,244.5,271.9420166015625,78.61835479736328,115.98700714111328
2024-10-09,228.0419921875,185.1699981689453,183.40756225585938,455.8999938964844,901.948486328125,140.20428466796875,162.12937927246094,160.93069458007812,153.81993103027344,208.05728149414062,909.9024658203125,496.3484191894531,587.6761474609375,412.63336181640625,132.59742736816406,175.67369079589844,241.0500030517578,273.89031982421875,79.29890441894531,116.0345230102539
2024-10-10,227.54527282714844,186.64999389648438,183.15110778808594,454.92999267578125,886.6002197265625,141.11306762695312,162.24868774414062,161.14944458007812,153.68588256835938,207.49185180664062,900.9492797851562,494.4322509765625,581.0282592773438,411.0321044921875,134.75656127929688,173.224609375,238.77000427246094,274.4244384765625,78.51973724365234,117.0324478149414
2024-10-11,226.06500244140625,188.82000732421875,178.99868774414062,460.2099914550781,882.0364379882812,141.86257934570312,163.5810546875,162.3027801513672,154.5955047607422,216.7043914794922,922.0907592773438,498.6417541503906,587.1189575195312,411.5065612792969,134.74656677246094,173.58009338378906,217.8000030517578,274.79034423828125,79.00301361083984,117.47914123535156
2024-10-14,229.79052734375,187.5399932861328,179.8173370361328,459.9800109863281,882.7606201171875,142.1998748779297,165.40061950683594,164.01290893554688,154.72955322265625,215.91473388671875,919.5679931640625,503.0100402832031,587.5866088867188,414.2939453125,138.01527404785156,173.92575073242188,219.16000366210938,277.5992126464844,79.19042205810547,117.92582702636719
2024-10-15,232.32391357421875,187.69000244140625,173.57388305664062,462.67999267578125,887.5724487304688,138.40550231933594,165.9474334716797,164.5100555419922,157.1232452392578,216.8018798828125,903.5510864257812,503.575927734375,583.45654296875,413.8985595703125,131.54783630371094,171.92105102539062,219.57000732421875,276.2245178222656,80.53178405761719,114.38082122802734
2024-10-16,230.2673797607422,186.88999938964844,174.4023895263672,465.69000244140625,880.3994140625,139.34239196777344,165.78839111328125,164.21176147460938,157.29562377929688,218.02049255371094,906.617919921875,510.3666687011719,574.0220336914062,411.3088684082031,135.6662139892578,172.5925750732422,221.3300018310547,284.3641357421875,80.10767364501953,114.67545318603516
2024-10-17,230.6349639892578,187.52999877929688,179.04798889160156,465.8500061035156,878.3258056640625,141.65647888183594,163.5710906982422,161.99456787109375,157.47755432128906,218.78086853027344,907.3104858398438,510.0588684082031,574.161376953125,411.9019470214844,136.87571716308594,173.49122619628906,220.88999938964844,287.20263671875,79.7822036743164,114.38082122802734
2024-10-18,233.4663848876953,188.99000549316406,177.43040466308594,464.79998779296875,882.5623168945312,141.23487854003906,164.10801696777344,162.48175048828125,158.0998992919922,219.70700073242188,908.1513671875,512.6203002929688,573.7034301757812,413.3252868652344,137.94529724121094,172.51358032226562,220.6999969482422,287.43011474609375,80.19644165039062,114.05768585205078
2024-10-21,234.93670654296875,189.07000732421875,177.529052734375,464.1600036621094,879.794189453125,141.356689453125,164.85374450683594,163.12803649902344,155.90725708007812,217.3965606689453,896.4380493164062,511.29986572265625,572.3998413085938,413.9381408691406,143.6530303955078,171.59515380859375,218.85000610351562,283.70147705078125,79.70329284667969,114.12422943115234
2024-10-22,234.3207550048828,189.6999969482422,176.92739868164062,461.45001220703125,886.4613037109375,141.39414978027344,165.86793518066406,164.19187927246094,156.50088500976562,218.48841857910156,899.4257202148438,509.32421875,579.2169799804688,422.56719970703125,143.5330810546875,173.12582397460938,217.97000122070312,281.66412353515625,80.89672088623047,114.71347045898438
2024-10-23,229.25405883789062,184.7100067138672,171.13763427734375,460.6099853515625,892.0966186523438,140.98191833496094,163.541259765625,161.84542846679688,158.80844116210938,217.7962646484375,893.5888671875,510.02911376953125,560.9849243164062,419.69085693359375,139.50466918945312,170.94338989257812,213.64999389648438,280.64544677734375,82.12960052490234,114.30479431152344
2024-10-24,229.06529235839844,186.3800048828125,169.00718688964844,457.7699890136719,886.391845703125,140.95382690429688,163.5909881591797,161.7857666015625,156.71153259277344,219.32681274414062,881.7864990234375,506.9414978027344,565.0552368164062,419.8193359375,140.35433959960938,172.20742797851562,260.4800109863281,280.111328125,81.90274810791016,113.65852355957031
2024-10-25,229.89981079101562,187.8300018310547,170.63462829589844,454.010009765625,884.2091064453125,141.2910919189453,166.0369415283203,164.32113647460938,154.0401611328125,216.72390747070312,883.1516723632812,503.7049560546875,570.4989624023438,423.19976806640625,141.48388671875,171.35813903808594,269.19000244140625,278.6376953125,81.38001251220703,113.56348419189453
2024-10-28,231.87680053710938,188.38999938964844,169.66802978515625,458.489990234375,883.951171875,141.0381317138672,167.3792266845703,165.76280212402344,154.72955322265625,219.83375549316406,886.0108032226562,504.5488586425781,575.385498046875,421.6578369140625,140.46429443359375,170.27183532714844,262.510009765625,281.0707092285156,81.6167221069336,113.00274658203125
2024-10-29,232.1450653076172,190.8300018310547,176.789306640625,454.6199951171875,880.012451171875,139.14564514160156,170.1632537841797,168.70582580566406,153.28375244140625,217.299072265625,893.915283203125,502.63275146484375,590.4329223632812,426.9559020996094,141.19400024414062,171.26925659179688,259.5199890136719,278.78607177734375,80.58110809326172,111.46308135986328
2024-10-30,228.59835815429688,192.72999572753906,174.224853515625,454.9599914550781,872.1746826171875,138.70530700683594,175.1347198486328,173.45835876464844,153.78163146972656,218.77113342285156,837.7723388671875,509.9893798828125,588.9599609375,427.5291748046875,139.28475952148438,172.38519287109375,257.54998779296875,286.9751892089844,80.27534484863281,110.90235137939453
2024-10-31,224.43569946289062,186.39999389648438,167.4487762451172,450.9200134277344,867.3031616210938,139.4267120361328,171.70440673828125,170.12759399414062,153.0635223388672,216.3437042236328,820.8651123046875,495.9909362792969,564.856201171875,401.65185546875,132.70736694335938,165.74888610839844,249.85000610351562,286.6685485839844,80.82768249511719,110.98789978027344
2024-11-01,221.4552764892578,197.92999267578125,166.6104278564453,452.1400146484375,871.565185546875,143.40843200683594,171.6646270751953,170.30653381347656,153.3220672607422,217.3380584716797,810.1707763671875,504.4197692871094,564.4381713867188,405.6253356933594,135.34632873535156,167.90174865722656,248.97999572753906,287.5487976074219,81.06439971923828,109.24864959716797
2024-11-04,220.56114196777344,195.77999877929688,166.24546813964844,442.2900085449219,880.267822265625,144.2516326904297,169.70590209960938,168.268310546875,151.5124053955078,214.25746154785156,797.5175170898438,501.9377746582031,557.9893798828125,403.7373962402344,135.99607849121094,167.4770965576172,242.83999633789062,288.6465759277344,81.3208236694336,112.72712707519531
2024-11-05,221.9917449951172,199.5,171.52232360839844,445.05999755859375,884.3410034179688,143.7269744873047,170.4317169189453,168.7654571533203,151.61773681640625,215.92449951171875,797.4384155273438,501.9179382324219,569.6829223632812,406.7027587890625,139.8545379638672,169.63983154296875,251.44000244140625,290.0707702636719,82.53398895263672,113.05976867675781
2024-11-06,221.26651000976562,207.08999633789062,177.09506225585938,468.8999938964844,893.3615112304688,147.7649383544922,177.31222534179688,175.49659729003906,151.16770935058594,240.85198974609375,768.0758666992188,517.3757934570312,569.3046875,415.32196044921875,145.55227661132812,178.98196411132812,288.5299987792969,304.0259094238281,82.29727172851562,114.99858856201172
2024-11-07,225.99545288085938,210.0500030517578,181.29681396484375,460.1300048828125,907.9453125,146.87489318847656,181.2396697998047,179.7122344970703,150.06658935546875,230.4403533935547,788.92041015625,514.1492309570312,588.8604736328125,420.51123046875,148.8209991455078,184.04806518554688,296.9100036621094,302.4434814453125,82.70166778564453,115.14115905761719
2024-11-08,225.72691345214844,208.17999267578125,181.12913513183594,463.4100036621094,937.6197509765625,147.02481079101562,178.83349609375,177.32603454589844,148.86016845703125,231.02528381347656,822.6458740234375,520.9796752929688,586.5117797851562,417.6546630859375,147.57147216796875,186.89218139648438,321.2200012207031,304.49078369140625,83.66825103759766,115.10313415527344
2024-11-11,223.01174926757812,206.83999633789062,176.4638214111328,467.3599853515625,926.7713012695312,146.62196350097656,180.93145751953125,179.31454467773438,148.4484405517578,233.2772216796875,823.5361938476562,526.301025390625,580.3713989257812,413.1770324707031,145.20240783691406,186.77365112304688,350.0,307.5072937011719,83.05673217773438,114.494873046875
2024-11-12,223.01174926757812,208.91000366210938,173.81060791015625,466.2900085449219,926.2745361328125,145.48831176757812,182.27374267578125,180.57725524902344,146.15049743652344,233.54043579101562,810.1015014648438,525.3578491210938,582.0134887695312,418.13897705078125,148.23118591308594,187.21804809570312,328.489990234375,307.0316467285156,83.8260498046875,114.38082122802734
2024-11-13,223.89691162109375,214.10000610351562,171.20668029785156,468.1000061035156,927.6156616210938,148.7018280029297,179.4599151611328,177.8529815673828,146.7249755859375,235.10025024414062,803.1268310546875,518.1204223632812,577.216552734375,420.283935546875,146.21200561523438,187.26744079589844,330.239990234375,306.6650085449219,84.32907104492188,115.44528198242188
2024-11-14,226.98008728027344,211.47999572753906,168.0504608154297,467.70001220703125,917.8402099609375,151.58741760253906,176.3378143310547,174.5719451904297,145.41319274902344,235.79238891601562,777.8204345703125,516.6510620117188,574.3902587890625,421.9543762207031,146.70181274414062,184.71957397460938,311.17999267578125,305.4461975097656,83.31316375732422,115.52193450927734
2024-11-15,223.77757263183594,202.61000061035156,162.58616638183594,470.2799987792969,901.1303100585938,151.2313995361328,172.89755249023438,171.4996795654297,147.4526824951172,239.14596557617188,739.4412841796875,518.13037109375,551.4210205078125,410.20184326171875,141.9237060546875,181.45083618164062,320.7200012207031,306.8235778808594,83.09617614746094,114.32416534423828
2024-11-18,226.7811737060547,201.6999969482422,163.4048309326172,472.20001220703125,913.4888916015625,152.14942932128906,175.79095458984375,174.29354858398438,148.18991088867188,238.8730010986328,720.6134033203125,517.8721923828125,551.739501953125,410.9530334472656,140.09442138671875,183.416015625,338.739990234375,309.32061767578125,82.92852020263672,115.28237915039062
2024-11-19,227.0397491455078,204.61000061035156,163.08920288085938,468.8599853515625,924.0591430664062,151.0515899658203,178.55508422851562,177.0973358154297,146.49517822265625,236.9817352294922,723.1204833984375,515.7178344726562,558.3973388671875,412.9595642089844,146.95172119140625,186.54652404785156,346.0,309.0134582519531,85.41400146484375,113.6725845336914
2024-11-20,227.75584411621094,202.8800048828125,161.0179443359375,468.8299865722656,922.002685546875,152.6889190673828,176.31793212890625,174.96961975097656,146.6005096435547,234.7297821044922,746.5859375,508.84765625,562.8060302734375,410.6861572265625,145.83216857910156,188.3734588623047,342.0299987792969,304.5940856933594,85.98605346679688,115.29196166992188
2024-11-21,227.27845764160156,198.3800048828125,161.69850158691406,472.05999755859375,949.3921508789062,152.9728546142578,168.27410888671875,166.66757202148438,148.88888549804688,238.6097869873047,743.1275634765625,511.3891906738281,560.3878173828125,408.913330078125,146.6118621826172,190.03253173828125,339.6400146484375,307.0811767578125,87.17948150634766,116.83468627929688
2024-11-22,228.62110900878906,197.1199951171875,161.98452758789062,476.57000732421875,957.6974487304688,153.6637420654297,165.61932373046875,163.81405639648438,148.5729217529297,242.30455017089844,741.2349853515625,517.1077270507812,556.4567260742188,413.0037536621094,141.8937225341797,189.89427185058594,352.55999755859375,307.10101318359375,89.20140838623047,116.70053100585938
2024-11-25,231.6048126220703,201.4499969482422,162.5664825439453,477.42999267578125,954.5978393554688,151.77084350585938,168.4630126953125,166.68743896484375,149.156982421875,244.00082397460938,748.1615600585938,522.806396484375,562.3980712890625,414.7765808105469,135.96607971191406,185.6478729248047,338.5899963378906,310.3412170410156,88.2742919921875,114.95658874511719
2024-11-26,233.7829132080078,207.86000061035156,162.48757934570312,478.55999755859375,965.1383666992188,153.82464599609375,169.64620971679688,168.14901733398438,149.1376953125,243.6888885498047,782.1707153320312,524.6728515625,570.7875366210938,423.8883972167969,136.86573791503906,187.9982147216797,338.2300109863281,308.9837341308594,90.05948638916016,113.04016876220703
2024-11-27,233.6536102294922,205.74000549316406,157.48687744140625,483.0799865722656,955.2534790039062,153.42713928222656,169.8450927734375,168.25839233398438,149.98703002929688,243.5133819580078,781.0509643554688,528.5447387695312,566.468505859375,418.9363708496094,135.2863311767578,180.4237823486328,332.8900146484375,311.8375549316406,90.6216812133789,112.74312591552734
2024-11-29,236.0405731201172,207.88999938964844,159.8639373779297,483.0199890136719,965.5158081054688,153.2567901611328,169.51698303222656,167.97998046875,149.61061096191406,243.4451446533203,788.14599609375,529.1007690429688,571.5638427734375,419.4018249511719,138.19520568847656,182.53709411621094,345.1600036621094,312.2140197753906,91.23320007324219,113.03058624267578
2024-12-02,238.28829956054688,210.7100067138672,164.2333526611328,477.3299865722656,968.6154174804688,153.5217742919922,171.99276733398438,170.50540161132812,149.40794372558594,240.0623321533203,792.5557861328125,527.5321044921875,589.9850463867188,426.8498229980469,138.5750274658203,179.14984130859375,357.0899963378906,313.76983642578125,91.37128448486328,112.92518615722656
2024-12-03,241.33168029785156,213.44000244140625,165.85092163085938,470.19000244140625,975.7186279296875,153.24732971191406,172.03253173828125,170.35629272460938,147.05291748046875,238.66827392578125,805.9631958007812,522.389404296875,610.7051391601562,427.0676574707031,140.20440673828125,180.61138916015625,351.4200134277344,310.16290283203125,92.2293701171875,112.75270080566406
2024-12-04,241.68971252441406,218.16000366210938,168.2279815673828,468.32000732421875,984.4312133789062,149.84014892578125,175.08499145507812,173.36886596679688,145.228759765625,237.28396606445312,822.32373046875,517.3858032226562,610.83447265625,433.2280578613281,145.0824737548828,185.8453826904297,357.92999267578125,307.0811767578125,93.15648651123047,109.5043716430664
2024-12-05,241.7195587158203,220.5500030517578,168.1392059326172,470.57000732421875,975.827880859375,150.79605102539062,173.31515502929688,171.64881896972656,144.31185913085938,239.3116912841797,818.1419067382812,520.9895629882812,606.0078125,438.3782043457031,145.0124969482422,183.919677734375,369.489990234375,306.26861572265625,93.99485778808594,109.98345947265625
2024-12-06,241.52066040039062,227.02999877929688,177.07534790039062,470.5,986.110107421875,146.92510986328125,175.4827423095703,173.7069549560547,144.10916137695312,241.14447021484375,819.2220458984375,524.76220703125,620.7766723632812,439.319091796875,142.39334106445312,189.30177307128906,389.2200012207031,308.18109130859375,94.38937377929688,108.82404327392578
2024-12-09,245.40939331054688,226.08999633789062,176.49342346191406,463.8699951171875,981.3912353515625,148.6665802001953,176.28903198242188,174.56295776367188,144.3890838623047,237.6836395263672,796.301513671875,519.0535888671875,610.6255493164062,441.7455749511719,138.7645263671875,188.0772247314453,389.7900085449219,305.49578857421875,92.54498291015625,108.18203735351562
2024-12-10,246.42385864257812,225.0399932861328,169.4608917236328,462.489990234375,986.8948974609375,148.59083557128906,185.67584228515625,184.31788635253906,144.0319366455078,236.75753784179688,792.3377685546875,525.1990966796875,616.347900390625,439.0813903808594,135.0257568359375,175.52557373046875,400.989990234375,309.5386657714844,93.255126953125,107.9616470336914
2024-12-11,245.1508026123047,230.25999450683594,180.6951446533203,461.3900146484375,988.176513671875,147.84315490722656,195.80923461914062,194.50079345703125,141.53216552734375,237.41070556640625,788.8200073242188,530.599853515625,629.643798828125,444.68719482421875,139.2643585205078,176.3551025390625,424.7699890136719,310.9358215332031,93.65950775146484,107.24299621582031
2024-12-12,246.61282348632812,228.97000122070312,178.18988037109375,458.6300048828125,981.9177856445312,146.42349243164062,192.7433319091797,191.07662963867188,141.1461181640625,235.4609375,775.2638549804688,528.5745239257812,627.7628784179688,445.251708984375,137.29501342773438,173.1357421875,418.1000061035156,311.3717956542969,92.8014144897461,107.14716339111328
2024-12-13,246.7819061279297,227.4600067138672,221.72637939453125,457.8999938964844,982.8713989257812,145.6284637451172,190.5036163330078,188.94647216796875,141.51287841796875,233.910888671875,781.9724731445312,525.1890869140625,617.3729858398438,442.983642578125,134.20602416992188,171.22976684570312,436.2300109863281,311.8771667480469,93.16519165039062,106.20812225341797
2024-12-16,249.6760711669922,232.92999267578125,246.58184814453125,455.20001220703125,986.3684692382812,141.3600616455078,197.25257873535156,195.75498962402344,138.83935546875,233.5599365234375,771.9441528320312,526.4896240234375,621.745361328125,447.26226806640625,131.9567413330078,169.09666442871094,463.0199890136719,313.0167541503906,93.7780532836914,103.93716430664062
2024-12-17,252.1028289794922,231.14999389648438,236.94540405273438,455.6600036621094,975.6490478515625,140.17698669433594,196.21734619140625,194.52069091796875,141.3101806640625,232.37062072753906,771.567626953125,527.1845703125,616.9645385742188,450.104736328125,130.3472900390625,167.59561157226562,479.8599853515625,315.4047546386719,94.32173156738281,103.49639129638672
2024-12-18,246.7023468017578,220.52000427246094,220.5625,446.5899963378906,958.422607421875,136.3628692626953,189.2792510986328,187.5330047607422,139.70799255371094,224.5813751220703,757.7835693359375,516.2142333984375,594.803466796875,433.1983642578125,128.86778259277344,163.34918212890625,440.1300048828125,306.9622802734375,92.47325134277344,101.97282409667969
2024-12-19,248.43287658691406,223.2899932861328,215.33497619628906,449.3399963378906,948.5476684570312,133.58978271484375,188.83131408691406,187.64248657226562,138.57875061035156,227.1062774658203,750.678466796875,519.5103149414062,593.1900634765625,432.841796875,130.63717651367188,166.68707275390625,436.1700134277344,312.0158996582031,92.32498168945312,101.10086059570312
2024-12-20,253.1073455810547,224.9199981689453,217.7711944580078,453.20001220703125,947.822509765625,135.19873046875,192.07640075683594,190.52914428710938,139.437744140625,231.62969970703125,760.8059692382812,524.2261352539062,582.9112548828125,432.4158935546875,134.65586853027344,167.5462188720703,421.05999755859375,314.8201599121094,91.17831420898438,101.44581604003906
2024-12-23,253.88311767578125,225.05999755859375,229.78717041015625,454.3500061035156,943.689697265625,135.31231689453125,195.092529296875,193.73434448242188,140.20989990234375,232.39984130859375,789.0676879882812,525.1494140625,597.452880859375,431.078857421875,139.62425231933594,167.03269958496094,430.6000061035156,314.3346252441406,89.3100814819336,101.85784149169922
2024-12-24,256.79718017578125,229.0500030517578,237.03634643554688,458.6600036621094,952.5414428710938,136.1356964111328,196.665283203125,195.20751953125,140.76968383789062,236.2213592529297,788.4631958007812,531.850830078125,605.3212890625,435.1197204589844,140.174072265625,169.27442932128906,462.2799987792969,317.7333984375,91.61325073242188,101.95365905761719
2024-12-26,257.6127014160156,227.0500030517578,242.65370178222656,459.0799865722656,949.8789672851562,136.26821899414062,196.1974334716797,194.69989013671875,140.5090789794922,237.0304718017578,786.947021484375,532.2875366210938,600.9389038085938,433.9114074707031,139.88417053222656,169.54107666015625,454.1300048828125,317.9910583496094,91.72199249267578,102.03990173339844
2024-12-27,254.20135498046875,223.75,239.08349609375,456.510009765625,933.546630859375,136.2871551513672,193.1514434814453,191.87294006347656,139.99752807617188,235.10997009277344,776.0763549804688,528.3660278320312,597.4130249023438,426.4040832519531,136.96511840820312,166.85496520996094,431.6600036621094,315.76153564453125,90.6050033569336,102.03031921386719
2024-12-30,250.82977294921875,221.3000030517578,232.9815673828125,452.1600036621094,916.1710815429688,135.40695190429688,191.80763244628906,190.3599395751953,138.34710693359375,233.30648803710938,766.8309936523438,521.7638549804688,588.877197265625,420.7586669921875,137.4449462890625,164.83050537109375,417.4100036621094,312.4419860839844,89.52754211425781,101.34040832519531
2024-12-31,249.05946350097656,219.38999938964844,229.2827911376953,453.2799987792969,910.27001953125,137.08213806152344,189.5679168701172,188.42886352539062,139.58251953125,233.68667602539062,765.007568359375,522.7765502929688,583.1702880859375,417.4606018066406,134.2460174560547,164.56385803222656,403.8399963378906,313.1653747558594,89.3100814819336,103.07476043701172
2025-01-02,242.52517700195312,220.22000122070312,229.42124938964844,451.1000061035156,903.8523559570312,138.85198974609375,189.75704956054688,188.55825805664062,139.00343322753906,233.9694061279297,771.0225219726562,518.6365966796875,596.8453979492188,414.568603515625,138.2646942138672,163.9614715576172,379.2799987792969,311.5402526855469,88.96410369873047,102.82563781738281
2025-01-03,242.03782653808594,224.19000244140625,229.9849853515625,453.55999755859375,910.5779418945312,139.93093872070312,192.24562072753906,190.90740966796875,139.1675262451172,237.16697692871094,774.897216796875,517.6041259765625,602.2138061523438,419.29290771484375,144.4226837158203,164.24786376953125,410.44000244140625,312.0456237792969,89.7351303100586,103.35265350341797
2025-01-06,243.6688995361328,227.61000061035156,233.80239868164062,451.4100036621094,916.6679077148438,139.3725128173828,197.05349731445312,195.96401977539062,138.6559600830078,236.0106658935547,758.1700439453125,508.2420654296875,627.681640625,423.7497863769531,149.38104248046875,163.62570190429688,411.04998779296875,310.1926574707031,90.37764739990234,103.2376708984375
2025-01-07,240.89407348632812,222.11000061035156,226.1180877685547,452.9200134277344,915.3366088867188,141.5777130126953,195.80923461914062,194.59039306640625,141.1364288330078,238.2840576171875,766.285888671875,507.7158508300781,615.4208374023438,418.3222961425781,140.09408569335938,160.01129150390625,394.3599853515625,308.8351135253906,89.76478576660156,104.20545959472656
2025-01-08,241.38140869140625,222.1300048828125,226.7807159423828,451.8399963378906,921.29736328125,142.2497100830078,194.49526977539062,193.05747985839844,137.3144073486328,238.24485778808594,780.0896606445312,512.679931640625,608.2794189453125,420.4913330078125,140.06411743164062,161.10745239257812,394.94000244140625,309.75665283203125,90.7433853149414,102.4615249633789
2025-01-10,235.5631866455078,218.94000244140625,221.8358612060547,442.6600036621094,930.8046264648438,144.93759155273438,192.28541564941406,191.15625,137.1116943359375,235.05035400390625,792.6548461914062,501.7728576660156,613.3988037109375,414.9350280761719,135.86549377441406,152.9501190185547,394.739990234375,304.91107177734375,91.9295654296875,102.08781433105469
2025-01-13,233.1265106201172,218.4600067138672,222.8050537109375,443.9100036621094,918.644775390625,147.0292205810547,191.4094696044922,190.1309814453125,139.437744140625,239.3031768798828,790.2567138671875,502.0114440917969,605.8991088867188,413.1919250488281,133.18637084960938,152.37596130371094,403.30999755859375,304.1283264160156,90.47649383544922,104.722900390625
2025-01-14,232.01258850097656,217.75999450683594,222.22154235839844,450.0299987792969,911.2237548828125,148.49618530273438,190.1751251220703,188.78720092773438,139.70799255371094,242.49765014648438,738.1629028320312,506.09783935546875,591.8751831054688,411.6865234375,131.7168426513672,154.74197387695312,396.3599853515625,306.2785949707031,89.7450180053711,105.13492584228516
2025-01-15,236.57763671875,223.35000610351562,225.4851531982422,458.510009765625,917.4526977539062,149.84962463378906,196.07797241210938,194.6501007080078,139.9203338623047,247.2796173095703,739.9763793945312,519.3512573242188,614.6538696289062,422.2245178222656,136.1953887939453,156.72190856933594,428.2200012207031,313.4031677246094,90.28868103027344,106.8501205444336
2025-01-16,227.0198516845703,220.66000366210938,226.87960815429688,462.80999755859375,913.7272338867188,150.84336853027344,193.51976013183594,192.02223205566406,142.62281799316406,249.16102600097656,750.7379150390625,520.1367797851562,608.8571166992188,420.5110778808594,133.5262451171875,157.93955993652344,413.82000732421875,314.36431884765625,90.2491455078125,106.6680679321289
2025-01-17,228.7305145263672,225.94000244140625,234.821044921875,467.95001220703125,937.0137329101562,152.82142639160156,196.6453857421875,195.0980224609375,141.90859985351562,253.95278930664062,719.146728515625,521.6878662109375,610.3212890625,424.91845703125,137.66490173339844,159.41461181640625,426.5,316.7127990722656,90.88177490234375,107.62627410888672
2025-01-21,221.4303741455078,230.7100067138672,237.65936279296875,468.57000732421875,941.5239868164062,149.76443481445312,198.71583557128906,197.1385955810547,142.98956298828125,257.7450256347656,735.6261596679688,525.0285034179688,613.9965209960938,424.3935241699219,140.78387451171875,170.83885192871094,424.07000732421875,320.6863098144531,92.00865936279297,106.8117904663086
2025-01-22,222.61392211914062,235.00999450683594,238.2527618408203,460.510009765625,938.5138549804688,148.03244018554688,199.114013671875,197.45712280273438,140.20989990234375,257.558837890625,747.1506958007812,524.153564453125,621.0083618164062,441.9239501953125,147.02186584472656,182.37197875976562,415.1099853515625,320.6169738769531,92.15692901611328,104.95286560058594
2025-01-23,222.4448699951172,235.4199981689453,237.6297149658203,459.8299865722656,935.990478515625,147.6538543701172,198.66607666015625,197.06890869140625,141.53216552734375,260.60638427734375,759.656494140625,531.1531372070312,633.9066772460938,442.4289855957031,147.17178344726562,184.5994110107422,412.3800048828125,325.2246398925781,92.73025512695312,105.54695129394531
2025-01-24,221.5696258544922,234.85000610351562,242.00094604492188,463.19000244140625,933.5266723632812,147.31314086914062,200.9754638671875,199.28866577148438,141.7058868408203,259.5186462402344,778.2960205078125,530.4273681640625,644.9025268554688,439.8044128417969,142.57327270507812,181.75820922851562,406.5799865722656,327.1965637207031,93.66931915283203,104.11922454833984
2025-01-27,228.6111602783203,235.4199981689453,199.90049743652344,474.70001220703125,958.9293212890625,148.80853271484375,192.88267517089844,190.92730712890625,147.56446838378906,260.50836181640625,800.8499145507812,544.4961547851562,657.2429809570312,430.39544677734375,118.3812026977539,156.6922149658203,397.1499938964844,331.4971008300781,96.2789306640625,105.56611633300781
2025-01-28,236.9655303955078,238.14999389648438,205.07281494140625,469.9700012207031,952.392333984375,147.84315490722656,196.16758728027344,194.40126037597656,145.1418914794922,261.7724609375,797.6987915039062,544.2177124023438,671.6353759765625,442.9143371582031,128.94775390625,162.35482788085938,398.0899963378906,331.4376525878906,96.17020416259766,103.52513122558594
2025-01-29,238.05953979492188,237.07000732421875,204.07395935058594,469.260009765625,957.7073364257812,147.3510284423828,196.2770538330078,194.51075744628906,145.88507080078125,261.2236633300781,796.7970581054688,545.6494750976562,673.7865600585938,438.0909729003906,123.65948486328125,160.3946990966797,389.1000061035156,332.8249206542969,96.3777847290039,104.1288070678711
2025-01-30,236.29916381835938,234.63999938964844,213.28128051757812,472.3500061035156,972.5992431640625,147.947265625,201.7021026611328,199.94561767578125,147.54515075683594,262.8405456542969,815.7734985351562,562.7606811523438,684.254638671875,411.01300048828125,124.60917663574219,168.6708526611328,400.2799987792969,339.92962646484375,97.5145492553711,104.99119567871094
2025-01-31,234.71780395507812,237.67999267578125,218.8293914794922,468.6700134277344,973.4635009765625,141.19915771484375,204.65850830078125,203.0811309814453,146.85025024414062,261.9292297363281,803.733642578125,552.2413940429688,686.4259643554688,411.0823669433594,120.03067016601562,168.3540496826172,404.6000061035156,338.6910400390625,97.03018951416016,102.36569213867188
2025-02-03,226.77120971679688,237.4199981689453,215.3284149169922,464.6099853515625,999.2435913085938,141.34112548828125,201.71206665039062,200.30393981933594,146.57998657226562,261.4490661621094,803.0894775390625,560.7125244140625,694.6727294921875,406.9820251464844,116.62179565429688,166.90869140625,383.67999267578125,342.6744689941406,98.39429473876953,102.61483001708984
2025-02-04,231.5352020263672,242.05999755859375,219.97659301757812,467.489990234375,1015.1685791015625,145.0133056640625,206.75885009765625,205.43026733398438,148.14356994628906,262.5563659667969,818.5877685546875,555.9002685546875,701.3759765625,408.4181213378906,118.61113739013672,166.205810546875,392.2099914550781,342.01055908203125,99.6101303100586,105.36489868164062
2025-02-05,231.2069854736328,236.1699981689453,229.4410400390625,473.7300109863281,1036.0509033203125,144.79562377929688,192.4148406982422,190.4495391845703,149.30177307128906,264.9963073730469,834.5518798828125,563.0390625,702.05322265625,409.3293151855469,124.78911590576172,169.93797302246094,378.1700134277344,346.26153564453125,101.28070068359375,105.2882308959961
2025-02-06,231.95291137695312,238.8300018310547,228.80810546875,477.2200012207031,1044.1077880859375,143.76400756835938,192.42477416992188,190.71829223632812,148.16285705566406,271.3363037109375,862.4866333007812,563.9039916992188,709.1447143554688,411.8350524902344,128.6378631591797,170.62106323242188,374.32000732421875,344.3193664550781,101.66619873046875,103.89883422851562
2025-02-07,226.39328002929688,229.14999389648438,222.38967895507812,472.739990234375,1038.1207275390625,144.44541931152344,186.28305053710938,184.48707580566406,147.78643798828125,270.2584228515625,870.3546752929688,559.5194702148438,711.6646728515625,405.8232116699219,129.79745483398438,172.70989990234375,361.6199951171875,344.85443115234375,99.98577117919922,104.33961486816406
2025-02-10,226.662109375,233.13999938964844,232.447509765625,470.1700134277344,1056.1319580078125,147.4267120361328,187.3381805419922,185.6118927001953,148.86744689941406,265.5940856933594,861.0101318359375,562.2437133789062,714.5331420898438,408.2695617675781,133.5262451171875,177.12515258789062,350.7300109863281,348.0352783203125,101.73540496826172,106.33269500732422
2025-02-11,231.61053466796875,232.75999450683594,232.447509765625,472.6099853515625,1052.5714111328125,149.0072784423828,186.21336364746094,184.46719360351562,150.6916046142578,269.4647216796875,857.1652221679688,561.458251953125,716.9235229492188,407.4970397949219,132.7565155029297,175.4125213623047,328.5,348.1146545410156,101.29058074951172,107.0034408569336
2025-02-12,235.84210205078125,228.92999267578125,233.74307250976562,471.7300109863281,1059.3145751953125,146.6033172607422,184.5808563232422,182.7650604248047,149.85189819335938,269.9154968261719,865.06298828125,561.3588256835938,722.4812622070312,405.1200256347656,131.0970458984375,170.49237060546875,336.510009765625,348.87890625,102.4174575805664,103.78404998779297
2025-02-13,240.4818878173828,230.3699951171875,233.19912719726562,480.489990234375,1070.990478515625,147.5308380126953,187.0196533203125,185.28341674804688,151.7725830078125,270.76800537109375,863.963134765625,563.0589599609375,725.6486206054688,406.60565185546875,135.24566650390625,172.1159210205078,355.94000244140625,352.9881896972656,103.84088134765625,104.53814697265625
2025-02-14,243.53855895996094,228.67999267578125,230.46957397460938,479.5899963378906,1066.0078125,148.6504364013672,186.01425170898438,184.37757873535156,150.71090698242188,271.0325622558594,838.06494140625,561.517822265625,733.72607421875,404.5158386230469,138.8045196533203,172.4129180908203,355.8399963378906,351.1817321777344,102.84251403808594,104.64449310302734
2025-02-18,243.40911865234375,226.64999389648438,226.00930786132812,482.82000732421875,1050.27392578125,149.4351348876953,184.9491729736328,182.92428588867188,150.7887420654297,274.3250427246094,850.8998413085938,565.3457641601562,713.5072631835938,405.71429443359375,139.35433959960938,177.99632263183594,354.1099853515625,354.0800476074219,102.58549499511719,106.48137664794922
2025-02-19,243.807373046875,226.6300048828125,226.20709228515625,483.7699890136719,1056.7486572265625,150.4590606689453,186.27308654785156,184.41741943359375,153.61012268066406,273.6391296386719,860.677490234375,565.2364501953125,700.9576416015625,410.79510498046875,139.1844024658203,179.69906616210938,360.55999755859375,352.5911865234375,102.80296325683594,106.63606262207031
2025-02-20,244.7632293701172,222.8800048828125,224.23907470703125,481.79998779296875,1029.189697265625,151.95187377929688,185.7853240966797,183.71067810058594,155.3516082763672,261.4392395019531,866.7028198242188,560.04638671875,692.0632934570312,412.968505859375,140.06411743164062,174.23443603515625,354.3999938964844,347.88641357421875,96.09111785888672,108.27958679199219
2025-02-21,244.48443603515625,216.5800018310547,216.24818420410156,478.739990234375,1029.3885498046875,150.16241455078125,180.7484893798828,178.83322143554688,157.9005889892578,258.93072509765625,867.2587280273438,554.3094482421875,680.8184814453125,405.108642578125,134.38595581054688,166.12660217285156,337.79998779296875,345.94097900390625,93.6890869140625,107.01310729980469
2025-02-24,246.0277099609375,212.7100067138672,205.6365203857422,498.4200134277344,1029.955322265625,151.0906219482422,180.3602752685547,178.4250946044922,159.3015594482422,256.0889892578125,874.9219970703125,555.7909545898438,665.4600219726562,400.9306335449219,130.23733520507812,168.2550506591797,330.5299987792969,347.2610778808594,92.59186553955078,107.57383728027344
2025-02-25,245.96795654296875,212.8000030517578,200.30596923828125,499.82000732421875,1049.906005859375,149.68392944335938,176.5577850341797,174.61273193359375,161.58786010742188,252.22813415527344,895.1720581054688,560.7920532226562,654.87255859375,394.8769226074219,126.5885238647461,166.84925842285156,302.79998779296875,349.4745178222656,96.56559753417969,106.08500671386719
2025-02-26,239.31695556640625,214.35000610351562,210.5912628173828,494.1000061035156,1026.34521484375,148.45904541015625,173.90000915527344,171.93511962890625,158.659423828125,253.5902099609375,908.284912109375,558.0479125976562,671.0078125,396.69305419921875,131.23699951171875,170.73985290527344,290.79998779296875,348.0253601074219,95.09273529052734,105.82396697998047
2025-02-27,236.27023315429688,208.74000549316406,195.61827087402344,502.4100036621094,1016.1410522460938,149.9231719970703,169.43055725097656,167.72457885742188,159.2918243408203,253.844970703125,898.5072631835938,561.5775146484375,655.6094970703125,389.54779052734375,120.11064910888672,163.10720825195312,281.95001220703125,353.0973815917969,95.67596435546875,106.49104309082031
2025-02-28,240.79052734375,212.27999877929688,197.23028564453125,513.8300170898438,1042.8944091796875,151.78919982910156,171.43138122558594,169.49636840820312,160.54684448242188,259.3324890136719,913.8636474609375,573.0015258789062,665.52978515625,393.973876953125,124.87908172607422,164.3941650390625,292.9800109863281,360.0155944824219,97.47501373291016,107.63185119628906
2025-03-03,236.9970703125,205.02000427246094,185.3032989501953,510.0799865722656,1041.1441650390625,146.49732971191406,167.88768005371094,166.241455078125,162.74560546875,255.3834228515625,922.8868408203125,571.6195068359375,652.432373046875,385.5384521484375,114.02263641357422,160.3946990966797,284.6499938964844,359.1322326660156,96.46674346923828,104.1804428100586
2025-03-04,234.9061737060547,203.8000030517578,185.41209411621094,495.8599853515625,1031.2183837890625,145.45428466796875,171.819580078125,170.13345336914062,160.93601989746094,245.22181701660156,904.364013671875,551.883544921875,637.4423828125,385.65753173828125,115.95201110839844,155.8903350830078,272.0400085449219,349.61346435546875,93.87689208984375,103.96773529052734
2025-03-05,234.71701049804688,208.36000061035156,189.46688842773438,498.5,1042.0391845703125,144.31552124023438,174.18869018554688,172.22377014160156,160.64414978027344,246.47608947753906,922.8868408203125,555.094970703125,653.8466186523438,397.9732666015625,117.26158142089844,159.93930053710938,279.1000061035156,350.0600891113281,94.87528228759766,101.9375
2025-03-06,234.3087921142578,200.6999969482422,177.47067260742188,497.8399963378906,1021.0243530273438,146.36337280273438,173.4122314453125,171.55686950683594,161.3348846435547,241.5863494873047,906.051513671875,546.6636962890625,625.420654296875,393.8746643066406,110.53378295898438,149.42584228515625,263.45001220703125,341.6034240722656,93.55069732666016,104.04508972167969
2025-03-07,238.03256225585938,199.25,192.8096160888672,495.6199951171875,959.0540161132812,149.6073760986328,174.94522094726562,173.05992126464844,162.17160034179688,237.41195678710938,863.1889038085938,543.6311645507812,623.1597900390625,390.3218688964844,112.6530990600586,153.603515625,262.6700134277344,342.7547912597656,90.66431427001953,105.39857482910156
2025-03-10,226.4928436279297,194.5399932861328,182.41551208496094,497.1000061035156,929.31689453125,150.78440856933594,167.2318572998047,165.2968292236328,163.15420532226562,227.5540771484375,823.6614990234375,534.0364990234375,595.6002807617188,377.2717590332031,106.94495391845703,147.29739379882812,222.14999389648438,338.9433288574219,86.8092041015625,108.08624267578125
2025-03-11,219.88165283203125,196.58999633789062,187.99330139160156,496.25,925.4182739257812,147.44471740722656,165.4081573486328,163.47314453125,161.3640899658203,224.5359649658203,818.0033569335938,522.781494140625,603.2894897460938,377.5595397949219,108.72438049316406,142.733642578125,230.5800018310547,329.6727600097656,86.43357849121094,105.533935546875
2025-03-12,216.03842163085938,198.88999938964844,192.08763122558594,495.94000244140625,922.02685546875,146.09544372558594,168.41775512695312,166.5325469970703,158.43568420410156,223.3208770751953,815.819580078125,521.6282348632812,617.0841674804688,380.3581237792969,115.71273803710938,149.3763427734375,248.08999633789062,330.3675231933594,84.21934509277344,105.50492858886719
2025-03-13,208.77008056640625,193.88999938964844,189.24929809570312,504.25,885.765625,146.99493408203125,164.1624755859375,162.1975860595703,158.57188415527344,220.66534423828125,795.7581787109375,516.8458251953125,588.2797241210938,375.8923034667969,115.55277252197266,146.17872619628906,240.67999267578125,326.1093444824219,83.52740478515625,105.0602035522461
2025-03-14,212.5635528564453,197.9499969482422,193.38319396972656,514.5999755859375,898.9931030273438,150.2581024169922,167.0425262451172,164.91815185546875,158.39675903320312,227.7696533203125,807.5011596679688,524.6109619140625,605.7102661132812,385.6079406738281,121.6413345336914,147.77261352539062,249.97999572753906,329.335205078125,84.36763000488281,108.18291473388672
2025-03-17,213.07135009765625,195.74000549316406,192.3546600341797,523.010009765625,911.6139526367188,151.8848876953125,165.99612426757812,163.7222900390625,158.4259490966797,229.22972106933594,818.6983032226562,528.93603515625,603.0187377929688,385.7468566894531,119.50183868408203,152.4650421142578,238.00999450683594,332.0647888183594,86.45333099365234,109.98113250732422
2025-03-18,211.7670440673828,192.82000732421875,186.58897399902344,523.1400146484375,893.1550903320312,153.8848876953125,162.10955810546875,160.1147918701172,159.7977294921875,230.2488250732422,816.46484375,527.1463012695312,580.5487670898438,380.6062316894531,115.4028091430664,147.95077514648438,225.30999755859375,332.28314208984375,84.60486602783203,109.8651123046875
2025-03-19,214.3059539794922,195.5399932861328,193.412841796875,525.27001953125,899.1223754882812,156.98536682128906,165.70712280273438,163.3236846923828,158.57188415527344,234.30564880371094,830.8582763671875,533.012451171875,582.2435913085938,384.87359619140625,117.4923095703125,150.9207000732422,235.86000061035156,337.3452453613281,85.33635711669922,111.5763168334961
2025-03-20,213.17092895507812,194.9499969482422,189.008544921875,528.72998046875,890.5196533203125,157.67434692382812,164.4813690185547,162.23744201660156,158.60105895996094,234.2076416015625,836.3773803710938,533.30078125,584.1774291992188,383.9010009765625,118.50206756591797,151.18797302246094,236.25999450683594,336.97802734375,84.82232666015625,112.05004119873047
2025-03-21,217.32281494140625,196.2100067138672,190.11956787109375,521.9099731445312,904.3040161132812,157.65521240234375,165.67724609375,163.42333984375,159.19454956054688,236.7750244140625,831.4141845703125,532.61474609375,594.3956298828125,388.2874450683594,117.6722640991211,150.70291137695312,248.7100067138672,333.16656494140625,85.22377014160156,111.66331481933594
2025-03-24,219.77212524414062,203.25999450683594,189.7128448486328,525.8499755859375,920.9924926757812,157.91358947753906,169.34454345703125,167.1005859375,158.86373901367188,243.0758056640625,858.543212890625,540.5489501953125,616.92529296875,390.0935974121094,121.38140106201172,153.31640625,278.3900146484375,341.3155517578125,86.72048950195312,111.95336151123047
2025-03-25,222.77903747558594,205.7100067138672,186.7468719482422,528.8699951171875,925.1896362304688,158.79397583007812,172.1947021484375,169.9706268310547,156.65528869628906,246.08412170410156,846.08544921875,542.0303955078125,624.3621826171875,392.1578063964844,120.66156768798828,152.38583374023438,288.1400146484375,342.05999755859375,84.0145034790039,112.71710968017578
2025-03-26,220.56866455078125,201.1300048828125,177.82911682128906,533.2100219726562,924.6823120117188,160.73654174804688,166.5641632080078,164.4896240234375,157.33631896972656,245.98614501953125,820.68359375,545.91796875,609.0797729492188,387.0072326660156,113.73320007324219,146.3173370361328,272.05999755859375,341.6232604980469,84.46054077148438,114.34131622314453
2025-03-27,222.87863159179688,201.36000061035156,170.60763549804688,534.52001953125,933.6332397460938,159.473388671875,163.51470947265625,161.67938232421875,158.70809936523438,243.1345977783203,815.6310424804688,554.3692016601562,600.7059326171875,387.6125793457031,111.40374755859375,144.31761169433594,273.1300048828125,347.2610778808594,84.87684631347656,113.97393035888672
2025-03-28,216.9544219970703,192.72000122070312,167.76071166992188,526.3099975585938,924.5927734375,158.93751525878906,155.5223388671875,153.79672241210938,159.2723846435547,237.9705047607422,816.46484375,537.5064697265625,574.9462890625,375.9220886230469,109.64415740966797,139.4568634033203,263.54998779296875,340.30316162109375,84.40106964111328,113.81925964355469
2025-03-31,221.16607666015625,190.25999450683594,166.08428955078125,532.5800170898438,940.625,160.08583068847656,155.69175720214844,154.10565185546875,161.34463500976562,240.37127685546875,819.8397827148438,544.9734497070312,574.5675048828125,372.5379943847656,108.35446166992188,138.40750122070312,259.1600036621094,347.8565979003906,87.01786041259766,114.97938537597656
2025-04-01,222.22146606445312,192.1699981689453,167.16554260253906,532.989990234375,949.197998046875,161.2532958984375,158.33262634277344,156.52725219726562,149.09591674804688,238.7642364501953,799.311767578125,545.3612060546875,584.1774291992188,379.286376953125,110.12405395507812,140.51611328125,268.4599914550781,343.77716064453125,88.0487060546875,115.08573913574219
2025-04-02,222.91842651367188,196.00999450683594,170.7068328857422,537.719970703125,959.8197631835938,159.3011474609375,158.3126983642578,156.49732971191406,151.14869689941406,240.88082885742188,812.206298828125,544.2376708984375,582.1138916015625,379.2367248535156,110.39398193359375,144.3968048095703,282.760009765625,343.75732421875,88.97052001953125,114.72803497314453
2025-04-03,202.30824279785156,178.41000366210938,152.7721405029297,530.1599731445312,961.808837890625,149.3968505859375,152.10415649414062,150.19918823242188,155.48780822753906,224.0950164794922,783.2904663085938,527.5042114257812,529.9666137695312,370.2752990722656,101.7760238647461,135.85337829589844,267.2799987792969,336.8688659667969,86.49251556396484,108.69529724121094
2025-04-04,187.56253051757812,171.0,145.11419677734375,493.5400085449219,911.484619140625,137.10980224609375,147.23101806640625,145.09689331054688,149.086181640625,207.32411193847656,732.7843627929688,486.9583435058594,503.1602783203125,357.1061706542969,94.28778076171875,126.9832534790039,239.42999267578125,310.8039245605469,82.45831298828125,100.87403106689453
2025-04-07,180.6725616455078,175.25999450683594,152.90110778808594,490.3800048828125,903.18017578125,134.1145782470703,148.72584533691406,146.24290466308594,146.5371856689453,211.42564392089844,718.4107666015625,482.7327575683594,514.6444091796875,355.14117431640625,97.61698913574219,125.88439178466797,233.2899932861328,309.99993896484375,83.09268188476562,99.52054595947266
2025-04-08,171.67176818847656,170.66000366210938,154.7759246826172,492.6400146484375,903.7968139648438,131.0332489013672,146.0749969482422,144.19998168945312,145.9340057373047,213.82147216796875,720.90234375,477.1649169921875,508.86248779296875,351.8662414550781,96.27731323242188,123.2510757446289,221.86000061035156,305.9800109863281,81.07061767578125,97.4226303100586
2025-04-09,197.9871063232422,191.10000610351562,183.661865234375,521.4099731445312,959.9291381835938,139.74136352539062,160.505126953125,158.16159057617188,146.87770080566406,231.0458984375,748.1705322265625,513.2838745117188,583.9482421875,387.5232238769531,114.30307006835938,138.2886962890625,272.20001220703125,329.9605407714844,88.81192779541016,102.28553771972656
2025-04-10,189.59365844726562,181.22000122070312,170.9151611328125,515.8099975585938,959.0540161132812,129.16722106933594,154.83473205566406,152.2919464111328,144.65951538085938,223.9175262451172,715.6114501953125,497.2608947753906,544.591064453125,378.4527282714844,107.5446548461914,132.4865264892578,252.39999389648438,322.1986389160156,89.81304931640625,96.61052703857422
2025-04-11,197.29013061523438,184.8699951171875,180.47767639160156,524.1099853515625,958.1588134765625,129.78924560546875,158.850830078125,156.59701538085938,147.61709594726562,232.8797607421875,727.0269775390625,507.62750244140625,541.8795166015625,385.4988098144531,110.90386199951172,131.4929962158203,252.30999755859375,330.92333984375,91.98379516601562,99.71390533447266
2025-04-14,201.64117431640625,182.1199951171875,176.92645263671875,529.52001953125,973.9821166992188,129.4925994873047,160.91372680664062,158.52035522460938,150.17581176757812,231.42056274414062,748.8056640625,510.3262939453125,529.8270263671875,384.8636474609375,110.68391418457031,133.76815795898438,252.35000610351562,332.69012451171875,93.89681243896484,99.9555892944336
2025-04-15,201.26280212402344,179.58999633789062,177.51168823242188,528.1699829101562,971.59521484375,128.7461700439453,158.13330078125,155.76986694335938,149.45587158203125,229.8529052734375,751.614990234375,515.2257690429688,519.8980712890625,382.7994384765625,112.1735610961914,133.0727081298828,254.11000061035156,333.3154602050781,93.14350128173828,99.67523193359375
2025-04-16,193.42697143554688,174.3300018310547,173.20657348632812,516.4500122070312,962.4751586914062,129.53086853027344,154.9642791748047,152.8001708984375,149.73802185058594,226.38238525390625,729.4987182617188,511.29217529296875,500.7477722167969,368.7867126464844,104.46538543701172,128.91973876953125,241.5500030517578,328.8686828613281,90.38794708251953,100.72901916503906
2025-04-17,196.1251983642578,172.61000061035156,169.61569213867188,518.2100219726562,989.0794067382812,131.9327850341797,152.83164978027344,150.63766479492188,153.20150756835938,228.69937133789062,833.7865600585938,515.1759643554688,499.9203796386719,364.9858093261719,101.46607971191406,127.78714752197266,241.3699951171875,327.1614990234375,92.40009307861328,103.36833953857422
2025-04-21,192.32179260253906,167.32000732421875,164.87411499023438,506.9200134277344,952.5496826171875,127.97106170654297,149.34368896484375,147.15972900390625,152.66641235351562,225.7711181640625,812.0078125,507.1993103027344,483.1526794433594,356.3916015625,96.88717651367188,122.02469635009766,227.5,317.72216796875,91.59722137451172,101.8504867553711
2025-04-22,198.8732452392578,173.17999267578125,168.21701049804688,520.7899780273438,973.892578125,131.38731384277344,153.36976623535156,150.94659423828125,153.4739227294922,232.27833557128906,821.4578247070312,525.1343383789062,498.7240905761719,364.0331115722656,98.86669921875,126.41607666015625,237.97000122070312,328.9382019042969,94.01575469970703,104.7024917602539
2025-04-23,203.71214294433594,180.60000610351562,175.4881134033203,526.8099975585938,970.5211181640625,130.79400634765625,157.1766357421875,154.8131866455078,151.1681671142578,237.49398803710938,823.323974609375,527.80322265625,518.6519775390625,371.54559326171875,102.68580627441406,130.5491485595703,250.74000549316406,331.8861083984375,94.12478637695312,103.80339050292969
2025-04-24,207.4657745361328,186.5399932861328,186.63775634765625,531.6400146484375,970.1630249023438,133.0811004638672,160.91372680664062,158.72959899902344,150.73036193847656,241.2011260986328,853.4112548828125,533.23046875,531.4918823242188,384.3575134277344,106.40491485595703,136.6195526123047,259.510009765625,333.2161560058594,94.99703979492188,105.02153015136719
2025-04-25,208.37181091308594,188.99000549316406,190.76431274414062,530.9600219726562,971.8338623046875,132.75572204589844,163.28549194335938,161.40036010742188,150.38986206054688,240.12644958496094,878.038818359375,531.2587280273438,545.5679931640625,388.8729553222656,110.98385620117188,137.59323120117188,284.95001220703125,332.68023681640625,94.2536392211914,104.9635238647461
2025-04-28,209.2281036376953,187.6999969482422,190.9230499267578,530.9400024414062,973.2063598632812,134.06675720214844,161.8604278564453,160.05502319335938,151.13897705078125,239.80108642578125,870.8421630859375,532.2645263671875,548.0302734375,388.1882019042969,108.70438385009766,139.2325439453125,285.8800048828125,335.0028076171875,94.38249206542969,105.02153015136719
2025-04-29,210.29345703125,187.38999938964844,189.63348388671875,534.5700073242188,986.294677734375,133.3011932373047,161.5016632080078,159.60658264160156,151.68380737304688,241.181396484375,878.6940307617188,537.4329223632812,552.7156982421875,391.0462951660156,108.99431610107422,139.8783416748047,292.0299987792969,338.9830017089844,95.1952896118164,104.76050567626953
2025-04-30,211.57785034179688,184.4199981689453,190.9230499267578,533.25,989.0794067382812,130.20069885253906,160.335693359375,158.2512664794922,152.0729522705078,241.181396484375,892.343017578125,545.7780151367188,547.2926025390625,392.2570495605469,108.89433288574219,139.8087921142578,282.1600036621094,342.9334411621094,96.39463806152344,102.1211929321289
2025-05-01,212.39430236816406,190.1999969482422,195.7439727783203,530.22998046875,993.5946044921875,130.39208984375,162.22914123535156,160.74261474609375,150.2731170654297,243.41949462890625,788.2635498046875,544.3539428710938,570.4303588867188,422.16802978515625,111.58370208740234,144.54791259765625,280.5199890136719,339.9061584472656,96.5532455444336,102.26620483398438
2025-05-02,204.45889282226562,189.97999572753906,202.0032501220703,539.7999877929688,1004.1107177734375,132.53564453125,165.23875427246094,163.4632110595703,151.8881072998047,248.96047973632812,817.566650390625,557.0608520507812,595.1632690429688,431.9729919433594,114.47303009033203,149.75396728515625,287.2099914550781,345.0178527832031,97.8814468383789,102.68192291259766
2025-05-05,198.0269012451172,186.35000610351562,199.1067352294922,512.1500244140625,1010.6734008789062,129.66485595703125,165.47792053222656,163.64259338378906,150.7984619140625,249.00978088378906,815.4225463867188,558.7836303710938,597.40625,432.856201171875,113.7931900024414,148.32330322265625,280.260009765625,346.0501403808594,98.45635986328125,99.83956909179688
2025-05-06,197.6485595703125,185.00999450683594,198.48179626464844,512.3300170898438,1006.3016357421875,129.7605438232422,164.630859375,162.66595458984375,150.28282165527344,245.74630737304688,769.4230346679688,556.6624755859375,585.4834594726562,430.0179443359375,113.51325988769531,146.7435760498047,275.3500061035156,345.11712646484375,97.68321990966797,101.23174285888672
2025-05-07,195.3983612060547,188.7100067138672,203.16384887695312,518.219970703125,1002.9655151367188,129.94235229492188,152.27357482910156,150.85691833496094,153.03611755371094,245.88433837890625,771.0113525390625,563.9719848632812,594.953857421875,430.0576477050781,117.03242492675781,148.40277099609375,276.2200012207031,347.25115966796875,97.96075439453125,101.13507080078125
2025-05-08,196.63299560546875,192.0800018310547,206.1000518798828,513.25,1003.5232543945312,131.1385040283203,155.21340942382812,153.74688720703125,151.44058227539062,249.90701293945312,745.9271240234375,564.7586059570312,596.150146484375,434.8410339355469,117.34236145019531,149.32675170898438,284.82000732421875,348.66058349609375,96.57305908203125,102.54656982421875
2025-05-09,197.66847229003906,193.05999755859375,206.52659606933594,513.739990234375,1003.901611328125,132.5260772705078,153.84812927246094,152.22218322753906,150.0396270751953,249.52247619628906,729.1710815429688,566.2723388671875,590.6473999023438,435.39678955078125,116.62252044677734,149.3665008544922,298.260009765625,349.9211730957031,96.10110473632812,103.74537658691406
2025-05-12,210.15049743652344,208.63999938964844,219.799072265625,514.2999877929688,1011.92822265625,135.52127075195312,159.03021240234375,157.91244506835938,149.96177673339844,256.3945007324219,750.0167846679688,575.8622436523438,637.4412841796875,445.84674072265625,122.97103118896484,156.2019500732422,318.3800048828125,353.20660400390625,96.13091278076172,105.533935546875
2025-05-13,212.28399658203125,211.3699951171875,230.55194091796875,511.8800048828125,994.8793334960938,136.2198486328125,160.335693359375,158.97874450683594,144.41629028320312,259.31292724609375,740.5767211914062,574.1892700195312,653.98974609375,445.72772216796875,129.89938354492188,161.21925354003906,334.07000732421875,354.08148193359375,95.26647186279297,105.82396697998047
2025-05-14,211.68582153320312,210.25,230.25436401367188,503.3999938964844,987.4203491210938,135.56912231445312,166.23529052734375,164.79855346679688,142.39266967773438,261.90594482421875,710.3008422851562,570.8930053710938,657.309326171875,449.4988098144531,135.30810546875,161.89483642578125,347.67999267578125,354.3996276855469,96.21039581298828,104.87652587890625
2025-05-15,210.80850219726562,205.1699981689453,230.7701873779297,507.3299865722656,1006.2716674804688,136.1337127685547,164.8301544189453,163.39344787597656,145.5545654296875,263.7298889160156,727.9005126953125,579.7759399414062,641.8775024414062,450.5129089355469,134.79823303222656,158.36782836914062,342.82000732421875,360.20587158203125,95.73345947265625,105.94002532958984
2025-05-16,210.6190643310547,205.58999633789062,226.77256774902344,514.3099975585938,1021.56787109375,135.9806365966797,166.85316467285156,165.61572265625,147.2279510498047,263.7989196777344,753.364501953125,580.8513793945312,638.3485107421875,451.6463623046875,135.36810302734375,159.45077514648438,349.9800109863281,363.00958251953125,97.61136627197266,105.55950164794922
2025-05-19,208.14659118652344,206.16000366210938,228.77633666992188,512.3900146484375,1030.04248046875,134.1403045654297,167.29164123535156,165.96450805664062,148.35650634765625,261.1565856933594,751.0965576171875,583.9683227539062,638.438232421875,456.2197570800781,135.53805541992188,158.60626220703125,342.0899963378906,365.77349853515625,97.49214172363281,103.88131713867188
2025-05-20,206.232421875,204.07000732421875,229.81788635253906,508.739990234375,1032.5123291015625,132.9586181640625,164.75047302246094,163.4133758544922,149.49478149414062,261.94537353515625,743.0396728515625,578.6903686523438,635.1185913085938,455.5238342285156,134.3483428955078,159.2719268798828,343.82000732421875,364.7196350097656,97.17420196533203,102.39826965332031
2025-05-21,201.4768829345703,201.1199951171875,227.88356018066406,507.0299987792969,1021.0401611328125,131.30230712890625,169.47410583496094,167.9775390625,149.02781677246094,257.3705749511719,721.0968627929688,567.1685791015625,633.5235595703125,449.9561462402344,131.76895141601562,156.16220092773438,334.6199951171875,356.22900390625,95.81295776367188,101.13964080810547
2025-05-22,200.74908447265625,203.10000610351562,228.67713928222656,503.57000732421875,1013.89990234375,131.04080200195312,171.3874969482422,170.27955627441406,148.47323608398438,257.00579833984375,711.3987426757812,567.7660522460938,634.5902099609375,452.2329406738281,132.7987060546875,156.29135131835938,341.0400085449219,355.9009094238281,95.31614685058594,100.46641540527344
2025-05-23,194.67759704589844,200.99000549316406,226.8816680908203,503.4599914550781,1004.3099365234375,132.25152587890625,169.0057373046875,167.8878631591797,148.7943115234375,257.0451965332031,709.9166259765625,561.2334594726562,625.1098022460938,447.5799560546875,131.25906372070312,154.9600372314453,339.3399963378906,351.49652099609375,95.7235336303711,100.52495574951172
2025-05-27,199.60260009765625,206.02000427246094,233.7559814453125,509.1600036621094,1013.5613403320312,133.5010223388672,173.38059997558594,172.30255126953125,150.3740997314453,261.56085205078125,721.365478515625,572.15771484375,640.3223266601562,458.02923583984375,135.4680633544922,160.86158752441406,362.8900146484375,357.2232360839844,96.95559692382812,101.00303649902344
2025-05-28,199.81195068359375,204.72000122070312,237.50559997558594,503.1099853515625,1008.9306640625,131.74786376953125,172.78268432617188,171.76441955566406,149.56947326660156,259.7861633300781,715.5664672851562,573.5220336914062,641.5784301757812,454.7184753417969,134.7782440185547,162.7890167236328,356.8999938964844,357.6507873535156,96.61776733398438,99.62732696533203
2025-05-29,199.3433837890625,205.6999969482422,240.02517700195312,506.17999267578125,1004.5488891601562,133.57850646972656,172.3641357421875,171.26614379882812,150.69789123535156,260.65374755859375,718.7295532226562,575.3743286132812,643.0438842773438,456.0308837890625,139.15721130371094,161.84515380859375,358.42999267578125,360.3053283691406,96.47866821289062,100.19322204589844
2025-05-30,200.24066162109375,205.00999450683594,240.12437438964844,503.9599914550781,1035.8583984375,132.406494140625,172.25450134277344,171.1465606689453,152.2973175048828,260.2889709472656,733.749267578125,583.1616821289062,645.4762573242188,457.7011413574219,135.09817504882812,164.45814514160156,346.4599914550781,363.0791931152344,98.08830261230469,99.81271362304688
2025-06-02,201.08807373046875,206.64999389648438,246.7110137939453,502.80999755859375,1052.458984375,133.51071166992188,169.78302001953125,168.4459228515625,152.48373413085938,260.9397277832031,743.1491088867188,578.7999877929688,668.8134765625,459.3018798828125,137.34764099121094,165.4914093017578,342.69000244140625,363.2084655761719,99.13157653808594,100.54447937011719
2025-06-03,202.65330505371094,205.7100067138672,254.78561401367188,497.8299865722656,1051.2042236328125,135.1669921875,167.13223266601562,165.60577392578125,151.5221405029297,262.5270690917969,746.7896118164062,579.5468139648438,664.7760009765625,460.29608154296875,141.1867218017578,168.0447540283203,344.2699890136719,363.74530029296875,99.34024047851562,101.2762451171875
2025-06-04,202.20468139648438,207.22999572753906,258.9815979003906,491.0,1047.320556640625,133.0554656982422,168.80641174316406,167.46929931640625,150.3446502685547,260.505859375,761.7696533203125,581.6978149414062,685.8104248046875,461.19085693359375,141.88656616210938,167.01150512695312,332.04998779296875,365.8729553222656,98.71426391601562,99.81271362304688
2025-06-05,200.02133178710938,207.91000366210938,257.8408203125,488.739990234375,1006.6103515625,132.6002197265625,169.22496032714844,167.62876892089844,150.77638244628906,258.2677917480469,761.6103515625,583.0023803710938,682.49072265625,464.9788513183594,139.95703125,170.03179931640625,284.70001220703125,364.6500549316406,97.33316802978516,99.35414123535156
2025-06-06,203.30133056640625,213.57000732421875,244.94529724121094,493.5299987792969,1010.7232055664062,135.80628967285156,174.31735229492188,173.079833984375,152.12069702148438,261.9946594238281,765.7880859375,587.6629028320312,695.5401000976562,467.66326904296875,141.6865997314453,172.89315795898438,295.1400146484375,368.0801086425781,96.84630584716797,101.73480987548828
2025-06-09,200.83883666992188,216.97999572753906,242.31661987304688,493.3299865722656,1001.99951171875,136.3389892578125,177.23080444335938,175.69395446777344,152.31692504882812,262.9904479980469,769.5977783203125,581.8970336914062,691.9014282226562,470.0196228027344,142.59640502929688,176.00289916992188,308.5799865722656,364.5406799316406,96.82642364501953,102.41779327392578
2025-06-10,202.05511474609375,217.61000061035156,242.66380310058594,491.1300048828125,1003.0850830078125,138.84764099121094,179.60543823242188,178.19833374023438,153.51405334472656,264.8243103027344,802.8997802734375,587.0853271484375,700.2155151367188,468.2001953125,143.92608642578125,176.33074951171875,326.0899963378906,368.557373046875,96.697265625,104.61308288574219
2025-06-11,198.1769256591797,213.1999969482422,250.87725830078125,488.1400146484375,992.638671875,140.23272705078125,178.38819885253906,176.9511260986328,152.3463592529297,264.3806457519531,804.3121948242188,588.2802734375,691.981201171875,469.8903503417969,142.80625915527344,175.23788452148438,326.42999267578125,371.1522521972656,95.1869888305664,106.65226745605469
2025-06-12,198.5956573486328,213.24000549316406,254.01185607910156,490.3399963378906,998.5440673828125,140.41676330566406,176.57228088378906,175.30484008789062,153.7200927734375,264.4693603515625,807.714111328125,586.826416015625,691.20361328125,476.1042785644531,144.9759063720703,198.5658416748047,319.1099853515625,369.2532958984375,94.22319030761719,107.06206512451172
2025-06-13,195.85400390625,212.10000610351562,246.70111083984375,487.5400085449219,986.095947265625,141.32725524902344,175.48475646972656,174.27716064453125,154.15185546875,261.2256164550781,815.005126953125,559.6898803710938,680.7462768554688,472.2168273925781,141.9464111328125,213.82638549804688,325.30999755859375,350.8105163574219,93.835693359375,109.39395141601562
2025-06-16,197.81802368164062,216.10000610351562,250.07376098632812,490.2300109863281,980.2702026367188,141.44346618652344,177.5401153564453,176.3724365234375,152.30711364746094,266.5595397949219,803.2877197265625,566.3021850585938,700.4749145507812,476.3727111816406,144.66595458984375,209.73304748535156,329.1300048828125,353.4253234863281,93.6866455078125,109.74520111083984
2025-06-17,195.04644775390625,214.82000732421875,247.36570739746094,483.4800109863281,973.6577758789062,144.17491149902344,176.83169555664062,175.5542755126953,149.52041625976562,265.73138427734375,787.0345458984375,567.0789794921875,695.5963134765625,475.279052734375,144.09603881835938,206.8319549560547,316.3500061035156,355.77166748046875,93.64690399169922,111.22823333740234
2025-06-18,195.9835968017578,212.52000427246094,249.24050903320312,485.1400146484375,970.8494873046875,143.53562927246094,173.58900451660156,172.93020629882812,147.9013671875,270.10894775390625,780.8576049804688,536.4868774414062,694.1398315429688,477.4663391113281,145.455810546875,209.50453186035156,322.04998779296875,338.41259765625,94.48152923583984,110.43793487548828
2025-06-20,200.3901824951172,209.69000244140625,248.5644073486328,484.8500061035156,976.2171020507812,144.85292053222656,167.35304260253906,166.26522827148438,146.97900390625,271.13433837890625,758.6760864257812,530.7507934570312,680.751220703125,474.6427307128906,143.8260955810547,203.84144592285156,322.1600036621094,336.6130676269531,95.50495147705078,111.91120910644531
2025-06-23,200.88868713378906,208.47000122070312,252.32284545898438,487.7699890136719,1000.306640625,142.24740600585938,165.63693237304688,164.8184814453125,148.48031616210938,274.3583679199219,766.5441284179688,540.0917358398438,696.8933715820312,483.1930847167969,144.1460418701172,205.6993408203125,348.67999267578125,341.76312255859375,97.24374389648438,109.02317810058594
2025-06-24,199.69232177734375,212.77000427246094,262.2658386230469,493.4800109863281,997.7572631835938,139.04136657714844,167.363037109375,166.3949432373047,149.333984375,277.30633544921875,773.944580078125,555.2085571289062,710.5313110351562,487.279296875,147.87539672851562,213.87606811523438,340.4700012207031,349.5975646972656,97.37290954589844,105.70584869384766
2025-06-25,200.94850158691406,211.99000549316406,263.14080810546875,486.2099914550781,982.4411010742188,138.73141479492188,171.1046142578125,170.29612731933594,149.42230224609375,280.0669860839844,788.0888671875,547.4111938476562,707.01953125,489.4268798828125,154.28436279296875,209.3555145263672,327.54998779296875,343.264404296875,96.63764953613281,105.73512268066406
2025-06-26,200.3901824951172,217.1199951171875,268.6293029785156,485.04998779296875,978.8262329101562,139.90342712402344,174.03799438476562,173.14968872070312,149.1573486328125,284.6910705566406,790.8939208984375,543.537353515625,724.3887939453125,494.57696533203125,154.99423217773438,211.44192504882812,325.7799987792969,344.0299377441406,95.40557098388672,107.31573486328125
2025-06-27,200.46995544433594,223.3000030517578,267.81402587890625,485.67999267578125,981.0469970703125,139.27381896972656,177.869384765625,178.12847900390625,149.5498504638672,283.0740966796875,771.3284912109375,548.0286254882812,731.9110717773438,493.07568359375,157.72378540039062,208.87863159179688,323.6300048828125,346.5950012207031,96.64757537841797,106.72056579589844
2025-06-30,204.54754638671875,219.38999938964844,274.0780334472656,485.7699890136719,985.8270263671875,138.6926727294922,176.99134826660156,175.83364868164062,149.8834686279297,285.83477783203125,775.3868408203125,559.6002197265625,736.3607177734375,494.5372009277344,157.96376037597656,217.21429443359375,317.6600036621094,352.997802734375,97.1543197631836,105.1789779663086
2025-07-01,207.18951416015625,220.4600067138672,263.2302551269531,489.6099853515625,981.863525390625,140.9979248046875,176.51243591308594,175.44451904296875,152.99398803710938,286.3277282714844,771.776123046875,562.2591552734375,717.5348510742188,489.2081298828125,153.2745361328125,217.5421600341797,300.7099914550781,353.4153747558594,97.61136627197266,106.58396911621094
2025-07-02,211.7954864501953,219.9199981689453,268.36083984375,480.4800109863281,978.278564453125,143.3322296142578,179.35601806640625,178.23822021484375,152.6407470703125,287.8953857421875,775.13818359375,559.1819458007812,711.8980712890625,488.2536926269531,157.22386169433594,228.4907989501953,315.6499938964844,352.172607421875,96.98539733886719,108.34996795654297
2025-07-03,212.90213012695312,223.41000366210938,273.6107482910156,485.0,982.919189453125,143.70997619628906,180.1442413330078,179.126220703125,153.08229064941406,293.2451171875,776.520751953125,566.8698120117188,717.3253784179688,495.95892333984375,159.3135223388672,235.7832794189453,315.3500061035156,356.7857360839844,97.73060607910156,109.47200012207031
2025-07-07,209.3130340576172,223.47000122070312,272.616455078125,478.0299987792969,988.0578002929688,142.7704315185547,177.1609649658203,176.3923797607422,152.35618591308594,289.25262451171875,768.76220703125,562.7669677734375,716.6668701171875,494.84539794921875,158.21371459960938,230.7560272216797,293.94000244140625,354.5786437988281,98.71426391601562,108.40850067138672
2025-07-08,209.37286376953125,219.36000061035156,270.25,477.4700012207031,981.7440795898438,148.42701721191406,174.766357421875,173.9678497314453,152.8664093017578,280.1481628417969,773.5267333984375,560.09814453125,718.9813842773438,493.751708984375,159.97341918945312,232.98153686523438,297.80999755859375,352.50067138671875,96.4687271118164,111.41361999511719
2025-07-09,210.4994354248047,222.5399932861328,276.31524658203125,478.9100036621094,978.0097045898438,148.21392822265625,177.26075744628906,176.2227783203125,153.34722900390625,280.524658203125,782.7374877929688,563.5184936523438,731.0631103515625,500.6019592285156,162.85293579101562,234.28305053710938,295.8800048828125,355.692138671875,96.19052124023438,111.0331039428711
2025-07-10,211.7655792236328,222.25999450683594,273.8294677734375,478.2699890136719,966.13916015625,149.3278045654297,178.29840087890625,177.22052001953125,154.73077392578125,285.5078125,786.4476928710938,561.9329833984375,725.5360107421875,498.58367919921875,164.07273864746094,233.9744110107422,309.8699951171875,353.822998046875,94.25299835205078,112.13562774658203
2025-07-11,210.5193634033203,225.02000427246094,272.8153076171875,475.8599853515625,966.2985229492188,150.43199157714844,180.90252685546875,179.7847442626953,153.95559692382812,284.190185546875,788.795166015625,548.6304931640625,715.8289184570312,500.4130554199219,164.89259338378906,229.5537872314453,313.510009765625,345.9189453125,93.79594421386719,112.62347412109375
2025-07-14,207.98707580566406,225.69000244140625,274.0283508300781,476.30999755859375,976.83447265625,146.88694763183594,182.39915466308594,181.15164184570312,153.87710571289062,286.0130615234375,795.091552734375,551.4625244140625,719.2308349609375,500.1147766113281,164.04273986816406,228.2793731689453,316.8999938964844,348.47412109375,95.16710662841797,111.15018463134766
2025-07-15,208.47560119628906,226.35000610351562,279.337890625,470.1300048828125,963.6594848632812,145.9571075439453,182.6885223388672,181.59068298339844,152.258056640625,283.8830871582031,767.6481323242188,548.8099975585938,708.7255859375,502.89862060546875,170.671630859375,233.93460083007812,310.7799987792969,345.0141906738281,94.77960968017578,110.16474151611328
2025-07-16,209.5224151611328,223.19000244140625,279.2086181640625,471.30999755859375,947.4172973632812,145.2113037109375,183.3570098876953,182.55848693847656,161.68771362304688,283.1598815917969,785.6022338867188,553.9555053710938,701.2630004882812,502.69976806640625,171.34152221679688,240.24691772460938,321.6700134277344,347.8775329589844,94.54114532470703,109.50127410888672
2025-07-17,209.38282775878906,223.8800048828125,284.8164978027344,473.3999938964844,949.9467163085938,146.6254425048828,184.284912109375,183.1671142578125,159.92149353027344,287.201904296875,757.4525756835938,554.0452270507812,699.7665405273438,508.7446594238281,172.97125244140625,247.66439819335938,319.4100036621094,347.7880554199219,94.48152923583984,108.94513702392578
2025-07-18,210.539306640625,226.1300048828125,281.7242126464844,473.79998779296875,946.9990844726562,145.3275146484375,185.52212524414062,184.64378356933594,160.6279754638672,288.55914306640625,767.6083374023438,551.103515625,702.6298828125,507.10418701171875,172.38136291503906,244.37879943847656,329.6499938964844,347.032470703125,94.4417953491211,105.14971160888672
2025-07-21,211.83535766601562,229.3000030517578,286.56640625,474.4100036621094,943.6231079101562,144.97882080078125,190.7204132080078,189.67245483398438,161.27560424804688,288.2619323730469,758.1290283203125,553.0879516601562,711.2994384765625,507.1141052246094,171.35153198242188,242.47714233398438,328.489990234375,348.9115295410156,95.05781555175781,105.42290496826172
2025-07-22,213.74954223632812,227.47000122070312,277.00128173828125,478.1300048828125,937.6978149414062,145.3275146484375,191.6782684326172,190.90966796875,164.77859497070312,288.7176513671875,772.313232421875,557.1864013671875,703.1585693359375,502.3517761230469,167.00225830078125,237.07083129882812,332.1099853515625,349.8262023925781,95.23666381835938,105.90099334716797
2025-07-23,213.50030517578125,228.2899932861328,282.0722351074219,482.6300048828125,937.2796020507812,148.31077575683594,191.07960510253906,189.8021697998047,165.92665100097656,293.998046875,794.6439208984375,560.5070190429688,711.9080810546875,502.94830322265625,170.75161743164062,240.84429931640625,332.55999755859375,353.2364196777344,95.06775665283203,107.25719451904297
2025-07-24,213.11146545410156,232.22999572753906,287.0635681152344,480.6000061035156,929.9202880859375,150.93568420410156,192.76580810546875,191.73780822753906,166.3780059814453,293.78997802734375,801.1491088867188,561.9130249023438,713.125244140625,507.92938232421875,173.7111358642578,241.77023315429688,305.29998779296875,351.9240417480469,95.98186492919922,108.09628295898438
2025-07-25,213.2311248779297,231.44000244140625,288.5251770019531,484.07000732421875,931.59326171875,149.9767608642578,193.6438446044922,192.74551391601562,165.14166259765625,295.84075927734375,808.3705444335938,566.6196899414062,711.0101318359375,510.7430725097656,173.47117614746094,244.05023193359375,316.05999755859375,354.976318359375,96.84630584716797,107.71576690673828
2025-07-28,213.40061950683594,232.7899932861328,292.6216735839844,481.70001220703125,930.1094360351562,151.3715362548828,192.9853057861328,192.14688110351562,163.10069274902344,295.50390625,803.8148803710938,566.6795654296875,715.9486083984375,509.5400085449219,176.7206268310547,246.62893676757812,325.5899963378906,353.4153747558594,96.98539733886719,108.73048400878906
2025-07-29,210.62904357910156,231.00999450683594,295.72393798828125,476.55999755859375,930.6870727539062,152.0979766845703,195.98854064941406,195.3097381591797,164.95521545410156,294.27545166015625,758.8949584960938,561.7335205078125,698.35986328125,509.609619140625,175.4808349609375,248.88902282714844,321.20001220703125,349.259521484375,97.70079803466797,110.13545989990234
2025-07-30,208.415771484375,230.19000244140625,300.894287109375,476.0,923.6563720703125,148.73695373535156,196.9962921142578,196.08799743652344,164.1211700439453,296.8413391113281,756.0401611328125,557.5353393554688,693.5811157226562,510.2757263183594,179.24021911621094,249.50633239746094,319.0400085449219,348.8817138671875,96.96553802490234,109.1792984008789
2025-07-31,206.94027709960938,234.11000061035156,292.025146484375,471.8800048828125,935.7360229492188,146.8772735595703,192.42657470703125,191.46839904785156,161.6484832763672,293.4828796386719,736.136474609375,564.8745727539062,771.6278076171875,530.418701171875,177.84043884277344,252.66249084472656,308.2699890136719,343.47314453125,97.35304260253906,108.92561340332031
2025-08-01,201.76602172851562,214.75,286.9939880371094,472.8399963378906,949.876708984375,146.64479064941406,189.52310180664062,188.70465087890625,164.1898651123047,286.6768493652344,758.2782592773438,558.313232421875,748.2527465820312,521.0829467773438,173.69113159179688,243.35330200195312,302.6300048828125,337.3885498046875,97.85977172851562,106.9742431640625
2025-08-04,202.7330780029297,211.64999389648438,296.0221862792969,459.1099853515625,952.71875,146.29611206054688,195.31008911132812,194.60133361816406,167.83023071289062,291.5213317871094,764.9127197265625,568.2052001953125,774.5509643554688,532.5464477539062,179.9700927734375,251.4279022216797,309.260009765625,340.1723327636719,98.95272827148438,104.75943756103516
2025-08-05,202.3043670654297,213.75,291.259521484375,464.19000244140625,941.0112915039062,148.23330688476562,194.8810577392578,194.232177734375,167.53587341308594,288.658203125,761.8790283203125,564.4458618164062,761.6712036132812,524.7019653320312,178.23037719726562,254.55419921875,308.7200012207031,335.4796447753906,98.67452239990234,104.63259887695312
2025-08-06,212.60304260253906,222.30999755859375,299.94970703125,468.9100036621094,965.8721313476562,147.98146057128906,196.4774627685547,195.6489715576172,167.388671875,288.6383972167969,742.403076171875,567.5271606445312,770.1812133789062,521.908203125,179.3901824951172,255.3108673095703,319.9100036621094,337.77630615234375,102.6986083984375,103.92034912109375
2025-08-07,219.36245727539062,223.1300048828125,302.02777099609375,461.4700012207031,974.7374267578125,148.3495330810547,196.83663940429688,196.07801818847656,168.31105041503906,284.2694396972656,637.453857421875,559.639404296875,760.0449829101562,517.8319091796875,180.73997497558594,248.30160522460938,322.2699890136719,330.1705017089844,102.46015167236328,103.37396240234375
2025-08-08,228.65419006347656,222.69000244140625,303.23089599609375,465.3999938964844,978.2576904296875,150.14141845703125,201.63583374023438,200.9669952392578,170.0772705078125,286.0725402832031,622.32470703125,572.7025756835938,767.49755859375,519.02490234375,182.6696319580078,248.958740234375,329.6499938964844,334.8333740234375,103.06624603271484,104.20330047607422
2025-08-11,226.747802734375,221.3000030517578,302.1669616699219,464.7300109863281,985.99609375,148.6304168701172,201.1768798828125,200.54794311523438,170.55809020996094,286.8650817871094,631.8438110351562,571.9746704101562,764.0755615234375,518.7564697265625,182.0297393798828,251.57723999023438,339.0299987792969,333.9584655761719,103.26496124267578,103.25688171386719
2025-08-12,229.21310424804688,221.47000122070312,311.0460510253906,470.3900146484375,988.4991455078125,149.58934020996094,203.70118713378906,202.88267517089844,169.53759765625,290.12445068359375,636.0314331054688,572.5629272460938,788.1489868164062,526.183349609375,183.1295623779297,252.75210571289062,340.8399963378906,335.3827209472656,102.95695495605469,103.54957580566406
2025-08-13,232.88612365722656,224.55999755859375,307.327392578125,477.30999755859375,976.133544921875,150.9744110107422,202.57371520996094,201.50579833984375,171.14678955078125,287.8260192871094,656.9794921875,576.2724609375,778.2523193359375,517.5734252929688,181.55982971191406,243.1143341064453,339.3800048828125,341.1693115234375,100.3437728881836,104.98384094238281
2025-08-14,232.337158203125,230.97999572753906,309.4551696777344,479.2200012207031,972.6831665039062,150.28672790527344,203.36196899414062,202.48358154296875,171.44117736816406,291.4222717285156,680.792236328125,582.115966796875,780.2974243164062,519.46240234375,181.98974609375,243.8909454345703,335.5799865722656,344.0974426269531,100.20466613769531,104.7691879272461
2025-08-15,231.1494140625,231.02999877929688,304.5930480957031,477.20001220703125,969.3424682617188,151.633056640625,204.4495086669922,203.44140625,173.32516479492188,287.7864074707031,699.0349731445312,580.061767578125,783.3901977539062,517.1657104492188,180.42001342773438,247.19644165039062,330.55999755859375,343.0815734863281,99.59217834472656,104.86766815185547
2025-08-18,230.4507598876953,231.49000549316406,304.0163879394531,478.5199890136719,976.6321411132812,150.4416961669922,203.8308868408203,203.04232788085938,172.94247436523438,288.8167419433594,695.8648681640625,582.4949340820312,765.572021484375,514.1134033203125,181.97975158691406,247.98301696777344,335.1600036621094,341.3585205078125,100.28932189941406,105.09416961669922
2025-08-19,230.1213836669922,228.00999450683594,293.2282409667969,485.30999755859375,978.1279907226562,148.86488342285156,202.03494262695312,201.11668395996094,174.46337890625,287.954833984375,701.0088500976562,583.8610229492188,749.71923828125,506.8258056640625,175.61080932617188,233.59605407714844,329.30999755859375,341.0697326660156,100.87691497802734,105.78350067138672
2025-08-20,225.5800323486328,223.80999755859375,289.50958251953125,488.67999267578125,991.8099365234375,150.0597381591797,199.74009704589844,198.87171936035156,175.48385620117188,289.5201110839844,703.2318115234375,591.0108032226562,745.9680786132812,502.7992248535156,175.370849609375,234.0341339111328,323.8999938964844,342.5437316894531,102.15170288085938,106.8765869140625
2025-08-21,224.47215270996094,221.9499969482422,287.9485168457031,488.5899963378906,966.989013671875,152.3416748046875,200.16912841796875,199.3007354736328,175.57217407226562,288.7572937011719,707.5980834960938,590.2529907226562,737.3682250976562,502.15185546875,174.95091247558594,232.14244079589844,320.1099853515625,342.3047180175781,97.56050109863281,107.56593322753906
2025-08-22,227.3267059326172,228.83999633789062,292.32342529296875,489.0,955.8798828125,154.91741943359375,206.25543212890625,205.62648010253906,175.9254150390625,293.4828796386719,709.4522094726562,597.273193359375,753.021484375,505.1295166015625,177.96043395996094,235.3384246826172,340.010009765625,348.6291198730469,96.43510437011719,109.58470153808594
2025-08-25,226.72784423828125,227.94000244140625,292.5521240234375,486.17999267578125,938.967041015625,154.93701171875,208.68995666503906,208.02110290527344,175.0619354248047,292.1553649902344,693.1535034179688,591.5393676757812,751.5349731445312,502.17181396484375,179.78012084960938,234.38262939453125,346.6000061035156,347.4140319824219,95.67820739746094,110.03768157958984
2025-08-26,228.87376403808594,228.7100067138672,296.310546875,492.2099914550781,938.7276611328125,154.1143341064453,207.48265075683594,206.6741180419922,174.44911193847656,295.7912292480469,733.72607421875,589.9437866210938,752.3331298828125,499.96099853515625,181.7397918701172,233.1878662109375,351.6700134277344,349.7644958496094,95.65828704833984,109.79148864746094
2025-08-27,230.05152893066406,229.1199951171875,298.53778076171875,495.7200012207031,946.885009765625,155.95558166503906,207.74208068847656,207.0133514404297,174.74562072753906,296.4945983886719,731.871826171875,588.9965209960938,745.62890625,504.64154052734375,181.56982421875,234.78086853027344,349.6000061035156,348.9378662109375,95.68816375732422,111.03230285644531
2025-08-28,232.11758422851562,231.60000610351562,306.8898620605469,499.8599853515625,942.337646484375,156.03392028808594,211.89273071289062,211.1640167236328,173.421142578125,298.2679443359375,729.6688232421875,588.8170166015625,749.35009765625,507.529541015625,180.1400604248047,239.2711944580078,345.9800109863281,348.4498291015625,95.7180404663086,111.62316131591797
2025-08-29,231.69837951660156,229.0,295.6941223144531,502.9800109863281,940.7021484375,157.2875213623047,213.05010986328125,212.43115234375,175.12123107910156,298.6147155761719,730.286865234375,593.6134643554688,736.96923828125,504.59173583984375,174.1510467529297,225.14312744140625,333.8699951171875,350.36212158203125,96.5844955444336,112.54883575439453
2025-09-02,229.28298950195312,225.33999633789062,296.53924560546875,501.1400146484375,936.2147216796875,158.4921417236328,211.5135955810547,210.87466430664062,176.00094604492188,296.91070556640625,732.8886108398438,590.203125,733.3875732421875,503.0282287597656,170.75161743164062,224.31674194335938,329.3599853515625,348.65899658203125,97.45094299316406,112.9427490234375
2025-09-03,238.01634216308594,225.99000549316406,300.6656188964844,501.489990234375,947.144287109375,154.79989624023438,230.5806427001953,230.1412353515625,175.94163513183594,296.72247314453125,735.5203857421875,591.609130859375,735.3230590820312,503.2572937011719,170.59165954589844,222.4748077392578,334.0899963378906,349.4557800292969,99.03446197509766,110.2051010131836
2025-09-04,239.32383728027344,235.67999267578125,304.3544616699219,506.9100036621094,953.2472534179688,154.4375457763672,232.1371307373047,231.7775421142578,176.69285583496094,300.99237060546875,740.58447265625,593.9624633789062,746.8959350585938,505.866455078125,171.63148498535156,222.02679443359375,338.5299987792969,349.5752868652344,100.51838684082031,110.68763732910156
2025-09-05,239.2340087890625,232.3300018310547,332.98028564453125,499.7699890136719,960.8062133789062,150.4906463623047,234.64149475097656,234.4714813232422,176.3666534423828,291.6402282714844,724.9336547851562,582.5746459960938,750.68701171875,492.9501647949219,166.9922637939453,231.7840118408203,350.8399963378906,341.83660888671875,100.10009765625,107.56593322753906
2025-09-08,237.42745971679688,235.83999633789062,343.67889404296875,493.7799987792969,969.1529541015625,150.82363891601562,233.84259033203125,233.72247314453125,176.0701446533203,290.18389892578125,736.327880859375,584.9479370117188,750.5372924804688,496.13690185546875,168.2820281982422,237.43922424316406,346.3999938964844,340.9203186035156,101.86287689208984,108.17648315429688
2025-09-09,233.9041748046875,238.24000549316406,334.7501220703125,492.7200012207031,976.532470703125,151.65611267089844,239.61474609375,239.30491638183594,174.91368103027344,295.0779113769531,748.2603759765625,582.3552856445312,763.9059448242188,496.34600830078125,170.7316131591797,240.45599365234375,346.9700012207031,342.6034851074219,101.87284088134766,108.96429443359375
2025-09-10,226.35855102539062,230.3300018310547,367.4624938964844,490.0799865722656,953.6361694335938,154.53546142578125,239.23526000976562,238.84552001953125,173.7572021484375,297.7428894042969,752.2578125,577.748291015625,750.2180786132812,498.29791259765625,177.300537109375,326.8970947265625,347.7900085449219,336.75714111328125,100.0005111694336,110.7861099243164
2025-09-11,229.59239196777344,229.9499969482422,357.57916259765625,496.9100036621094,961.6438598632812,154.98597717285156,240.45361328125,240.0438995361328,176.43585205078125,302.7161560058594,753.9127197265625,587.0719604492188,749.140625,498.9352722167969,177.1505584716797,306.51641845703125,368.80999755859375,342.10552978515625,102.23136901855469,110.43159484863281
2025-09-12,233.6247100830078,228.14999389648438,357.8177795410156,493.739990234375,965.2140502929688,153.86949157714844,241.0528106689453,240.4733123779297,176.00094604492188,304.0535888671875,753.0254516601562,578.7753295898438,753.8196411132812,507.7884521484375,177.80047607421875,290.90484619140625,395.94000244140625,338.0618896484375,103.06793975830078,110.4512939453125
2025-09-15,236.24969482421875,231.42999267578125,362.0137023925781,491.5400085449219,957.4356079101562,154.06536865234375,251.41873168945312,251.26864624023438,175.34857177734375,306.0250549316406,745.8480224609375,581.3182373046875,762.9082641601562,513.225830078125,177.73048400878906,300.8214111328125,410.0400085449219,337.6833801269531,103.26713562011719,110.63839721679688
2025-09-16,237.6969451904297,234.0500030517578,357.9470520019531,490.989990234375,949.4279174804688,156.24935913085938,251.0791778564453,250.8192596435547,174.41946411132812,306.3123474121094,762.3162841796875,584.7684326171875,777.1747436523438,506.9320068359375,174.86080932617188,305.31170654296875,421.6199951171875,338.65948486328125,102.99822998046875,112.93289947509766
2025-09-17,238.5353546142578,231.6199951171875,344.1959228515625,492.3299865722656,960.3574829101562,156.78802490234375,249.51132202148438,249.19146728515625,175.15089416503906,308.8485412597656,757.7506103515625,596.944091796875,773.9024658203125,507.9079284667969,170.27130126953125,300.0945739746094,425.8599853515625,344.8045959472656,103.84475708007812,113.53359985351562
2025-09-18,237.42745971679688,231.22999572753906,343.380615234375,490.5,949.717041015625,155.56381225585938,251.98794555664062,251.68807983398438,172.14605712890625,310.3147888183594,760.5418090820312,584.3994750976562,778.421875,506.3444519042969,176.2206573486328,295.3254699707031,416.8500061035156,336.8169250488281,103.17749786376953,112.19432830810547
2025-09-19,245.032958984375,231.47999572753906,342.9729309082031,492.8500061035156,948.5203857421875,152.98806762695312,254.89401245117188,254.3744354248047,174.152587890625,311.850341796875,749.6361083984375,582.5147705078125,776.5562133789062,515.7852172851562,176.6505889892578,307.3129577636719,426.07000732421875,340.2330627441406,101.91268157958984,111.10123443603516
2025-09-22,255.5928192138672,227.6300048828125,337.4351806640625,493.7099914550781,940.6423950195312,152.83135986328125,252.53721618652344,252.18739318847656,172.1954803466797,309.5321044921875,752.5868530273438,582.8438720703125,763.8824462890625,512.3196411132812,183.58984375,326.7178649902344,434.2099914550781,342.97198486328125,102.40068054199219,110.31341552734375
2025-09-23,253.9459686279297,220.7100067138672,337.5845642089844,494.1000061035156,940.9813842773438,154.173095703125,251.99794006347656,251.31858825683594,174.53805541992188,309.8293151855469,744.6417846679688,568.36474609375,754.1387329101562,507.1212463378906,178.410400390625,312.4603576660156,425.8500061035156,337.3348388671875,102.10189819335938,112.2140121459961
2025-09-24,251.8300018310547,220.2100067138672,337.9530944824219,497.0899963378906,942.6467895507812,155.8968048095703,247.4940643310547,246.80470275878906,174.6468048095703,310.5030212402344,739.52783203125,567.2080688476562,759.3899536132812,508.0373840332031,176.9505615234375,307.1138000488281,442.7900085449219,337.31488037109375,102.31105041503906,112.81472778320312
2025-09-25,256.3813171386719,218.14999389648438,334.75592041015625,494.9599914550781,940.6921997070312,157.40504455566406,246.2357635498047,245.45654296875,175.6747589111328,310.5327453613281,712.3532104492188,565.7022705078125,747.6595458984375,504.9303283691406,177.67050170898438,290.05853271484375,423.3900146484375,333.58001708984375,102.62974548339844,113.82903289794922
2025-09-26,254.97401428222656,219.77999877929688,333.19219970703125,500.0299987792969,913.4081420898438,156.85659790039062,246.8449249267578,246.2055206298828,177.6318817138672,313.118408203125,722.27197265625,563.5383911132812,742.5081787109375,509.3419494628906,178.17044067382812,282.222900390625,440.3999938964844,336.01019287109375,102.73929595947266,115.4342041015625
2025-09-29,253.9459686279297,222.1699981689453,326.5887145996094,499.25,914.3256225585938,152.8803253173828,244.0287628173828,243.71890258789062,179.519775390625,312.75189208984375,724.23583984375,566.5399169921875,742.1587524414062,512.4689331054688,181.83004760742188,281.5260009765625,443.2099914550781,338.7889404296875,102.65962219238281,112.47990417480469
2025-09-30,254.14559936523438,219.57000732421875,328.5906677246094,502.739990234375,923.061279296875,152.08702087402344,243.2198486328125,242.77020263671875,183.2758331298828,312.4942932128906,760.611572265625,567.2080688476562,733.1538696289062,515.8051147460938,186.55950927734375,280.0126037597656,444.7200012207031,340.0040283203125,102.63969421386719,111.03230285644531
2025-10-01,254.9640350341797,220.6300048828125,332.0567626953125,498.20001220703125,914.7943115234375,151.3916778564453,245.2071533203125,244.5677490234375,183.8985595703125,307.8182373046875,822.836181640625,572.1541137695312,716.1422729492188,517.5578002929688,187.21945190429688,287.7486877441406,459.4599914550781,346.4280090332031,101.54418182373047,110.28387451171875
2025-10-02,256.6408386230469,222.41000366210938,336.82757568359375,495.9200134277344,914.2258911132812,150.2066192626953,246.095947265625,245.35667419433594,183.82936096191406,304.6876220703125,817.2836303710938,575.7041015625,725.8360595703125,513.6041870117188,188.8692626953125,287.5196838378906,436.0,344.55560302734375,101.28524780273438,109.59454345703125
2025-10-03,257.5291442871094,219.50999450683594,337.0168151855469,498.75,912.8397216796875,150.38291931152344,246.1159210205078,245.01715087890625,186.45860290527344,307.1445617675781,837.2410278320312,578.8152465820312,709.3735961914062,515.20751953125,187.59939575195312,284.8912353515625,429.8299865722656,348.4299011230469,101.65373992919922,111.53453063964844
2025-10-06,256.20166015625,220.89999389648438,334.1483459472656,500.0199890136719,908.4120483398438,150.84323120117188,251.16905212402344,250.09024047851562,185.98416137695312,307.7916259765625,842.4047241210938,577.179931640625,714.465087890625,526.3811645507812,185.51962280273438,290.31744384765625,453.25,347.8721923828125,102.28116607666016,112.460205078125
2025-10-07,255.99209594726562,221.77999877929688,335.0646667480469,502.29998779296875,912.2613525390625,151.71487426757812,246.7949981689453,245.42657470703125,186.70570373535156,306.3083190917969,840.9891967773438,578.20703125,711.889404296875,521.8101196289062,185.01968383789062,282.99951171875,433.0899963378906,350.9995422363281,102.81896209716797,112.51929473876953
2025-10-08,257.569091796875,225.22000122070312,344.1183166503906,499.8399963378906,912.2613525390625,150.5690155029297,245.1272735595703,244.2881317138672,187.49647521972656,302.6647644042969,843.0726318359375,574.8165893554688,716.6414794921875,522.676513671875,189.0892333984375,287.370361328125,438.69000244140625,349.94378662109375,102.48035430908203,112.28295135498047
2025-10-09,253.55670166015625,227.74000549316406,343.6402282714844,496.739990234375,940.2733764648438,148.5123291015625,241.88168334960938,241.2023162841797,188.87039184570312,304.15802001953125,852.6724853515625,563.7032470703125,732.2852783203125,520.2366943359375,192.54885864257812,296.17706298828125,435.5400085449219,345.6412353515625,101.3549575805664,111.18986511230469
2025-10-10,244.80340576171875,216.3699951171875,323.331787109375,489.1300048828125,927.4291381835938,145.82882690429688,237.16807556152344,236.2490692138672,188.51455688476562,299.53887939453125,830.8809814453125,556.6438598632812,704.1223754882812,508.84405517578125,183.139892578125,292.1876220703125,413.489990234375,342.2648620605469,101.42466735839844,109.04307556152344
2025-10-13,247.18885803222656,220.07000732421875,355.2735290527344,491.92999267578125,932.9636840820312,148.80612182617188,244.30838012695312,243.81875610351562,188.6924591064453,306.5870666503906,816.8351440429688,558.4012451171875,714.5050048828125,511.9212646484375,188.29933166503906,307.1979675292969,435.8999938964844,341.916259765625,101.70353698730469,110.53006744384766
2025-10-14,247.29864501953125,216.38999938964844,342.7538146972656,495.9700012207031,943.8833618164062,149.24685668945312,245.85629272460938,245.1169891357422,188.64305114746094,300.7235107421875,809.80712890625,567.0681762695312,707.466796875,511.4432067871094,180.01022338867188,298.2117004394531,429.239990234375,346.975830078125,106.77277374267578,110.57930755615234
2025-10-15,248.86566162109375,215.57000732421875,349.92498779296875,496.3900146484375,952.3397827148438,148.97262573242188,251.36880493164062,250.68942260742188,188.9593505859375,304.3172912597656,823.982666015625,561.9658813476562,716.3519287109375,511.3038330078125,179.8102569580078,302.81951904296875,435.1499938964844,344.2966613769531,108.5853500366211,109.90966796875
2025-10-16,246.97926330566406,214.47000122070312,352.7337341308594,488.80999755859375,923.05126953125,148.58087158203125,251.53857421875,251.1188507080078,189.8983612060547,297.19940185546875,816.8151245117188,549.0552978515625,710.881103515625,509.4913330078125,181.7900390625,312.1748046875,428.75,334.0481262207031,106.03579711914062,108.9544448852539
2025-10-17,251.81002807617188,213.0399932861328,347.9330139160156,492.4200134277344,933.7315673828125,149.92262268066406,253.4459686279297,252.9563446044922,190.9856414794922,296.22381591796875,800.3169555664062,560.1286010742188,715.7229614257812,511.4532165527344,183.19989013671875,290.5419921875,439.30999755859375,340.511962890625,107.29065704345703,110.53006744384766
2025-10-20,261.7411193847656,216.47999572753906,347.8433532714844,494.0799865722656,933.5121459960938,151.2937469482422,256.6716003417969,256.2019348144531,191.4798583984375,301.0022277832031,806.4277954101562,565.5105590820312,730.947509765625,514.6498413085938,182.6199493408203,276.44921875,447.42999267578125,343.0218200683594,106.6134262084961,110.9830551147461
2025-10-21,262.27008056640625,222.02999877929688,341.2897033691406,491.2900085449219,934.8983154296875,150.6179656982422,250.99929809570312,250.12020874023438,189.66114807128906,295.75592041015625,797.067138671875,571.1720581054688,732.0457153320312,515.5162963867188,181.14010620117188,274.4245910644531,442.6000061035156,345.8105163574219,105.78681182861328,110.99291229248047
2025-10-22,257.9583435058594,217.9499969482422,338.9391174316406,491.80999755859375,942.0584106445312,152.36126708984375,252.18768310546875,251.34854125976562,190.70889282226562,292.7892761230469,809.8869018554688,570.5030517578125,732.1854248046875,518.3843383789062,180.2602081298828,271.941162109375,438.9700012207031,343.96795654296875,106.70305633544922,112.96244049072266
2025-10-23,259.0861511230469,221.08999633789062,342.9131774902344,490.1600036621094,939.4357299804688,153.33084106445312,253.3860626220703,252.73666381835938,190.2443084716797,293.2173767089844,818.4699096679688,572.9094848632812,732.7744750976562,518.404296875,182.13999938964844,279.3316345214844,448.9800109863281,344.5655517578125,106.42420196533203,114.21309661865234
2025-10-24,262.3200378417969,224.2100067138672,352.71380615234375,492.1000061035156,929.55322265625,152.35145568847656,260.1568603515625,259.5673828125,188.1982421875,299.09088134765625,822.8660888671875,572.8095703125,737.127197265625,521.441650390625,186.23953247070312,282.5830078125,433.7200012207031,345.9798583984375,105.73701477050781,113.632080078125
2025-10-27,268.2986145019531,226.97000122070312,360.6021423339844,488.07000732421875,927.26953125,152.07723999023438,269.5640869140625,268.9046630859375,188.0994110107422,302.7842102050781,823.8230590820312,571.5015258789062,749.5663452148438,529.3189697265625,191.46897888183594,280.6581115722656,452.4200134277344,346.4180603027344,104.04395294189453,114.1737060546875
2025-10-28,268.4882507324219,229.25,371.47845458984375,481.44000244140625,921.5953369140625,150.9509735107422,268.0661315917969,267.1071472167969,184.76837158203125,303.98876953125,817.5328369140625,565.0811767578125,750.1853637695312,539.8251953125,201.0079345703125,280.089599609375,460.54998779296875,345.50177001953125,102.74925231933594,113.2775650024414
2025-10-29,269.1869201660156,230.3000030517578,384.43646240234375,475.760009765625,909.887939453125,151.9009552001953,274.7969970703125,274.197509765625,184.44219970703125,304.13812255859375,810.9834594726562,553.7482299804688,750.4149169921875,539.3073120117188,207.01727294921875,274.5741882324219,461.510009765625,339.9044189453125,102.04214477539062,114.67593383789062
2025-10-30,270.8836669921875,222.86000061035156,374.9644775390625,478.5199890136719,917.6264038085938,150.35354614257812,281.5178527832031,281.09814453125,186.86386108398438,308.05047607421875,841.8565063476562,552.8495483398438,665.3572387695312,523.582763671875,202.8677215576172,256.2127380371094,440.1000061035156,343.6393127441406,101.8130874633789,112.9427490234375
2025-10-31,269.85565185546875,244.22000122070312,368.1518249511719,477.5400085449219,910.20654296875,154.4669189453125,281.43798828125,280.8085021972656,186.68594360351562,309.722900390625,860.1589965820312,551.162109375,647.2674560546875,515.6656494140625,202.4677734375,261.9176330566406,456.55999755859375,339.3666076660156,100.76736450195312,112.6177749633789
2025-11-03,268.53814697265625,254.0,361.1001281738281,475.67999267578125,926.7738647460938,150.86280822753906,283.73486328125,283.3350830078125,184.1061248779297,307.96087646484375,893.7236938476562,543.2539672851562,636.645263671875,514.888916015625,206.85728454589844,257.1701965332031,468.3699951171875,335.5420837402344,101.17568969726562,112.02691650390625
2025-11-04,269.5262756347656,249.32000732421875,350.5325622558594,487.6600036621094,939.45654296875,150.22622680664062,277.6830749511719,277.1634521484375,184.69918823242188,307.861328125,904.0213012695312,551.9209594726562,626.2725830078125,512.2001342773438,198.66818237304688,247.51571655273438,444.260009765625,338.9283447265625,101.85292053222656,112.40113067626953
2025-11-05,269.6260986328125,250.1999969482422,357.54443359375,488.7699890136719,933.75439453125,149.5112762451172,284.364013671875,283.92425537109375,183.84913635253906,310.2803955078125,922.9119873046875,552.4801025390625,634.88818359375,505.0597839355469,195.18858337402344,249.6500701904297,462.07000732421875,338.66943359375,101.05618286132812,111.94813537597656
2025-11-06,269.25677490234375,243.0399932861328,354.16796875,493.1499938964844,922.3200073242188,149.78550720214844,284.9532165527344,284.3636779785156,184.8079071044922,312.0126037597656,934.5055541992188,552.4501953125,617.9065551757812,495.04144287109375,188.05935668945312,243.15724182128906,445.9100036621094,335.6018371582031,101.26532745361328,112.7556381225586
2025-11-07,267.9592590332031,244.41000366210938,348.0325927734375,499.05999755859375,921.4810791015625,151.82261657714844,279.32086181640625,278.45172119140625,184.4125518798828,312.7990417480469,921.4765014648438,551.14208984375,620.6719360351562,494.7626037597656,188.1293487548828,238.6291961669922,429.5199890136719,334.6656188964844,102.1716079711914,115.4342041015625
2025-11-10,269.1781311035156,248.39999389648438,356.9568176269531,496.9800109863281,914.3109130859375,152.43960571289062,290.19610595703125,289.7064208984375,186.2312774658203,315.4670104980469,963.6141967773438,552.1306762695312,630.7052001953125,503.90460205078125,199.0281524658203,240.195068359375,445.2300109863281,333.5003356933594,102.00231170654297,116.4189682006836
2025-11-11,274.99267578125,249.10000610351562,350.552490234375,497.07000732421875,912.6132202148438,153.01744079589844,291.3445129394531,290.914794921875,191.58859252929688,314.20269775390625,985.525390625,557.5125732421875,626.0330200195312,506.573486328125,193.1387939453125,235.52740478515625,439.6199951171875,337.553955078125,103.01815795898438,117.9552001953125
2025-11-12,273.21435546875,244.1999969482422,353.7994689941406,502.3999938964844,912.7530517578125,150.1576690673828,287.04034423828125,286.3210144042969,192.14210510253906,318.97119140625,1014.5941162109375,560.3882446289062,607.9931640625,509.0233154296875,193.7787322998047,226.3915557861328,430.6000061035156,338.1826477050781,103.01815795898438,116.32048797607422
2025-11-13,272.6948547363281,237.5800018310547,338.62042236328125,513.1099853515625,923.8179321289062,152.3710479736328,278.74163818359375,278.19207763671875,192.99217224121094,308.0903015136719,1019.6681518554688,554.7367553710938,608.8717041015625,501.205810546875,186.8394775390625,216.99639892578125,401.989990234375,335.3883972167969,102.121826171875,116.98028564453125
2025-11-14,272.15533447265625,234.69000244140625,341.0904541015625,508.94000244140625,921.7207641601562,154.3689727783203,276.60455322265625,276.0350036621094,193.664306640625,302.2466125488281,1023.5716552734375,544.9114990234375,608.4424438476562,508.0672912597656,190.1491241455078,222.26248168945312,404.3500061035156,329.3408508300781,102.06207275390625,118.50015258789062
2025-11-17,267.2099609375,232.8699951171875,341.27972412109375,503.260009765625,911.344970703125,151.62673950195312,285.2128601074219,284.63330078125,197.2720947265625,299.02117919921875,1019.9976196289062,536.0447998046875,601.0048217773438,505.388427734375,186.5795135498047,219.2803497314453,408.9200134277344,325.07965087890625,102.53014373779297,116.90081024169922
2025-11-18,267.19000244140625,222.5500030517578,339.1383056640625,504.3699951171875,893.85888671875,152.1317901611328,284.5736999511719,283.8943176269531,197.68724060058594,298.06549072265625,1028.333740234375,526.7887573242188,596.6920776367188,491.74517822265625,181.340087890625,219.90869140625,401.25,320.51904296875,100.97650909423828,118.24187469482422
2025-11-19,268.3089294433594,222.69000244140625,353.0026550292969,501.260009765625,889.3849487304688,150.2303924560547,292.59283447265625,292.4127502441406,200.168212890625,301.90814208984375,1047.85107421875,529.5645141601562,589.3343505859375,485.102783203125,186.49951171875,224.93540954589844,403.989990234375,323.4530029296875,100.19969177246094,116.572998046875
2025-11-20,266.0010986328125,217.13999938964844,345.4330749511719,501.1199951171875,892.0712890625,148.85385131835938,289.5869445800781,289.05731201171875,200.72174072265625,297.0401306152344,1041.5516357421875,527.0882568359375,588.1663208007812,477.3404846191406,180.6201629638672,210.13453674316406,395.2300109863281,323.1037292480469,106.67317962646484,116.24517822265625
2025-11-21,271.2361755371094,220.69000244140625,338.83953857421875,504.0400085449219,897.7835083007812,148.5270538330078,299.2438049316406,299.25347900390625,201.54212951660156,296.6817321777344,1057.9342041015625,539.5895385742188,593.2578125,471.04486083984375,178.86036682128906,198.23597717285156,391.0899963378906,327.3050842285156,104.8904800415039,116.3047866821289
2025-11-24,275.6620788574219,226.27999877929688,376.4485168457031,507.80999755859375,884.9110717773438,148.29928588867188,318.0382995605469,318.14776611328125,203.6672821044922,296.6618347167969,1068.3768310546875,537.0432739257812,612.0264282226562,472.92059326171875,182.52996826171875,199.75196838378906,417.7799987792969,328.6223449707031,103.63561248779297,115.20213317871094
2025-11-25,276.7110900878906,229.6699981689453,383.4902648925781,508.57000732421875,893.10986328125,147.09109497070312,323.2012939453125,323.0011901855469,205.57713317871094,301.6393737792969,1108.0904541015625,545.6503295898438,635.1576538085938,475.90374755859375,177.80047607421875,196.5105438232422,419.3999938964844,333.8415832519531,106.56362915039062,113.75180053710938
2025-11-26,277.29052734375,229.16000366210938,395.9801025390625,511.2300109863281,907.0208740234375,148.0615997314453,319.8458557128906,319.5159606933594,206.46241760253906,306.258544921875,1102.4998779296875,544.1126708984375,632.5520629882812,484.3943786621094,180.24020385742188,204.41964721679688,426.5799865722656,333.1031188964844,108.65506744384766,114.01007843017578
2025-11-28,278.5893249511719,233.22000122070312,401.3485412597656,513.8099975585938,912.3436279296875,149.66592407226562,319.68603515625,319.7456359863281,205.8258056640625,311.6741027832031,1073.677978515625,549.704345703125,646.8681640625,490.88958740234375,176.98056030273438,201.41757202148438,430.1700134277344,333.75177001953125,110.05931854248047,115.1524658203125
2025-12-01,282.8353576660156,233.8800048828125,384.5360412597656,508.54998779296875,910.7158203125,151.06224060058594,314.6928405761719,314.46282958984375,204.254150390625,307.5328063964844,1056.1273193359375,543.1541137695312,639.7999267578125,485.6315612792969,179.90025329589844,200.4102325439453,430.1400146484375,329.7101135253906,111.07515716552734,115.8577651977539
2025-12-02,285.9224548339844,234.4199981689453,380.0440979003906,506.6499938964844,920.7720947265625,148.79443359375,315.59161376953125,315.38153076171875,204.333740234375,306.4974670410156,1044.376953125,545.0911865234375,646.01953125,488.8841552734375,181.44007873535156,200.56982421875,429.239990234375,328.9416809082031,111.95156860351562,114.61603546142578
2025-12-03,283.8843688964844,232.3800048828125,379.087890625,503.6000061035156,921.0017700195312,150.1214599609375,320.1853942871094,319.19635009765625,204.2442169189453,310.7283935546875,1031.837890625,552.8994750976562,638.5320434570312,476.64208984375,179.57028198242188,207.1823272705078,446.739990234375,328.93170166015625,113.94342041015625,117.02001953125
2025-12-04,280.4375915527344,229.11000061035156,379.5062561035156,503.2300109863281,894.6377563476562,150.7849578857422,317.9584045410156,317.1890869140625,201.40928649902344,314.6805725097656,1012.7996215820312,541.4966430664062,660.425537109375,479.7449951171875,183.37008666992188,213.7649383544922,454.5299987792969,326.4268798828125,114.37165069580078,116.36438751220703
2025-12-05,278.5193786621094,229.52999877929688,388.6794128417969,504.3399963378906,893.4594116210938,148.54685974121094,321.65338134765625,320.8341064453125,200.8621826171875,313.6253356933594,1008.6265869140625,544.7018432617188,672.2955932617188,482.0597229003906,182.40013122558594,217.00636291503906,455.0,330.558349609375,114.64055633544922,115.76836395263672
2025-12-08,277.6302185058594,226.88999938964844,399.4960021972656,497.2300109863281,886.3092041015625,147.2693634033203,314.2286376953125,313.49932861328125,200.5538330078125,313.7945556640625,995.9277954101562,539.6294555664062,665.6866455078125,489.9018249511719,185.5399627685547,219.95855712890625,439.5799865722656,326.16741943359375,113.09687042236328,115.21207427978516
2025-12-09,276.9208679199219,227.9199981689453,404.66522216796875,491.42999267578125,887.2279052734375,147.05149841308594,317.52630615234375,316.85693359375,198.90261840820312,299.16058349609375,980.5833740234375,536.7437744140625,655.8631591796875,490.8995361328125,184.95999145507812,220.94595336914062,445.1700134277344,325.828125,114.59075927734375,117.467041015625
2025-12-10,278.5193786621094,231.77999877929688,411.3185119628906,490.42999267578125,873.217041015625,149.94320678710938,320.7740173339844,319.9847412109375,205.44781494140625,308.7174377441406,991.984375,538.0517578125,649.0444946289062,477.4701843261719,183.77005004882812,222.4220428466797,451.45001220703125,325.0596923828125,112.71842956542969,118.74849700927734
2025-12-11,277.77008056640625,230.27999877929688,404.7449035644531,495.8500061035156,883.2733154296875,149.2598876953125,313.4791564941406,312.210205078125,208.8994598388672,315.9548034667969,1007.6981201171875,562.5250244140625,651.6201782226562,482.3690185546875,180.92019653320312,198.32574462890625,446.8900146484375,344.91876220703125,115.04888153076172,118.74849700927734
2025-12-12,278.0198669433594,226.19000244140625,358.4906005859375,499.5199890136719,883.2633056640625,148.53695678710938,310.3013916015625,309.07244873046875,210.46116638183594,317.0896911621094,1025.7979736328125,571.0722045898438,643.1543579101562,477.4402770996094,175.01052856445312,189.4691619873047,458.9599914550781,347.11419677734375,116.46098327636719,118.03326416015625
2025-12-15,273.8537292480469,222.5399932861328,338.4510803222656,506.3800048828125,859.3859252929688,148.3488006591797,309.10223388671875,308.003173828125,213.03746032714844,318.58294677734375,1060.4200439453125,568.2764282226562,646.9561157226562,473.73870849609375,176.28045654296875,184.43246459960938,475.30999755859375,346.1761779785156,116.5508041381836,116.98028564453125
2025-12-16,274.353271484375,222.55999755859375,339.93511962890625,499.8399963378906,859.2161865234375,145.32833862304688,307.51336669921875,306.3543395996094,208.19322204589844,314.1330261230469,1052.5333251953125,565.1710815429688,656.587890625,475.3051452636719,177.71038818359375,188.1526336669922,489.8800048828125,344.3998107910156,115.18360900878906,113.9206771850586
2025-12-17,271.58587646484375,221.27000427246094,324.7162170410156,504.2699890136719,861.47314453125,148.07151794433594,297.85015869140625,296.5112609863281,209.2177734375,313.5655822753906,1040.05419921875,564.6218872070312,648.9443969726562,475.0357360839844,170.93075561523438,177.989501953125,467.260009765625,343.7012634277344,115.42312622070312,116.63260650634766
2025-12-18,271.935546875,226.75999450683594,328.5608215332031,503.3900146484375,856.4200439453125,146.25924682617188,303.5361633300781,302.2472229003906,207.2084503173828,311.594482421875,1055.1190185546875,565.3607788085938,663.881591796875,482.87786865234375,174.1305694580078,179.55535888671875,483.3699951171875,345.2979736328125,114.59481811523438,115.76836395263672
2025-12-19,273.4141845703125,227.35000610351562,338.9988708496094,494.5299987792969,854.4526977539062,146.3186492919922,308.3927307128906,306.9439392089844,205.27871704101562,315.7855529785156,1069.6546630859375,571.3717041015625,658.2064819335938,484.8134460449219,180.98020935058594,191.46388244628906,481.20001220703125,348.5312805175781,114.12578582763672,115.91736602783203
2025-12-22,270.7166748046875,228.42999267578125,340.7352600097656,499.95001220703125,848.84033203125,148.3488006591797,311.1108093261719,309.56207275390625,206.22369384765625,321.63916015625,1074.686279296875,574.8365478515625,660.9341430664062,483.81573486328125,183.6800537109375,197.85699462890625,488.7300109863281,351.3654479980469,112.369384765625,117.3676986694336
2025-12-23,272.1053771972656,232.13999938964844,348.5887756347656,500.510009765625,853.623779296875,149.05191040039062,315.457763671875,314.1288757324219,204.69183349609375,324.4664001464844,1069.8543701171875,575.4855346679688,664.3711547851562,485.7413330078125,189.19976806640625,194.8249969482422,485.55999755859375,352.6528015136719,110.67286682128906,118.62928771972656
2025-12-24,273.55401611328125,232.3800048828125,349.48687744140625,501.3399963378906,870.6705322265625,149.04202270507812,315.4477844238281,313.8690490722656,206.68125915527344,327.6918640136719,1075.1854248046875,578.5809326171875,666.9789428710938,486.90863037109375,188.59979248046875,196.96932983398438,485.3999938964844,354.4091796875,111.38141632080078,118.43061828613281
2025-12-26,273.1444091796875,232.52000427246094,351.39288330078125,498.29998779296875,872.158447265625,148.56666564941406,314.7382507324219,313.2894592285156,206.5320587158203,326.4375305175781,1075.9542236328125,578.7306518554688,662.7225952148438,486.599365234375,190.51968383789062,197.468017578125,475.19000244140625,354.26947021484375,111.51114654541016,118.32134246826172
2025-12-29,273.50408935546875,232.07000732421875,348.65863037109375,501.04998779296875,866.6560668945312,149.5272674560547,314.168701171875,313.33941650390625,206.46241760253906,322.29620361328125,1076.9324951171875,577.0332641601562,658.1265258789062,485.9907531738281,188.20980834960938,194.86489868164062,459.6400146484375,353.8802490234375,112.29953002929688,119.73194122314453
2025-12-30,272.82470703125,232.52999877929688,349.1176452636719,503.7099914550781,864.4690551757812,150.83447265625,314.32855224609375,313.6292419433594,205.81585693359375,321.96771240234375,1077.950927734375,576.553955078125,665.3803100585938,486.3699035644531,187.52984619140625,196.69007873535156,454.42999267578125,352.8923034667969,111.69078063964844,120.18889617919922
2025-12-31,271.6058349609375,230.82000732421875,345.3755187988281,502.6499938964844,861.16357421875,150.9335174560547,313.5790710449219,312.7798156738281,205.85565185546875,320.7730712890625,1072.889404296875,570.0238037109375,659.5253295898438,482.5186767578125,186.4899139404297,194.39613342285156,449.7200012207031,349.98828125,111.18183135986328,119.54319763183594
2026-01-02,270.75665283203125,226.5,346.8923034667969,496.8500061035156,853.334228515625,154.3896942138672,315.0980224609375,314.9283142089844,206.2535400390625,324.0184326171875,1078.559814453125,562.285400390625,649.8535766601562,471.8630065917969,188.83978271484375,195.19403076171875,438.07000732421875,345.7669982910156,112.52906036376953,121.83790588378906
2026-01-05,267.0101623535156,233.05999755859375,342.7011413574219,498.5199890136719,874.5452270507812,162.2626953125,317.09661865234375,316.3173522949219,203.22959899902344,332.5400085449219,1039.7745361328125,567.7172241210938,658.2264404296875,471.773193359375,188.1098175048828,192.08224487304688,451.6700134277344,353.0719299316406,112.47916412353516,124.52996063232422
2026-01-06,262.1147155761719,240.92999267578125,343.0503845214844,499.04998779296875,887.886962890625,155.02349853515625,314.32855224609375,314.1188659667969,203.70706176757812,334.6099853515625,1062.26708984375,579.4696044921875,660.0548706054688,477.4203186035156,187.22987365722656,193.23919677734375,432.9599914550781,356.8241882324219,114.10581970214844,120.24850463867188
2026-01-07,260.08660888671875,241.55999755859375,342.78094482421875,496.1199951171875,881.3759155273438,153.6964874267578,322.2030029296875,321.7535095214844,206.39279174804688,326.989990234375,1106.24365234375,579.0501708984375,648.1350708007812,482.3690185546875,189.09976196289062,192.3315887451172,431.4100036621094,355.14764404296875,112.48914337158203,117.7054443359375
2026-01-08,258.7978515625,246.2899932861328,331.7840270996094,499.7699890136719,914.0612182617188,157.70724487304688,325.7804870605469,325.2110595703125,204.6619873046875,329.7900085449219,1083.3817138671875,579.2000122070312,645.50732421875,477.0212097167969,185.0299835205078,189.14999389648438,435.79998779296875,351.50518798828125,112.83842468261719,122.09618377685547
2026-01-09,259.1275329589844,247.3800048828125,344.24786376953125,499.1000061035156,923.6182250976562,160.53955078125,328.9082946777344,328.3388671875,203.30918884277344,329.19000244140625,1061.7879638671875,575.5399780273438,652.5013427734375,478.1885681152344,184.84999084472656,198.52000427246094,445.010009765625,349.0502014160156,114.2954330444336,123.78492736816406
2026-01-12,260.0067138671875,246.47000122070312,351.47271728515625,498.6700134277344,941.7933959960938,160.76730346679688,332.4957580566406,331.62652587890625,208.6110076904297,324.489990234375,1079.19873046875,566.280029296875,641.4207763671875,476.09332275390625,184.92999267578125,204.67999267578125,448.9599914550781,342.4937438964844,117.7283935546875,123.2087631225586
2026-01-13,260.8059387207031,242.60000610351562,353.86767578125,495.239990234375,940.6448974609375,162.28248596191406,336.1931457519531,335.7336730957031,212.5202178955078,310.8999938964844,1075.39501953125,544.989990234375,630.5501708984375,469.5981750488281,185.79994201660156,202.2899932861328,447.20001220703125,327.2052917480469,120.11349487304688,125.7021484375
2026-01-14,259.71697998046875,236.64999389648438,339.17852783203125,493.1499938964844,949.6825561523438,165.61985778808594,336.0732421875,335.603759765625,217.39430236816406,307.8699951171875,1071.501708984375,546.8200073242188,614.9934692382812,458.3338928222656,183.1300811767578,193.61000061035156,439.20001220703125,328.4926452636719,119.79415130615234,129.33790588378906
2026-01-15,257.9685974121094,238.17999267578125,342.30194091796875,492.6199951171875,955.4447021484375,164.55030822753906,332.92547607421875,332.5458984375,218.40892028808594,309.260009765625,1031.248779296875,542.6500244140625,620.2689208984375,455.6200866699219,187.03988647460938,189.85000610351562,438.57000732421875,327.0755310058594,118.95586395263672,128.27500915527344
2026-01-16,255.29112243652344,239.1199951171875,350.9737548828125,493.2900085449219,962.2953491210938,164.6493377685547,330.1074523925781,329.7678527832031,217.50372314453125,312.4700012207031,1036.6697998046875,539.489990234375,619.7194213867188,458.8127746582031,186.21990966796875,191.08999633789062,437.5,327.6243896484375,119.45484161376953,129.02996826171875
2026-01-20,246.46937561035156,231.0,331.9037780761719,485.3900146484375,962.9444580078125,163.69863891601562,321.9331970214844,321.77349853515625,217.0561065673828,302.739990234375,1039.554931640625,531.739990234375,603.6032104492188,453.48492431640625,178.06036376953125,179.9199981689453,419.25,325.1495056152344,118.46687316894531,129.59620666503906
2026-01-21,247.41848754882812,231.30999755859375,328.1116943359375,483.8299865722656,981.5191040039062,165.11477661132812,328.1488342285156,328.1490173339844,216.85716247558594,302.0400085449219,1076.722900390625,527.5700073242188,612.4356689453125,443.0986328125,183.31008911132812,173.8800048828125,431.44000244140625,324.6106262207031,119.11553955078125,132.725341796875
2026-01-22,248.1178436279297,234.33999633789062,324.8086242675781,484.489990234375,974.8381958007812,165.04547119140625,330.6070861816406,330.3074951171875,217.33462524414062,303.6300048828125,1085.568115234375,532.8599853515625,647.0759887695312,450.1126403808594,184.82998657226562,178.17999267578125,449.3599853515625,325.6883850097656,117.58867645263672,132.75514221191406
2026-01-23,247.80812072753906,239.16000366210938,319.3800354003906,478.9700012207031,981.9085693359375,165.10488891601562,328.19879150390625,327.6993103027344,218.97589111328125,297.7200012207031,1062.5167236328125,524.739990234375,658.1964721679688,464.888916015625,187.6598358154297,177.16000366210938,449.05999755859375,325.5087585449219,117.48888397216797,134.0763397216797
2026-01-26,255.17123413085938,238.4199981689453,324.16998291015625,483.4700012207031,976.336181640625,165.8773193359375,333.35516357421875,333.02557373046875,220.3187713623047,301.0400085449219,1060.979248046875,527.3599853515625,671.7847900390625,469.20904541015625,186.4599151611328,182.44000244140625,435.20001220703125,327.8139953613281,117.39906311035156,133.9471893310547
2026-01-27,258.0285339355469,244.67999267578125,332.0933837890625,474.6700134277344,968.956298828125,167.4123077392578,334.76416015625,334.31463623046875,223.25315856933594,300.30999755859375,1037.7779541015625,520.4099731445312,672.394287109375,479.485595703125,188.50979614257812,174.89999389648438,430.8999938964844,324.5906677246094,116.70050048828125,135.92401123046875
2026-01-28,256.2002868652344,243.00999450683594,332.54241943359375,473.489990234375,959.46923828125,168.28378295898438,336.04327392578125,335.7736511230469,226.5158233642578,300.7699890136719,1022.0940551757812,521.3699951171875,668.1578979492188,480.533203125,191.5096435546875,172.8000030517578,431.4599914550781,326.30712890625,116.33125305175781,136.66905212402344
2026-01-29,258.0385437011719,241.72999572753906,330.0376892089844,476.7900085449219,951.5899658203125,169.53158569335938,338.4216003417969,338.0120544433594,226.0880889892578,306.4200134277344,1022.4335327148438,543.72998046875,737.6784057617188,432.5128173828125,192.49957275390625,169.00999450683594,416.55999755859375,331.1171875,117.16954040527344,139.57965087890625
2026-01-30,259.2374267578125,239.3000030517578,330.6064758300781,480.5299987792969,940.25,175.18626403808594,338.29168701171875,337.7622375488281,226.0482940673828,305.8900146484375,1035.421875,538.7899780273438,715.8870849609375,429.31011962890625,191.11965942382812,164.5800018310547,430.4100036621094,321.1676940917969,118.89598846435547,140.4637451171875
2026-02-02,269.7575988769531,242.9600067138672,330.4168701171875,487.2900085449219,968.3599853515625,172.3440704345703,344.6571960449219,343.4482421875,229.52980041503906,308.1400146484375,1042.3902587890625,555.3699951171875,705.8056640625,422.4058837890625,185.59996032714844,160.05999755859375,421.80999755859375,333.15301513671875,123.80591583251953,137.48361206054688
2026-02-03,269.22808837890625,238.6199951171875,319.659423828125,493.739990234375,977.9199829101562,176.31521606445312,340.4601745605469,339.47100830078125,231.86737060546875,314.8500061035156,1001.7880249023438,550.719970703125,691.1082763671875,410.2735595703125,180.33023071289062,154.6699981689453,421.9599914550781,328.25311279296875,127.44844055175781,142.7783203125
2026-02-04,276.23150634765625,232.99000549316406,307.4051513671875,503.8299865722656,978.3499755859375,179.47430419921875,333.1053161621094,332.80572509765625,233.23011779785156,317.2699890136719,1105.2752685546875,553.52001953125,668.417724609375,413.2467956542969,174.18057250976562,146.6699981689453,406.010009765625,329.2710266113281,127.73784637451172,146.61276245117188
2026-02-05,275.6520690917969,222.69000244140625,309.8600158691406,503.8900146484375,989.2899780273438,177.49368286132812,331.09674072265625,331.0169677734375,236.53256225585938,310.1600036621094,1019.1390380859375,551.8900146484375,669.63671875,392.7735290527344,171.87069702148438,136.47999572753906,397.2099914550781,328.45269775390625,126.68002319335938,145.11277770996094
2026-02-06,277.8599853515625,210.32000732421875,332.2231140136719,508.0899963378906,1001.1599731445312,179.10789489746094,322.87255859375,322.63287353515625,238.72093200683594,322.3999938964844,1056.4168701171875,548.739990234375,660.8941650390625,400.22650146484375,185.39996337890625,142.82000732421875,411.1099853515625,330.89764404296875,130.9113311767578,148.0631103515625
2026-02-09,274.6199951171875,208.72000122070312,343.22003173828125,498.0799865722656,997.5900268554688,180.8310546875,324.171630859375,324.09185791015625,237.37806701660156,322.1000061035156,1042.9293212890625,535.3300170898438,676.640625,412.65814208984375,190.0297088623047,156.58999633789062,417.32000732421875,324.9100036621094,128.75576782226562,150.20880126953125
2026-02-10,273.67999267578125,206.9600067138672,339.72735595703125,500.29998779296875,971.22998046875,180.4943389892578,318.40570068359375,318.3558654785156,237.08961486816406,318.2799987792969,1023.2921142578125,540.3900146484375,670.1461791992188,412.328857421875,188.52978515625,159.88999938964844,425.2099914550781,328.1700134277344,126.44050598144531,150.58628845214844
2026-02-11,275.5,204.0800018310547,342.0425109863281,500.0199890136719,978.1400146484375,184.0198516845703,311.1108093261719,310.7412414550781,239.58633422851562,310.82000732421875,1013.5184326171875,537.4600219726562,668.1179809570312,403.4491271972656,190.0397186279297,157.16000366210938,428.2699890136719,329.239990234375,128.5062713623047,154.52999877929688
2026-02-12,261.7300109863281,199.60000610351562,330.4767761230469,500.010009765625,998.8599853515625,180.6329803466797,309.1521911621094,308.7826232910156,243.25682067871094,302.6400146484375,1036.5400390625,527.4600219726562,649.254150390625,400.9248962402344,186.9298858642578,156.47999572753906,417.07000732421875,324.17999267578125,133.3662872314453,149.92999267578125
2026-02-13,255.77999877929688,198.7899932861328,324.48931884765625,497.54998779296875,1018.47998046875,181.9600067138672,305.8045654296875,305.50494384765625,242.16262817382812,302.54998779296875,1040.0,518.3599853515625,639.2227172851562,400.4060974121094,182.80010986328125,160.13999938964844,417.44000244140625,314.0799865722656,133.61578369140625,148.4499969482422
2026-02-17,263.8800048828125,201.14999389648438,331.8439025878906,503.4100036621094,1012.0499877929688,180.5500030517578,302.6068115234375,301.8075256347656,242.04327392578125,307.1300048828125,1036.050048828125,521.9299926757812,638.7431030273438,395.95623779296875,184.95999145507812,153.97000122070312,410.6300048828125,319.5,128.5861053466797,146.19000244140625
2026-02-18,264.3500061035156,204.7899932861328,332.8118591308594,499.07000732421875,996.0800170898438,183.8699951171875,303.7260437011719,303.1166076660156,243.6945037841797,308.7799987792969,1020.5599975585938,527.97998046875,642.6697387695312,398.69000244140625,187.96981811523438,156.1699981689453,411.32000732421875,320.29998779296875,126.36067199707031,150.67999267578125
2026-02-19,260.5799865722656,204.86000061035156,333.29083251953125,496.94000244140625,987.8200073242188,184.77999877929688,303.3462829589844,302.636962890625,245.60433959960938,308.04998779296875,1023.219970703125,520.260009765625,644.2284545898438,398.4599914550781,187.88983154296875,156.5399932861328,411.7099914550781,318.92999267578125,124.6142578125,150.97000122070312
2026-02-20,264.5799865722656,210.11000061035156,331.9536437988281,498.20001220703125,985.27001953125,183.92999267578125,314.6783142089844,314.7584228515625,241.2077178955078,310.7900085449219,1009.52001953125,526.4099731445312,655.09912109375,397.2300109863281,189.8097381591797,148.0800018310547,411.82000732421875,320.95001220703125,122.73810577392578,147.27999877929688
2026-02-23,266.17999267578125,205.27000427246094,329.64849853515625,494.0899963378906,986.02001953125,184.91000366210938,311.4705810546875,311.2708740234375,244.5399932861328,297.6700134277344,1058.56005859375,496.0299987792969,636.7048950195312,384.4700012207031,191.53964233398438,141.30999755859375,399.8299865722656,306.5199890136719,125.55233001708984,150.75999450683594
2026-02-24,272.1400146484375,208.55999755859375,324.8086242675781,494.510009765625,998.4299926757812,185.33999633789062,310.7011413574219,310.6813049316406,246.27999877929688,297.29998779296875,1042.1500244140625,498.0,638.7531127929688,389.0,192.83956909179688,146.13999938964844,409.3800048828125,307.2200012207031,126.49040985107422,149.25999450683594
2026-02-25,274.2300109863281,210.63999938964844,331.6143798828125,493.989990234375,994.760009765625,184.22000122070312,312.80963134765625,312.67987060546875,245.1699981689453,303.29998779296875,1028.8299560546875,509.3900146484375,653.1307983398438,400.6000061035156,195.54940795898438,147.88999938964844,417.3999938964844,312.989990234375,125.4924545288086,149.05999755859375
2026-02-26,272.95001220703125,207.9199981689453,321.0265808105469,502.6700134277344,986.739990234375,184.16000366210938,306.93377685546875,307.1637878417969,243.47000122070312,306.1300048828125,1022.02001953125,514.77001953125,656.447998046875,401.7200012207031,184.87998962402344,150.30999755859375,408.5799865722656,316.70001220703125,124.16517639160156,148.5399932861328
2026-02-27,264.17999267578125,210.0,318.8810729980469,504.95001220703125,1010.7899780273438,186.75999450683594,311.21075439453125,311.54071044921875,248.42999267578125,300.29998779296875,1051.989990234375,517.2100219726562,647.62548828125,392.739990234375,177.180419921875,145.39999389648438,402.510009765625,320.1400146484375,127.68794250488281,152.5
2026-03-02,264.7200012207031,208.38999938964844,318.1526184082031,480.1700134277344,1002.77001953125,189.60000610351562,306.1443176269531,306.3043518066406,248.55999755859375,297.55999755859375,1017.969970703125,521.0,653.0009155273438,398.54998779296875,182.47012329101562,149.25,403.32000732421875,320.510009765625,126.83969116210938,154.22000122070312
2026-03-03,263.75,208.72999572753906,313.18304443359375,481.3599853515625,1007.77001953125,188.77000427246094,303.3462829589844,303.3664245605469,246.75,300.260009765625,1007.72998046875,524.3200073242188,654.5196533203125,403.92999267578125,180.04025268554688,149.00999450683594,392.42999267578125,320.8299865722656,127.64803314208984,151.8300018310547
2026-03-04,262.5199890136719,216.82000732421875,316.86529541015625,487.4800109863281,1006.739990234375,186.02999877929688,303.23638916015625,302.9167785644531,245.3000030517578,299.3900146484375,1003.5700073242188,522.9199829101562,667.1587524414062,405.20001220703125,183.03009033203125,152.3699951171875,405.94000244140625,320.4700012207031,127.54823303222656,149.82000732421875
2026-03-05,260.2900085449219,218.94000244140625,332.0733947753906,500.3999938964844,982.5700073242188,189.89999389648438,300.6981506347656,300.6683349609375,239.6300048828125,293.54998779296875,983.260009765625,524.6599731445312,660.0049438476562,410.67999267578125,183.330078125,154.7899932861328,405.54998779296875,319.79998779296875,123.05744934082031,150.75999450683594
2026-03-06,257.4599914550781,213.2100067138672,329.7882080078125,498.9800109863281,998.0999755859375,189.94000244140625,298.0899963378906,298.30999755859375,240.39999389648438,289.4800109863281,990.3300170898438,522.3400268554688,644.308349609375,408.9599914550781,177.8103790283203,152.9600067138672,396.7300109863281,317.3599853515625,123.54644775390625,151.2100067138672
2026-03-09,259.8800048828125,213.49000549316406,345.0262451171875,497.20001220703125,1005.2999877929688,189.44000244140625,306.010009765625,306.3599853515625,242.58999633789062,289.9200134277344,1008.3900146484375,517.719970703125,646.836181640625,409.4100036621094,182.64010620117188,151.55999755859375,398.67999267578125,315.9700012207031,124.08534240722656,150.44000244140625
2026-03-10,260.8299865722656,214.3300018310547,341.86285400390625,494.1400146484375,997.3599853515625,186.2899932861328,306.92999267578125,307.0400085449219,243.7100067138672,288.7300109863281,1001.3499755859375,514.719970703125,653.510498046875,405.760009765625,184.760009765625,149.39999389648438,399.239990234375,314.42999267578125,124.8637466430664,148.1300048828125
2026-03-11,260.80999755859375,212.64999389648438,340.85498046875,493.57000732421875,992.22998046875,191.7899932861328,308.4200134277344,308.70001220703125,242.99000549316406,287.5199890136719,999.8400268554688,504.0,654.2998046875,404.8800048828125,186.02999877929688,163.1199951171875,407.82000732421875,308.9599914550781,123.2370834350586,151.5800018310547
2026-03-12,255.75999450683594,209.52999877929688,335.2667236328125,491.8900146484375,1003.3200073242188,196.97000122070312,303.2099914550781,303.54998779296875,242.0399932861328,282.8900146484375,977.25,497.30999755859375,637.6340942382812,401.8599853515625,183.13999938964844,159.16000366210938,395.010009765625,306.5,125.07331848144531,153.52999877929688
2026-03-13,250.1199951171875,207.6699981689453,321.4856262207031,490.0299987792969,1008.4299926757812,196.82000732421875,301.4599914550781,302.2799987792969,241.52000427246094,283.44000244140625,985.0800170898438,497.989990234375,613.1849975585938,395.54998779296875,180.25,155.11000061035156,391.20001220703125,307.1400146484375,126.26087188720703,156.1199951171875
2026-03-16,252.82000732421875,211.74000549316406,324.2398681640625,492.2099914550781,1001.739990234375,196.83999633789062,304.4200134277344,305.55999755859375,243.19000244140625,286.1600036621094,989.1199951171875,508.5,627.4500122070312,399.95001220703125,183.22000122070312,155.97000122070312,395.55999755859375,310.1099853515625,125.73196411132812,157.22999572753906
2026-03-17,254.22999572753906,215.1999969482422,320.63739013671875,492.5799865722656,996.1599731445312,197.97000122070312,309.4100036621094,310.9200134277344,238.11000061035156,286.8900146484375,930.3499755859375,506.5799865722656,622.6599731445312,399.4100036621094,181.92999267578125,154.69000244140625,399.2699890136719,308.4599914550781,124.8238296508789,158.80999755859375
2026-03-18,249.94000244140625,209.8699951171875,315.2686462402344,484.4700012207031,979.9199829101562,198.61000061035156,306.29998779296875,307.69000244140625,237.27999877929688,287.739990234375,918.0499877929688,488.4700012207031,615.6799926757812,391.7900085449219,180.39999389648438,152.89999389648438,392.7799987792969,299.0199890136719,121.73017883300781,157.58999633789062
2026-03-19,248.9600067138672,208.75999450683594,319.17047119140625,481.4800109863281,974.780029296875,201.44000244140625,305.7300109863281,307.1300048828125,237.60000610351562,287.9700012207031,917.5,491.1400146484375,606.7000122070312,389.0199890136719,178.55999755859375,155.52000427246094,380.29998779296875,299.7099914550781,120.84199523925781,158.16000366210938
2026-03-20,247.99000549316406,205.3699951171875,309.8600158691406,480.94000244140625,972.3300170898438,201.72999572753906,298.7900085449219,301.0,235.3699951171875,286.55999755859375,906.7000122070312,496.32000732421875,593.6599731445312,381.8699951171875,172.6999969482422,149.67999267578125,367.9599914550781,301.6199951171875,119.0199966430664,159.6699981689453
2026-03-23,251.49000549316406,210.13999938964844,322.510009765625,479.9800109863281,965.72998046875,205.2100067138672,299.0199890136719,302.05999755859375,235.4199981689453,289.9100036621094,910.5499877929688,500.3800048828125,604.0599975585938,383.0,175.63999938964844,154.33999633789062,380.8500061035156,304.44000244140625,120.72000122070312,161.1300048828125
2026-03-24,251.63999938964844,207.24000549316406,318.2900085449219,479.3299865722656,973.8200073242188,206.7899932861328,289.20001220703125,290.44000244140625,235.27000427246094,292.3999938964844,903.02001953125,498.92999267578125,592.9199829101562,372.739990234375,175.1999969482422,147.08999633789062,383.0299987792969,303.760009765625,122.05000305175781,165.3800048828125
